collection,basis,granularity,seed,budget,index_bytes,document_nonzeros,query_nonzeros,document_truncation,query_truncation,peak_rss_kib,off_seconds,on_seconds
arguana,gaussian,pooled,0,native,27146937,768.0,768.0,0.03135808162324187,0.04267425320056899,627856,0.04364414182312755,0.05334943874091954
arguana,gaussian,pooled,0,q16_d64,2350692,64.0,16.0,0.03135808162324187,0.04267425320056899,262136,0.0044830184379211,0.0037380142960761003
arguana,gaussian,pooled,0,q32_d128,4698091,128.0,32.0,0.03135808162324187,0.04267425320056899,294280,0.006677182483027132,0.004584751390470497
arguana,gaussian,pooled,0,q32_d128,4698091,128.0,32.0,0.03135808162324187,0.04267425320056899,294224,0.005411392929308,0.005612690490239948
arguana,gaussian,pooled,0,q32_d128,4698091,128.0,32.0,0.03135808162324187,0.04267425320056899,293976,0.006015819001606378,0.005150671078589021
arguana,gaussian,pooled,0,q64_d256,9264380,256.0,64.0,0.03135808162324187,0.04267425320056899,365788,0.007654913165739036,0.006988528389768519
arguana,gaussian,token,0,native,45297515,1345.5002305741295,1325.1635846372687,0.03135808162324187,0.04267425320056899,905608,0.08346141639127824,0.09785957023309964
arguana,gaussian,token,0,q16_d64,2363424,64.0,16.0,0.03135808162324187,0.04267425320056899,270576,0.003906547509208004,0.0039618826510350235
arguana,gaussian,token,0,q32_d128,4713496,128.0,32.0,0.03135808162324187,0.04267425320056899,299372,0.006636208727767699,0.004758248074181579
arguana,gaussian,token,0,q32_d128,4713496,128.0,32.0,0.03135808162324187,0.04267425320056899,299676,0.005919595293708644,0.0058569267364338064
arguana,gaussian,token,0,q32_d128,4713496,128.0,32.0,0.03135808162324187,0.04267425320056899,299348,0.0054452832711060365,0.005596237518436476
arguana,gaussian,token,0,q64_d256,9341676,256.0,64.0,0.03135808162324187,0.04267425320056899,363600,0.0069152761292464995,0.00708309567190977
arguana,identity,pooled,0,native,26635912,768.0,768.0,0.03135808162324187,0.04267425320056899,627840,0.046435438268413905,0.0568871198925501
arguana,identity,pooled,0,q16_d64,2426440,64.0,16.0,0.03135808162324187,0.04267425320056899,262156,0.004708966290959783,0.003819543811668818
arguana,identity,pooled,0,q32_d128,4827008,128.0,32.0,0.03135808162324187,0.04267425320056899,294688,0.007437038159688106,0.0043952338482620215
arguana,identity,pooled,0,q32_d128,4827008,128.0,32.0,0.03135808162324187,0.04267425320056899,294092,0.005257169461867389,0.0054768504527533905
arguana,identity,pooled,0,q32_d128,4827008,128.0,32.0,0.03135808162324187,0.04267425320056899,293948,0.005576477197275774,0.005296088513523436
arguana,identity,pooled,0,q64_d256,9387107,256.0,64.0,0.03135808162324187,0.04267425320056899,361432,0.008063861204524542,0.006857366900749314
arguana,identity,token,0,native,44766691,1309.3286834217201,1288.2809388335704,0.03135808162324187,0.04267425320056899,886376,0.08016641705481078,0.08439452210484287
arguana,identity,token,0,q16_d64,2440702,64.0,16.0,0.03135808162324187,0.04267425320056899,265968,0.004831121911547792,0.003919465107158367
arguana,identity,token,0,q32_d128,4864294,128.0,32.0,0.03135808162324187,0.04267425320056899,304276,0.00681674770135194,0.004284864700078742
arguana,identity,token,0,q32_d128,4864294,128.0,32.0,0.03135808162324187,0.04267425320056899,300572,0.0023865113505142426,0.0024285310823708816
arguana,identity,token,0,q32_d128,4864294,128.0,32.0,0.03135808162324187,0.04267425320056899,1265064,0.0018082844925736996,0.0010541052756907888
arguana,identity,token,0,q64_d256,9515108,256.0,64.0,0.03135808162324187,0.04267425320056899,369436,0.008399988249557656,0.0067437951544771346
arguana,kmeans,pooled,0,native,148843,4.0,4.0,0.03135808162324187,0.04267425320056899,233552,0.003783971311525835,0.003929731178237854
arguana,kmeans,pooled,0,q16_d64,148843,4.0,4.0,0.03135808162324187,0.04267425320056899,232496,0.0038115662225531375,0.004473364922571742
arguana,kmeans,pooled,0,q32_d128,148843,4.0,4.0,0.03135808162324187,0.04267425320056899,231300,0.004652818035967595,0.003640031565085403
arguana,kmeans,pooled,0,q32_d128,148843,4.0,4.0,0.03135808162324187,0.04267425320056899,232988,0.003990971881553139,0.004120797436859241
arguana,kmeans,pooled,0,q32_d128,148843,4.0,4.0,0.03135808162324187,0.04267425320056899,232876,0.003765293130562356,0.003977030531071381
arguana,kmeans,pooled,0,q64_d256,148843,4.0,4.0,0.03135808162324187,0.04267425320056899,232784,0.0038240292092326864,0.004213496297134211
arguana,kmeans,token,0,native,9189788,227.0198293751441,246.91607396870555,0.03135808162324187,0.04267425320056899,344876,0.010820444313952352,0.01268723588665367
arguana,kmeans,token,0,q16_d64,2561914,63.963799861655524,16.0,0.03135808162324187,0.04267425320056899,256856,0.0034023566059913925,0.0038125209099974795
arguana,kmeans,token,0,q32_d128,5153668,126.86315425409269,32.0,0.03135808162324187,0.04267425320056899,290092,0.005230599200415291,0.003825409333407084
arguana,kmeans,token,0,q32_d128,5153668,126.86315425409269,32.0,0.03135808162324187,0.04267425320056899,290516,0.004107309460797603,0.004621743093407679
arguana,kmeans,token,0,q32_d128,5153668,126.86315425409269,32.0,0.03135808162324187,0.04267425320056899,289664,0.004058585556192194,0.0043346032388985245
arguana,kmeans,token,0,q64_d256,8507810,210.5438090846207,63.99715504978663,0.03135808162324187,0.04267425320056899,331764,0.005970646691168122,0.00645424452478498
arguana,pca,pooled,0,native,14411319,384.0,384.0,0.03135808162324187,0.04267425320056899,421508,0.01861498259113251,0.023033780988887385
arguana,pca,pooled,0,q16_d64,2581234,64.0,16.0,0.03135808162324187,0.04267425320056899,257276,0.003476566189117094,0.0034812311047375476
arguana,pca,pooled,0,q32_d128,5107520,128.0,32.0,0.03135808162324187,0.04267425320056899,293824,0.005481389877293657,0.003981966472987303
arguana,pca,pooled,0,q32_d128,5107520,128.0,32.0,0.03135808162324187,0.04267425320056899,292264,0.0043573117083677785,0.004860377712850889
arguana,pca,pooled,0,q32_d128,5107520,128.0,32.0,0.03135808162324187,0.04267425320056899,292204,0.004279754354928489,0.004603365396287234
arguana,pca,pooled,0,q64_d256,9816246,256.0,64.0,0.03135808162324187,0.04267425320056899,366392,0.005403770224766204,0.005936507990446
arguana,pca,token,0,native,24372648,746.7821074475444,748.7339971550498,0.03135808162324187,0.04267425320056899,616756,0.05004877882600917,0.058348228132543
arguana,pca,token,0,q16_d64,2574214,64.0,16.0,0.03135808162324187,0.04267425320056899,260796,0.0033359317233849577,0.003638851779922419
arguana,pca,token,0,q32_d128,5098324,128.0,32.0,0.03135808162324187,0.04267425320056899,293768,0.005079154771882484,0.004054202937625698
arguana,pca,token,0,q32_d128,5098324,128.0,32.0,0.03135808162324187,0.04267425320056899,294604,0.004507577039631267,0.005023188064183515
arguana,pca,token,0,q32_d128,5098324,128.0,32.0,0.03135808162324187,0.04267425320056899,294272,0.00433871252141008,0.004925960027228559
arguana,pca,token,0,q64_d256,9840927,256.0,64.0,0.03135808162324187,0.04267425320056899,371084,0.005565654213843632,0.006003092552977714
arguana,pq,pooled,0,native,64400,8.0,8.0,0.03135808162324187,0.04267425320056899,223212,0.004233339482323554,0.0037458714347459897
arguana,pq,pooled,0,q16_d64,64400,8.0,8.0,0.03135808162324187,0.04267425320056899,222628,0.003464055159009972,0.004117554922225179
arguana,pq,pooled,0,q32_d128,64400,8.0,8.0,0.03135808162324187,0.04267425320056899,222872,0.00402093320358995,0.0030163013769424975
arguana,pq,pooled,0,q32_d128,64400,8.0,8.0,0.03135808162324187,0.04267425320056899,222544,0.003322100252241617,0.003569381028529029
arguana,pq,pooled,0,q32_d128,64400,8.0,8.0,0.03135808162324187,0.04267425320056899,222240,0.0033568930610150607,0.003530578237526373
arguana,pq,pooled,0,q64_d256,64400,8.0,8.0,0.03135808162324187,0.04267425320056899,222528,0.003518038388582776,0.003805286486157525
arguana,pq,token,0,native,5499355,353.36107908692645,369.7126600284495,0.03135808162324187,0.04267425320056899,406020,0.01808096896188008,0.018623590120114386
arguana,pq,token,0,q16_d64,1166107,63.99227576665898,16.0,0.03135808162324187,0.04267425320056899,256620,0.004118021661223602,0.00456121729062221
arguana,pq,token,0,q32_d128,2258914,127.92367996310814,32.0,0.03135808162324187,0.04267425320056899,287072,0.0047200558386520505,0.004027702661488168
arguana,pq,token,0,q32_d128,2258914,127.92367996310814,32.0,0.03135808162324187,0.04267425320056899,287332,0.004421626544884733,0.004282841721058136
arguana,pq,token,0,q32_d128,2258914,127.92367996310814,32.0,0.03135808162324187,0.04267425320056899,291908,0.004602722919666623,0.004389727492796875
arguana,pq,token,0,q64_d256,4139213,252.27346091768504,64.0,0.03135808162324187,0.04267425320056899,360764,0.007370963445593038,0.007540960911102328
arguana,rq,pooled,0,native,89639,8.0,8.0,0.03135808162324187,0.04267425320056899,224352,0.003486992018118469,0.0033899762695535998
arguana,rq,pooled,0,q16_d64,89639,8.0,8.0,0.03135808162324187,0.04267425320056899,224656,0.0033779395333521736,0.0037079556806378627
arguana,rq,pooled,0,q32_d128,89639,8.0,8.0,0.03135808162324187,0.04267425320056899,224488,0.003669561566533269,0.002684024553898335
arguana,rq,pooled,0,q32_d128,89639,8.0,8.0,0.03135808162324187,0.04267425320056899,224484,0.003245062991456098,0.0031944397596144255
arguana,rq,pooled,0,q32_d128,89639,8.0,8.0,0.03135808162324187,0.04267425320056899,224056,0.0031341668713511964,0.0032093604659969
arguana,rq,pooled,0,q64_d256,89639,8.0,8.0,0.03135808162324187,0.04267425320056899,224628,0.0033832138576803156,0.003470842100071799
arguana,rq,token,0,native,3575272,226.5426562139728,265.81650071123755,0.03135808162324187,0.04267425320056899,344004,0.015477161300414974,0.014072398081154246
arguana,rq,token,0,q16_d64,1209382,63.99043117362232,16.0,0.03135808162324187,0.04267425320056899,253544,0.004455619497432679,0.004039951485871824
arguana,rq,token,0,q32_d128,2220542,127.72930597186996,32.0,0.03135808162324187,0.04267425320056899,290768,0.003932741205512703,0.005328407439411185
arguana,rq,token,0,q32_d128,2220542,127.72930597186996,32.0,0.03135808162324187,0.04267425320056899,286144,0.005134809015889733,0.004991772083683499
arguana,rq,token,0,q32_d128,2220542,127.72930597186996,32.0,0.03135808162324187,0.04267425320056899,291548,0.0048684057276854945,0.0048901618082092205
arguana,rq,token,0,q64_d256,3409297,213.518791791561,64.0,0.03135808162324187,0.04267425320056899,333268,0.00669140083954443,0.007558185415763731
arguana,sae,pooled,0,native,1382892,32.0,32.0,0.03135808162324187,0.04267425320056899,273592,0.004095681087851821,0.0041650820834493296
arguana,sae,pooled,0,q16_d64,1382892,32.0,16.0,0.03135808162324187,0.04267425320056899,277808,0.0034034508558660535,0.003446925567114622
arguana,sae,pooled,0,q32_d128,1382892,32.0,32.0,0.03135808162324187,0.04267425320056899,273188,0.0029885395217069542,0.0040727985297842415
arguana,sae,pooled,0,q32_d128,1382892,32.0,32.0,0.03135808162324187,0.04267425320056899,279604,0.0032223688688918757,0.0037400173851332573
arguana,sae,pooled,0,q32_d128,1382892,32.0,32.0,0.03135808162324187,0.04267425320056899,274252,0.0032177095978413502,0.0036712341134106556
arguana,sae,pooled,0,q64_d256,1382892,32.0,32.0,0.03135808162324187,0.04267425320056899,275224,0.0035932252476996033,0.003728409985161173
arguana,sae,token,0,native,29548430,677.7323034355545,744.9807965860598,0.03135808162324187,0.04267425320056899,581368,0.02470462842381415,0.024680150572937855
arguana,sae,token,0,q16_d64,2701935,63.99804011989855,16.0,0.03135808162324187,0.04267425320056899,298584,0.004110097358364925,0.004046264769255076
arguana,sae,token,0,q32_d128,5504430,127.9906617477519,32.0,0.03135808162324187,0.04267425320056899,320024,0.00346336176732865,0.0044867261354301444
arguana,sae,token,0,q32_d128,5504430,127.9906617477519,32.0,0.03135808162324187,0.04267425320056899,324736,0.003515723867343201,0.004033781675844431
arguana,sae,token,0,q32_d128,5504430,127.9906617477519,32.0,0.03135808162324187,0.04267425320056899,319832,0.0036955210434903483,0.003719054892623418
arguana,sae,token,0,q64_d256,11092139,255.755245561448,64.0,0.03135808162324187,0.04267425320056899,360464,0.006034144095229952,0.006010681885900042
arguana,sae_shared,pooled,0,q32_d128,1351848,32.0,32.0,0.03135808162324187,0.04267425320056899,278192,0.003954191934443204,0.002209063953386188
arguana,sae_shared,token,0,q32_d128,5504344,127.9906617477519,32.0,0.03135808162324187,0.04267425320056899,320260,0.005046271425930208,0.0024049789641465815
fiqa,gaussian,pooled,0,q16_d64,15451964,63.95780561435164,16.0,0.04901280405288178,0.0,440600,0.01067590015907312,0.01058097093877739
fiqa,gaussian,pooled,0,q32_d128,31404680,127.91561122870328,32.0,0.04901280405288178,0.0,687236,0.01702628115028212,0.018807989588642583
fiqa,gaussian,pooled,0,q32_d128,31404680,127.91561122870328,32.0,0.04901280405288178,0.0,686996,0.018142104912031855,0.02055104806901381
fiqa,gaussian,pooled,0,q32_d128,31404680,127.91561122870328,32.0,0.04901280405288178,0.0,686748,0.01729597531425778,0.024679870755026506
fiqa,gaussian,pooled,0,q32_d128,31404680,127.91561122870328,32.0,0.04901280405288178,0.0,687408,0.018233497947940235,0.019172751504991113
fiqa,gaussian,pooled,0,q32_d128,31404680,127.91561122870328,32.0,0.04901280405288178,0.0,687112,0.017723954933764483,0.01773604294385784
fiqa,gaussian,pooled,0,q32_d128,31404680,127.91561122870328,32.0,0.04901280405288178,0.0,687184,0.01624190275065808,0.021827618737725173
fiqa,gaussian,pooled,0,q32_d128,31404680,127.91561122870328,32.0,0.04901280405288178,0.0,687244,0.018116566108577068,0.018885946380948922
fiqa,gaussian,pooled,0,q32_d128,31404680,127.91561122870328,32.0,0.04901280405288178,0.0,687224,0.01779671707355854,0.021793418097522478
fiqa,gaussian,pooled,0,q32_d128,31404680,127.91561122870328,32.0,0.04901280405288178,0.0,687528,0.02054007366704927,0.019387373019852043
fiqa,gaussian,pooled,0,q64_d256,62755784,255.83122245740657,64.0,0.04901280405288178,0.0,1018340,0.032292484383409224,0.03584973001421464
fiqa,gaussian,pooled,1,q32_d128,31268749,127.91561122870328,32.0,0.04901280405288178,0.0,687428,0.01761351940567019,0.017808923158969984
fiqa,gaussian,pooled,2,q32_d128,31435193,127.91561122870328,32.0,0.04901280405288178,0.0,687552,0.015475440234661585,0.015910131090398256
fiqa,gaussian,token,0,q16_d64,16021908,63.95780561435164,16.0,0.04901280405288178,0.0,412924,0.010459875631904989,0.011319695863395608
fiqa,gaussian,token,0,q32_d128,31897356,127.91561122870328,32.0,0.04901280405288178,0.0,630128,0.016749204456214046,0.019040080273155995
fiqa,gaussian,token,0,q32_d128,31897356,127.91561122870328,32.0,0.04901280405288178,0.0,686552,0.017945850061764367,0.019352320199372407
fiqa,gaussian,token,0,q32_d128,31897356,127.91561122870328,32.0,0.04901280405288178,0.0,687588,0.01909121303901042,0.018875721336865544
fiqa,gaussian,token,0,q32_d128,31897356,127.91561122870328,32.0,0.04901280405288178,0.0,686884,0.01813039621216084,0.019220820033454256
fiqa,gaussian,token,0,q32_d128,31897356,127.91561122870328,32.0,0.04901280405288178,0.0,685424,0.02051063268919717,0.02149636879273012
fiqa,gaussian,token,0,q32_d128,31897356,127.91561122870328,32.0,0.04901280405288178,0.0,687360,0.016540357206350217,0.019776638018407136
fiqa,gaussian,token,0,q32_d128,31897356,127.91561122870328,32.0,0.04901280405288178,0.0,628996,0.019820578416441508,0.019931433345464253
fiqa,gaussian,token,0,q32_d128,31897356,127.91561122870328,32.0,0.04901280405288178,0.0,630140,0.020744304031846517,0.024983651165341684
fiqa,gaussian,token,0,q32_d128,31897356,127.91561122870328,32.0,0.04901280405288178,0.0,629928,0.019427854610882974,0.018949044246031086
fiqa,gaussian,token,0,q64_d256,63119551,255.83122245740657,64.0,0.04901280405288178,0.0,1018836,0.035548236064058096,0.03276480351327516
fiqa,gaussian,token,1,q32_d128,31766744,127.91561122870328,32.0,0.04901280405288178,0.0,629540,0.017958384339574057,0.018182627688216643
fiqa,gaussian,token,2,q32_d128,31900635,127.91561122870328,32.0,0.04901280405288178,0.0,687584,0.016330458896082284,0.015419102609473751
fiqa,identity,pooled,0,q16_d64,16147048,63.95780561435164,16.0,0.04901280405288178,0.0,412540,0.009072341446342223,0.011429186530244525
fiqa,identity,pooled,0,q32_d128,32555994,127.91561122870328,32.0,0.04901280405288178,0.0,675880,0.012590707680368567,0.01815476016656001
fiqa,identity,pooled,0,q32_d128,32555994,127.91561122870328,32.0,0.04901280405288178,0.0,673960,0.012880653683685434,0.01715594524069241
fiqa,identity,pooled,0,q32_d128,32555994,127.91561122870328,32.0,0.04901280405288178,0.0,675096,0.012095616794806434,0.01611610972408757
fiqa,identity,pooled,0,q32_d128,32555994,127.91561122870328,32.0,0.04901280405288178,0.0,673088,0.013801740037628024,0.017438917177913273
fiqa,identity,pooled,0,q32_d128,32555994,127.91561122870328,32.0,0.04901280405288178,0.0,672600,0.013976421604582604,0.017552718540644965
fiqa,identity,pooled,0,q32_d128,32555994,127.91561122870328,32.0,0.04901280405288178,0.0,686760,0.014532798267024236,0.016038475289400438
fiqa,identity,pooled,0,q32_d128,32555994,127.91561122870328,32.0,0.04901280405288178,0.0,672436,0.013551134006752645,0.016696758537027227
fiqa,identity,pooled,0,q32_d128,32555994,127.91561122870328,32.0,0.04901280405288178,0.0,673400,0.014208952459020908,0.016919498065598653
fiqa,identity,pooled,0,q32_d128,32555994,127.91561122870328,32.0,0.04901280405288178,0.0,672996,0.014284151521106079,0.016928751814613164
fiqa,identity,pooled,0,q64_d256,63835064,255.83122245740657,64.0,0.04901280405288178,0.0,1017992,0.02869478642457613,0.029933402636361503
fiqa,identity,token,0,q16_d64,16529963,63.95780561435164,16.0,0.04901280405288178,0.0,412444,0.010632730607607367,0.012059708942593087
fiqa,identity,token,0,q32_d128,32831922,127.91561122870328,32.0,0.04901280405288178,0.0,673540,0.013860646773626983,0.017832164806069483
fiqa,identity,token,0,q32_d128,32831922,127.91561122870328,32.0,0.04901280405288178,0.0,687104,0.014375088662757067,0.0166290863801547
fiqa,identity,token,0,q32_d128,32831922,127.91561122870328,32.0,0.04901280405288178,0.0,629780,0.013920998842854996,0.01898526846191179
fiqa,identity,token,0,q32_d128,32831922,127.91561122870328,32.0,0.04901280405288178,0.0,687376,0.01637190256668772,0.0186081120778841
fiqa,identity,token,0,q32_d128,32831922,127.91561122870328,32.0,0.04901280405288178,0.0,687552,0.01645402473334315,0.01869707390411619
fiqa,identity,token,0,q32_d128,32831922,127.91561122870328,32.0,0.04901280405288178,0.0,629760,0.01696289668217543,0.014703705655353397
fiqa,identity,token,0,q32_d128,32831922,127.91561122870328,32.0,0.04901280405288178,0.0,629432,0.015218865384353486,0.018398993673021502
fiqa,identity,token,0,q32_d128,32831922,127.91561122870328,32.0,0.04901280405288178,0.0,629908,0.015122031969777136,0.018007754330253114
fiqa,identity,token,0,q32_d128,32831922,127.91561122870328,32.0,0.04901280405288178,0.0,686792,0.015257069701616319,0.01850087979066841
fiqa,identity,token,0,q64_d256,64160706,255.83122245740657,64.0,0.04901280405288178,0.0,1016776,0.029556041750496392,0.029570747348681137
fiqa,kmeans,pooled,0,q16_d64,1098589,4.0,4.0,0.04901280405288178,0.0,215196,0.00547342506103666,0.005226030713665862
fiqa,kmeans,pooled,0,q32_d128,1098589,4.0,4.0,0.04901280405288178,0.0,219268,0.004764987784581558,0.0052948984537377125
fiqa,kmeans,pooled,0,q32_d128,1098589,4.0,4.0,0.04901280405288178,0.0,219420,0.005458429462224659,0.005480147678660873
fiqa,kmeans,pooled,0,q32_d128,1098589,4.0,4.0,0.04901280405288178,0.0,219600,0.005645670843983276,0.004730887933818186
fiqa,kmeans,pooled,0,q32_d128,1098589,4.0,4.0,0.04901280405288178,0.0,218780,0.0066642289360364275,0.00519765574049584
fiqa,kmeans,pooled,0,q32_d128,1098589,4.0,4.0,0.04901280405288178,0.0,219108,0.0057350922516765605,0.005311647559053345
fiqa,kmeans,pooled,0,q32_d128,1098589,4.0,4.0,0.04901280405288178,0.0,219580,0.004724693922239735,0.005238907627637762
fiqa,kmeans,pooled,0,q32_d128,1098589,4.0,4.0,0.04901280405288178,0.0,219120,0.005595929005878897,0.005724715865518966
fiqa,kmeans,pooled,0,q32_d128,1098589,4.0,4.0,0.04901280405288178,0.0,219048,0.005894935581715272,0.005248393096320078
fiqa,kmeans,pooled,0,q32_d128,1098589,4.0,4.0,0.04901280405288178,0.0,219852,0.0048370486226674446,0.005103342377014436
fiqa,kmeans,pooled,0,q64_d256,1098589,4.0,4.0,0.04901280405288178,0.0,219224,0.004410485258788721,0.005647759205147187
fiqa,kmeans,pooled,1,q32_d128,1098111,4.0,4.0,0.04901280405288178,0.0,214520,0.003963262654041849,0.004401371814669857
fiqa,kmeans,pooled,2,q32_d128,1101448,4.0,4.0,0.04901280405288178,0.0,219064,0.0047471406492318406,0.004410045379183519
fiqa,kmeans,token,0,q16_d64,17827299,63.29425032096881,15.878086419753087,0.04901280405288178,0.0,424920,0.0055756597085510964,0.005545702447430633
fiqa,kmeans,token,0,q32_d128,32670679,115.74469967729623,26.924382716049383,0.04901280405288178,0.0,588764,0.008660470390617618,0.008124226351760121
fiqa,kmeans,token,0,q32_d128,32670679,115.74469967729623,26.924382716049383,0.04901280405288178,0.0,588364,0.008174629800774755,0.007849945764008473
fiqa,kmeans,token,0,q32_d128,32670679,115.74469967729623,26.924382716049383,0.04901280405288178,0.0,588820,0.008260583115186841,0.007330968403645481
fiqa,kmeans,token,0,q32_d128,32670679,115.74469967729623,26.924382716049383,0.04901280405288178,0.0,588432,0.008523579091868468,0.007507447352744984
fiqa,kmeans,token,0,q32_d128,32670679,115.74469967729623,26.924382716049383,0.04901280405288178,0.0,588700,0.007097867229108319,0.0080685912923209
fiqa,kmeans,token,0,q32_d128,32670679,115.74469967729623,26.924382716049383,0.04901280405288178,0.0,589120,0.006946212607780816,0.0076754542066209755
fiqa,kmeans,token,0,q32_d128,32670679,115.74469967729623,26.924382716049383,0.04901280405288178,0.0,588928,0.007576914955100137,0.0069976260534913085
fiqa,kmeans,token,0,q32_d128,32670679,115.74469967729623,26.924382716049383,0.04901280405288178,0.0,589020,0.007252931634731659,0.007489665089474048
fiqa,kmeans,token,0,q32_d128,32670679,115.74469967729623,26.924382716049383,0.04901280405288178,0.0,588384,0.008472525712640174,0.008499774276307657
fiqa,kmeans,token,0,q64_d256,43894857,156.0036434296818,30.151234567901234,0.04901280405288178,0.0,699064,0.008666715603019973,0.008543814231000587
fiqa,kmeans,token,1,q32_d128,32454850,115.49342447690759,27.20679012345679,0.04901280405288178,0.0,588268,0.008134004718158394,0.007215431991987574
fiqa,kmeans,token,2,q32_d128,32703793,115.99243554599396,26.97067901234568,0.04901280405288178,0.0,589684,0.007720543822218998,0.006992027380167403
fiqa,pca,pooled,0,q16_d64,17540824,64.0,16.0,0.04901280405288178,0.0,426836,0.00628384210910924,0.007361125199549636
fiqa,pca,pooled,0,q32_d128,34899586,128.0,32.0,0.04901280405288178,0.0,687460,0.011317501309181185,0.011176977666629548
fiqa,pca,pooled,0,q32_d128,34899586,128.0,32.0,0.04901280405288178,0.0,687636,0.011336097233989104,0.010676658764067624
fiqa,pca,pooled,0,q32_d128,34899586,128.0,32.0,0.04901280405288178,0.0,630216,0.010551767510341849,0.011895069816540697
fiqa,pca,pooled,0,q32_d128,34899586,128.0,32.0,0.04901280405288178,0.0,630168,0.011070508015109226,0.012586967122775537
fiqa,pca,pooled,0,q32_d128,34899586,128.0,32.0,0.04901280405288178,0.0,688196,0.011628897432712148,0.011686095732183736
fiqa,pca,pooled,0,q32_d128,34899586,128.0,32.0,0.04901280405288178,0.0,630388,0.00876698843534047,0.010581848801567829
fiqa,pca,pooled,0,q32_d128,34899586,128.0,32.0,0.04901280405288178,0.0,630320,0.010851877799363991,0.012102198741760932
fiqa,pca,pooled,0,q32_d128,34899586,128.0,32.0,0.04901280405288178,0.0,630152,0.010796838816194967,0.011629399456181506
fiqa,pca,pooled,0,q32_d128,34899586,128.0,32.0,0.04901280405288178,0.0,630380,0.010103812356074169,0.011185773590473274
fiqa,pca,pooled,0,q64_d256,66685730,256.0,64.0,0.04901280405288178,0.0,1019120,0.020758241913022682,0.02135036739033509
fiqa,pca,token,0,q16_d64,17778365,63.95780561435164,16.0,0.04901280405288178,0.0,416480,0.008023476020438758,0.008029744570520074
fiqa,pca,token,0,q32_d128,34928189,127.91561122870328,32.0,0.04901280405288178,0.0,687536,0.012007558277095265,0.014973613673197335
fiqa,pca,token,0,q32_d128,34928189,127.91561122870328,32.0,0.04901280405288178,0.0,629868,0.011824111034878081,0.013831492278431714
fiqa,pca,token,0,q32_d128,34928189,127.91561122870328,32.0,0.04901280405288178,0.0,630156,0.011854246547977428,0.013560731170187348
fiqa,pca,token,0,q32_d128,34928189,127.91561122870328,32.0,0.04901280405288178,0.0,629544,0.0126769124518758,0.012160068990470105
fiqa,pca,token,0,q32_d128,34928189,127.91561122870328,32.0,0.04901280405288178,0.0,630016,0.012857482791231532,0.012376843805764055
fiqa,pca,token,0,q32_d128,34928189,127.91561122870328,32.0,0.04901280405288178,0.0,629664,0.011719338916368598,0.014457027504384448
fiqa,pca,token,0,q32_d128,34928189,127.91561122870328,32.0,0.04901280405288178,0.0,629212,0.012918808372090513,0.012559526773488702
fiqa,pca,token,0,q32_d128,34928189,127.91561122870328,32.0,0.04901280405288178,0.0,687152,0.014429096466671952,0.01277950129121036
fiqa,pca,token,0,q32_d128,34928189,127.91561122870328,32.0,0.04901280405288178,0.0,687092,0.01165892821693517,0.011545433929077935
fiqa,pca,token,0,q64_d256,67059507,255.83122245740657,64.0,0.04901280405288178,0.0,1018960,0.022161865616964614,0.022194554394737668
fiqa,pq,pooled,0,q16_d64,617158,8.0,8.0,0.04901280405288178,0.0,225548,0.004175677052972102,0.0047700462117647455
fiqa,pq,pooled,0,q32_d128,617158,8.0,8.0,0.04901280405288178,0.0,224972,0.00412775627387699,0.003595682252327808
fiqa,pq,pooled,0,q32_d128,617158,8.0,8.0,0.04901280405288178,0.0,225492,0.0037530775470831605,0.003949188302848833
fiqa,pq,pooled,0,q32_d128,617158,8.0,8.0,0.04901280405288178,0.0,224908,0.004050706833008861,0.004006180129686577
fiqa,pq,pooled,0,q32_d128,617158,8.0,8.0,0.04901280405288178,0.0,225456,0.0033612947445362806,0.003949029906509145
fiqa,pq,pooled,0,q32_d128,617158,8.0,8.0,0.04901280405288178,0.0,226692,0.004321691726354514,0.004263200347648106
fiqa,pq,pooled,0,q32_d128,617158,8.0,8.0,0.04901280405288178,0.0,225172,0.004123206630875184,0.004747053408523861
fiqa,pq,pooled,0,q32_d128,617158,8.0,8.0,0.04901280405288178,0.0,224464,0.004205840715583713,0.00374340896033337
fiqa,pq,pooled,0,q32_d128,617158,8.0,8.0,0.04901280405288178,0.0,226764,0.003998081612308728,0.003924616476676117
fiqa,pq,pooled,0,q32_d128,617158,8.0,8.0,0.04901280405288178,0.0,224764,0.004044308890890399,0.003931079524422616
fiqa,pq,pooled,0,q64_d256,617158,8.0,8.0,0.04901280405288178,0.0,225488,0.004226768556781067,0.004776826799907549
fiqa,pq,pooled,1,q32_d128,622877,8.0,8.0,0.04901280405288178,0.0,225400,0.003809146949932278,0.0035254230972862352
fiqa,pq,pooled,2,q32_d128,595662,8.0,8.0,0.04901280405288178,0.0,224808,0.0037512044522215694,0.0036224664230601012
fiqa,pq,token,0,q16_d64,8247239,63.86036989486103,16.0,0.04901280405288178,0.0,412052,0.005526030379747052,0.00619981635324542
fiqa,pq,token,0,q32_d128,15665528,126.71759950032964,31.800925925925927,0.04901280405288178,0.0,682304,0.007660284583071638,0.008465718056138513
fiqa,pq,token,0,q32_d128,15665528,126.71759950032964,31.800925925925927,0.04901280405288178,0.0,682576,0.008209956409610853,0.008764665371545785
fiqa,pq,token,0,q32_d128,15665528,126.71759950032964,31.800925925925927,0.04901280405288178,0.0,683140,0.008625358122869475,0.008261584879451053
fiqa,pq,token,0,q32_d128,15665528,126.71759950032964,31.800925925925927,0.04901280405288178,0.0,683192,0.008481057661507899,0.00829343533504145
fiqa,pq,token,0,q32_d128,15665528,126.71759950032964,31.800925925925927,0.04901280405288178,0.0,653700,0.008467668607072145,0.007546589660593366
fiqa,pq,token,0,q32_d128,15665528,126.71759950032964,31.800925925925927,0.04901280405288178,0.0,682984,0.008595660789855353,0.009667435245240613
fiqa,pq,token,0,q32_d128,15665528,126.71759950032964,31.800925925925927,0.04901280405288178,0.0,653992,0.007893593169829268,0.008835372621018186
fiqa,pq,token,0,q32_d128,15665528,126.71759950032964,31.800925925925927,0.04901280405288178,0.0,682388,0.008267580705082597,0.007891567488614883
fiqa,pq,token,0,q32_d128,15665528,126.71759950032964,31.800925925925927,0.04901280405288178,0.0,653876,0.0077866171695073535,0.008083662250291924
fiqa,pq,token,0,q64_d256,26249729,226.69272008050245,52.75308641975309,0.04901280405288178,0.0,924920,0.012749447068343238,0.0126955237215885
fiqa,pq,token,1,q32_d128,15646107,126.77211214823554,31.796296296296298,0.04901280405288178,0.0,682696,0.00720466079727896,0.007337471583418341
fiqa,pq,token,2,q32_d128,15658285,126.72986571359172,31.819444444444443,0.04901280405288178,0.0,682688,0.007567484604401721,0.007796471915495248
fiqa,rq,pooled,0,q16_d64,680667,8.0,8.0,0.04901280405288178,0.0,225340,0.005120772269790142,0.004938795748684142
fiqa,rq,pooled,0,q32_d128,680667,8.0,8.0,0.04901280405288178,0.0,225616,0.003552886657057514,0.003663432050674556
fiqa,rq,pooled,0,q32_d128,680667,8.0,8.0,0.04901280405288178,0.0,224364,0.003520817717574652,0.0038754290334857356
fiqa,rq,pooled,0,q32_d128,680667,8.0,8.0,0.04901280405288178,0.0,225788,0.0038434339261090634,0.0045944802225193725
fiqa,rq,pooled,0,q32_d128,680667,8.0,8.0,0.04901280405288178,0.0,225660,0.004299344765137375,0.0039916408329449
fiqa,rq,pooled,0,q32_d128,680667,8.0,8.0,0.04901280405288178,0.0,223868,0.004384848651372724,0.004123226679821303
fiqa,rq,pooled,0,q32_d128,680667,8.0,8.0,0.04901280405288178,0.0,226552,0.00445974683518418,0.004286849868403357
fiqa,rq,pooled,0,q32_d128,680667,8.0,8.0,0.04901280405288178,0.0,224716,0.004274282641823829,0.0039036274890495853
fiqa,rq,pooled,0,q32_d128,680667,8.0,8.0,0.04901280405288178,0.0,224620,0.0037864105277234847,0.004000147227571564
fiqa,rq,pooled,0,q32_d128,680667,8.0,8.0,0.04901280405288178,0.0,225488,0.0039254981071550265,0.004141071391648349
fiqa,rq,pooled,0,q64_d256,680667,8.0,8.0,0.04901280405288178,0.0,225568,0.003948119233641198,0.004884079419562225
fiqa,rq,pooled,1,q32_d128,676600,8.0,8.0,0.04901280405288178,0.0,225944,0.004128756527975777,0.0038319581114962973
fiqa,rq,pooled,2,q32_d128,661820,8.0,8.0,0.04901280405288178,0.0,224472,0.0033738058927055034,0.004106348819519037
fiqa,rq,token,0,q16_d64,8398567,63.85429751205802,16.0,0.04901280405288178,0.0,441352,0.006293422962541773,0.0062348990795277285
fiqa,rq,token,0,q32_d128,15192769,125.69284152815851,31.825617283950617,0.04901280405288178,0.0,649972,0.009118301106579487,0.010307588588653339
fiqa,rq,token,0,q32_d128,15192769,125.69284152815851,31.825617283950617,0.04901280405288178,0.0,679744,0.008556443005714013,0.008931666743772012
fiqa,rq,token,0,q32_d128,15192769,125.69284152815851,31.825617283950617,0.04901280405288178,0.0,679192,0.008197162409218165,0.009513040728591106
fiqa,rq,token,0,q32_d128,15192769,125.69284152815851,31.825617283950617,0.04901280405288178,0.0,678468,0.008566047859746089,0.0097346615784997
fiqa,rq,token,0,q32_d128,15192769,125.69284152815851,31.825617283950617,0.04901280405288178,0.0,678900,0.010089653845226828,0.009870061099336677
fiqa,rq,token,0,q32_d128,15192769,125.69284152815851,31.825617283950617,0.04901280405288178,0.0,679476,0.010486312626636829,0.011115202896532683
fiqa,rq,token,0,q32_d128,15192769,125.69284152815851,31.825617283950617,0.04901280405288178,0.0,678708,0.00943630609738951,0.00999331576778427
fiqa,rq,token,0,q32_d128,15192769,125.69284152815851,31.825617283950617,0.04901280405288178,0.0,678820,0.008787050593880085,0.012574319284693856
fiqa,rq,token,0,q32_d128,15192769,125.69284152815851,31.825617283950617,0.04901280405288178,0.0,678624,0.009655854902244576,0.011063623288430757
fiqa,rq,token,0,q64_d256,20701919,183.70077032513274,52.40277777777778,0.04901280405288178,0.0,786744,0.013402018926744521,0.014132480132738474
fiqa,rq,token,1,q32_d128,15170650,125.84638606474896,31.84104938271605,0.04901280405288178,0.0,679972,0.007628158102800817,0.007810533564123843
fiqa,rq,token,2,q32_d128,15241407,125.73855789583261,31.859567901234566,0.04901280405288178,0.0,678364,0.00836454982938314,0.007305340003509672
fiqa,sae,pooled,0,q16_d64,9696662,32.0,16.0,0.04901280405288178,0.0,312168,0.004049639986830844,0.005497332766902185
fiqa,sae,pooled,0,q32_d128,9696662,32.0,32.0,0.04901280405288178,0.0,311752,0.00493010862969023,0.005164061737660732
fiqa,sae,pooled,0,q32_d128,9696662,32.0,32.0,0.04901280405288178,0.0,310876,0.004882473853218404,0.005595306010002753
fiqa,sae,pooled,0,q32_d128,9696662,32.0,32.0,0.04901280405288178,0.0,310984,0.004826726934823702,0.0047172555070439425
fiqa,sae,pooled,0,q32_d128,9696662,32.0,32.0,0.04901280405288178,0.0,311364,0.00415127944125058,0.006227816510399413
fiqa,sae,pooled,0,q32_d128,9696662,32.0,32.0,0.04901280405288178,0.0,312180,0.0045214549751153195,0.005653497040412607
fiqa,sae,pooled,0,q32_d128,9696662,32.0,32.0,0.04901280405288178,0.0,311396,0.005141790880804398,0.004286592323218047
fiqa,sae,pooled,0,q32_d128,9696662,32.0,32.0,0.04901280405288178,0.0,311120,0.004365156548755979,0.005219097102612809
fiqa,sae,pooled,0,q32_d128,9696662,32.0,32.0,0.04901280405288178,0.0,311276,0.004593226547355844,0.0050898451389698885
fiqa,sae,pooled,0,q32_d128,9696662,32.0,32.0,0.04901280405288178,0.0,311432,0.0047516142568597,0.004515582104184792
fiqa,sae,pooled,0,q64_d256,9696662,32.0,32.0,0.04901280405288178,0.0,311812,0.00514618792415907,0.006544898673000941
fiqa,sae,pooled,1,q32_d128,9704395,32.0,32.0,0.04901280405288178,0.0,312040,0.004658244346501306,0.004837070905422378
fiqa,sae,pooled,2,q32_d128,9705886,32.0,32.0,0.04901280405288178,0.0,311872,0.00450001957137885,0.0037805095762675515
fiqa,sae,token,0,q16_d64,18923260,63.95697283042437,16.0,0.04901280405288178,0.0,427520,0.006276820848816661,0.006556307669889964
fiqa,sae,token,0,q32_d128,38312510,127.84668100905652,32.0,0.04901280405288178,0.0,656660,0.008846380698989019,0.01009860729229533
fiqa,sae,token,0,q32_d128,38312510,127.84668100905652,32.0,0.04901280405288178,0.0,686616,0.008546335822083402,0.008549875506475844
fiqa,sae,token,0,q32_d128,38312510,127.84668100905652,32.0,0.04901280405288178,0.0,686232,0.008770171400550524,0.00859697368520565
fiqa,sae,token,0,q32_d128,38312510,127.84668100905652,32.0,0.04901280405288178,0.0,686884,0.00910993810472895,0.008920962357804478
fiqa,sae,token,0,q32_d128,38312510,127.84668100905652,32.0,0.04901280405288178,0.0,686516,0.008839464385312534,0.007534987448763539
fiqa,sae,token,0,q32_d128,38312510,127.84668100905652,32.0,0.04901280405288178,0.0,658316,0.008163491356327417,0.009602016237575882
fiqa,sae,token,0,q32_d128,38312510,127.84668100905652,32.0,0.04901280405288178,0.0,687160,0.009892885903770358,0.007857087007177603
fiqa,sae,token,0,q32_d128,38312510,127.84668100905652,32.0,0.04901280405288178,0.0,658360,0.00897955817830128,0.007399887479281191
fiqa,sae,token,0,q32_d128,38312510,127.84668100905652,32.0,0.04901280405288178,0.0,655140,0.009014545666430444,0.007349745191872281
fiqa,sae,token,0,q64_d256,76471450,253.55256948540892,64.0,0.04901280405288178,0.0,1012556,0.013359057899193701,0.017443139466779008
fiqa,sae,token,1,q32_d128,38262326,127.85127867032166,32.0,0.04901280405288178,0.0,658144,0.007571063923540261,0.006644412332622587
fiqa,sae,token,2,q32_d128,38103755,127.85323918248378,32.0,0.04901280405288178,0.0,686828,0.0076391485862485654,0.006316259195079544
fiqa,sae_shared,pooled,0,q32_d128,9368334,32.0,32.0,0.04901280405288178,0.0,309924,0.005022076696206321,0.0051678648638182586
fiqa,sae_shared,token,0,q32_d128,38312571,127.84668100905652,32.0,0.04901280405288178,0.0,685336,0.006817003638040918,0.007452477431887715
limit,gaussian,pooled,0,q16_d64,13187433,64.0,16.0,0.0,0.0,408020,0.007980057332664728,0.008083584090461955
limit,gaussian,pooled,0,q32_d128,25960178,128.0,32.0,0.0,0.0,633544,0.015611306602600962,0.014990947795566171
limit,gaussian,pooled,0,q64_d256,51352578,256.0,64.0,0.0,0.0,926372,0.025804132351418957,0.03135701698809862
limit,gaussian,token,0,q16_d64,12881925,64.0,16.0,0.0,0.0,408260,0.007684011301491409,0.008396353882038967
limit,gaussian,token,0,q32_d128,26257461,128.0,32.0,0.0,0.0,633596,0.015013540912419557,0.01450935312337242
limit,gaussian,token,0,q64_d256,52297616,256.0,64.0,0.0,0.0,925528,0.02318161282502115,0.029661344093969092
limit,identity,pooled,0,q16_d64,13513275,64.0,16.0,0.0,0.0,413196,0.0084465630131308,0.008995200068224221
limit,identity,pooled,0,q32_d128,26702810,128.0,32.0,0.0,0.0,633624,0.013701641204068438,0.014920625035651029
limit,identity,pooled,0,q64_d256,52199143,256.0,64.0,0.0,0.0,929876,0.023217156016035006,0.029107081332942472
limit,identity,token,0,q16_d64,13606165,64.0,16.0,0.0,0.0,407420,0.009258541236165912,0.00866848050407134
limit,identity,token,0,q32_d128,27109530,128.0,32.0,0.0,0.0,633988,0.013787627881392837,0.016032031852751972
limit,identity,token,0,q64_d256,52699812,256.0,64.0,0.0,0.0,930624,0.022866107564186677,0.029061343071749433
limit,kmeans,pooled,0,q16_d64,715724,4.0,4.0,0.0,0.0,237808,0.023227839440107347,0.025278649903601035
limit,kmeans,pooled,0,q32_d128,715724,4.0,4.0,0.0,0.0,229232,0.02153694285522215,0.01790112483431585
limit,kmeans,pooled,0,q64_d256,715724,4.0,4.0,0.0,0.0,237936,0.021824501413851977,0.027528767657233402
limit,kmeans,token,0,q16_d64,12877856,64.0,15.845,0.0,0.0,408288,0.005239666484761983,0.005949457679176703
limit,kmeans,token,0,q32_d128,27723589,128.0,20.239,0.0,0.0,633372,0.0075183488139882685,0.009632805072935298
limit,kmeans,token,0,q64_d256,40939810,189.296,20.241,0.0,0.0,740568,0.010162523045903071,0.01064314290531911
limit,pca,pooled,0,q16_d64,14322173,64.0,16.0,0.0,0.0,407972,0.005532019561622292,0.006411339962854982
limit,pca,pooled,0,q32_d128,28306844,128.0,32.0,0.0,0.0,633660,0.009249032670399174,0.010401107342913747
limit,pca,pooled,0,q64_d256,55228898,256.0,64.0,0.0,0.0,925904,0.016433685327647253,0.02263666727207601
limit,pca,token,0,q16_d64,14256663,64.0,16.0,0.0,0.0,407160,0.007432658207369968,0.00861716273217462
limit,pca,token,0,q32_d128,28638986,128.0,32.0,0.0,0.0,633760,0.011075192987220362,0.01032261284836568
limit,pca,token,0,q64_d256,55387137,256.0,64.0,0.0,0.0,930500,0.018595885675866158,0.02356874263798818
limit,pq,pooled,0,q16_d64,93135,8.0,8.0,0.0,0.0,236488,0.023357465836685153,0.02138512790738605
limit,pq,pooled,0,q32_d128,93135,8.0,8.0,0.0,0.0,236676,0.022787196886958554,0.017898671671748162
limit,pq,pooled,0,q64_d256,93135,8.0,8.0,0.0,0.0,237104,0.02224801922100596,0.02133141481736675
limit,pq,token,0,q16_d64,5427312,64.0,16.0,0.0,0.0,407184,0.005582559076137841,0.006347365075489506
limit,pq,token,0,q32_d128,10764594,128.0,31.516,0.0,0.0,633068,0.006366753868991509,0.006822743420489132
limit,pq,token,0,q64_d256,20515862,255.9643,36.717,0.0,0.0,925924,0.011704181442968547,0.012234834281494841
limit,rq,pooled,0,q16_d64,290832,8.0,8.0,0.0,0.0,238756,0.007388983355369419,0.007168430198915303
limit,rq,pooled,0,q32_d128,290832,8.0,8.0,0.0,0.0,238236,0.006816632616333663,0.005176623989129439
limit,rq,pooled,0,q64_d256,290832,8.0,8.0,0.0,0.0,237984,0.00784474650141783,0.006649549564812333
limit,rq,token,0,q16_d64,5839616,64.0,16.0,0.0,0.0,407396,0.005983005532063544,0.006247717476217076
limit,rq,token,0,q32_d128,11108887,128.0,30.804,0.0,0.0,633036,0.008650277787819505,0.007292142069665715
limit,rq,token,0,q64_d256,19756809,247.36682,34.076,0.0,0.0,906472,0.01338182835956104,0.012722823790740221
limit,sae,pooled,0,q16_d64,6995770,32.0,16.0,0.0,0.0,307580,0.01653581377118826,0.015236320981523022
limit,sae,pooled,0,q32_d128,6995770,32.0,32.0,0.0,0.0,308640,0.008318255667807535,0.007882644636556507
limit,sae,pooled,0,q64_d256,6995770,32.0,32.0,0.0,0.0,307548,0.011036142248194665,0.0085858617676422
limit,sae,token,0,q16_d64,15030246,64.0,16.0,0.0,0.0,413628,0.005902481894940138,0.005581990395672619
limit,sae,token,0,q32_d128,30488446,128.0,32.0,0.0,0.0,634192,0.0067971943560987715,0.006689664529636502
limit,sae,token,0,q64_d256,61640450,256.0,64.0,0.0,0.0,926512,0.012955555061111226,0.013869976678397506
limit,sae_shared,pooled,0,q32_d128,7656623,32.0,32.0,0.0,0.0,308124,0.004897344022290781,0.002928559152642265
limit,sae_shared,token,0,q32_d128,30489180,128.0,32.0,0.0,0.0,633576,0.006621328054228798,0.004084233737317845
miracl_bn,gaussian,pooled,0,q16_d64,81419994,64.0,16.0,0.012927858981043849,0.0,1474448,0.016176799649300185,0.013042802000169048
miracl_bn,gaussian,pooled,0,q32_d128,163233698,128.0,32.0,0.012927858981043849,0.0,1733256,0.028457416697924183,0.018769546302030923
miracl_bn,gaussian,pooled,0,q32_d128,163233698,128.0,32.0,0.012927858981043849,0.0,1734656,0.023581505831843128,0.02251731293443635
miracl_bn,gaussian,pooled,0,q32_d128,163233698,128.0,32.0,0.012927858981043849,0.0,1727952,0.025072573472285715,0.019651470863919728
miracl_bn,gaussian,pooled,0,q32_d128,163233698,128.0,32.0,0.012927858981043849,0.0,1727280,0.0236064737935725,0.021244501182922773
miracl_bn,gaussian,pooled,0,q32_d128,163233698,128.0,32.0,0.012927858981043849,0.0,1740016,0.02606097670779574,0.019875280815120015
miracl_bn,gaussian,pooled,0,q32_d128,163233698,128.0,32.0,0.012927858981043849,0.0,1731632,0.023971036199475763,0.015495210418640807
miracl_bn,gaussian,pooled,0,q32_d128,163233698,128.0,32.0,0.012927858981043849,0.0,1731044,0.024065404625070206,0.01713116107272877
miracl_bn,gaussian,pooled,0,q32_d128,163233698,128.0,32.0,0.012927858981043849,0.0,1727432,0.02550532752047508,0.0178435330144345
miracl_bn,gaussian,pooled,0,q32_d128,163233698,128.0,32.0,0.012927858981043849,0.0,1746136,0.027551358462585513,0.017004947243213032
miracl_bn,gaussian,pooled,0,q64_d256,324211964,256.0,64.0,0.012927858981043849,0.0,2335600,0.04431001881960044,0.04153446541870253
miracl_bn,gaussian,pooled,1,q32_d128,164281871,128.0,32.0,0.012927858981043849,0.0,1729184,0.021299621841469166,0.01969193964698091
miracl_bn,gaussian,pooled,2,q32_d128,164260420,128.0,32.0,0.012927858981043849,0.0,1726776,0.023687135318856134,0.01758317697573444
miracl_bn,gaussian,token,0,q16_d64,83086955,64.0,16.0,0.012927858981043849,0.0,1474772,0.018098951236360735,0.009482500922283808
miracl_bn,gaussian,token,0,q32_d128,164810001,128.0,32.0,0.012927858981043849,0.0,1728324,0.026935751668864142,0.023475906213999267
miracl_bn,gaussian,token,0,q32_d128,164810001,128.0,32.0,0.012927858981043849,0.0,1727992,0.02366110896113852,0.02546162794144719
miracl_bn,gaussian,token,0,q32_d128,164810001,128.0,32.0,0.012927858981043849,0.0,1725828,0.02276716599469764,0.019215296997536886
miracl_bn,gaussian,token,0,q32_d128,164810001,128.0,32.0,0.012927858981043849,0.0,1727172,0.022476558712902512,0.020121742160582955
miracl_bn,gaussian,token,0,q32_d128,164810001,128.0,32.0,0.012927858981043849,0.0,1735100,0.022874515922286905,0.021053407983083975
miracl_bn,gaussian,token,0,q32_d128,164810001,128.0,32.0,0.012927858981043849,0.0,1727460,0.026363076194622297,0.01840518388065562
miracl_bn,gaussian,token,0,q32_d128,164810001,128.0,32.0,0.012927858981043849,0.0,1728392,0.024574270418679708,0.020002456607949668
miracl_bn,gaussian,token,0,q32_d128,164810001,128.0,32.0,0.012927858981043849,0.0,1728500,0.024845125240901454,0.017223186856656907
miracl_bn,gaussian,token,0,q32_d128,164810001,128.0,32.0,0.012927858981043849,0.0,1727464,0.027883930340830754,0.018753580384776727
miracl_bn,gaussian,token,0,q64_d256,325842083,256.0,64.0,0.012927858981043849,0.0,2334588,0.048916966562021144,0.043878586768510315
miracl_bn,gaussian,token,1,q32_d128,165730174,128.0,32.0,0.012927858981043849,0.0,1727396,0.0242643302556925,0.017219588199603182
miracl_bn,gaussian,token,2,q32_d128,165737386,128.0,32.0,0.012927858981043849,0.0,1728480,0.02449891036954185,0.01654928263986071
miracl_bn,identity,pooled,0,q16_d64,83891784,64.0,16.0,0.012927858981043849,0.0,1474796,0.014494149229056461,0.009387530605682598
miracl_bn,identity,pooled,0,q32_d128,167677553,128.0,32.0,0.012927858981043849,0.0,1732436,0.024228337430451836,0.021849593199753263
miracl_bn,identity,pooled,0,q32_d128,167677553,128.0,32.0,0.012927858981043849,0.0,1726360,0.022423364611233787,0.022900635788416595
miracl_bn,identity,pooled,0,q32_d128,167677553,128.0,32.0,0.012927858981043849,0.0,1727152,0.0230052569199018,0.019925125647413285
miracl_bn,identity,pooled,0,q32_d128,167677553,128.0,32.0,0.012927858981043849,0.0,1725980,0.022836690943647372,0.020929067367302604
miracl_bn,identity,pooled,0,q32_d128,167677553,128.0,32.0,0.012927858981043849,0.0,1727428,0.021908350090027173,0.02023665757947251
miracl_bn,identity,pooled,0,q32_d128,167677553,128.0,32.0,0.012927858981043849,0.0,1731316,0.025586219401372973,0.020356712971050336
miracl_bn,identity,pooled,0,q32_d128,167677553,128.0,32.0,0.012927858981043849,0.0,1727268,0.02301067241848222,0.01769347088819329
miracl_bn,identity,pooled,0,q32_d128,167677553,128.0,32.0,0.012927858981043849,0.0,1735012,0.026285961988085197,0.017607161194571
miracl_bn,identity,pooled,0,q32_d128,167677553,128.0,32.0,0.012927858981043849,0.0,1732392,0.02752196637249649,0.018788756790781652
miracl_bn,identity,pooled,0,q64_d256,328793352,256.0,64.0,0.012927858981043849,0.0,2337140,0.0414583326301508,0.04857586628254367
miracl_bn,identity,token,0,q16_d64,84920095,64.0,16.0,0.012927858981043849,0.0,1475360,0.016081567146133294,0.010669622812737369
miracl_bn,identity,token,0,q32_d128,168899969,128.0,32.0,0.012927858981043849,0.0,1727208,0.02679191623562878,0.021080069919739937
miracl_bn,identity,token,0,q32_d128,168899969,128.0,32.0,0.012927858981043849,0.0,1726480,0.022180920501337027,0.021536488701201926
miracl_bn,identity,token,0,q32_d128,168899969,128.0,32.0,0.012927858981043849,0.0,1729352,0.02380934886129033,0.021857145885368155
miracl_bn,identity,token,0,q32_d128,168899969,128.0,32.0,0.012927858981043849,0.0,1731708,0.02326441934352646,0.019531515314200675
miracl_bn,identity,token,0,q32_d128,168899969,128.0,32.0,0.012927858981043849,0.0,1727996,0.02227704985681333,0.020381341423213916
miracl_bn,identity,token,0,q32_d128,168899969,128.0,32.0,0.012927858981043849,0.0,1727156,0.02356857568345094,0.020823839065616547
miracl_bn,identity,token,0,q32_d128,168899969,128.0,32.0,0.012927858981043849,0.0,1750380,0.023967665973076376,0.01972054178574986
miracl_bn,identity,token,0,q32_d128,168899969,128.0,32.0,0.012927858981043849,0.0,1727084,0.023746546082552115,0.018690967754463137
miracl_bn,identity,token,0,q32_d128,168899969,128.0,32.0,0.012927858981043849,0.0,1726892,0.027351509868631864,0.02096310609480289
miracl_bn,identity,token,0,q64_d256,330892453,256.0,64.0,0.012927858981043849,0.0,2336408,0.04471238148670614,0.04245359206814636
miracl_bn,kmeans,pooled,0,q16_d64,5342076,4.0,4.0,0.012927858981043849,0.0,1191040,0.009335627676828464,0.003541582437920999
miracl_bn,kmeans,pooled,0,q32_d128,5342076,4.0,4.0,0.012927858981043849,0.0,1191912,0.012655357177620822,0.005151647333409228
miracl_bn,kmeans,pooled,0,q32_d128,5342076,4.0,4.0,0.012927858981043849,0.0,1192612,0.011441961016931962,0.008679793036708253
miracl_bn,kmeans,pooled,0,q32_d128,5342076,4.0,4.0,0.012927858981043849,0.0,1193732,0.007270632301504811,0.00896316841120068
miracl_bn,kmeans,pooled,0,q32_d128,5342076,4.0,4.0,0.012927858981043849,0.0,1191528,0.010507790389337062,0.007413234899881004
miracl_bn,kmeans,pooled,0,q32_d128,5342076,4.0,4.0,0.012927858981043849,0.0,1192288,0.01023891545467333,0.007023383630439639
miracl_bn,kmeans,pooled,0,q32_d128,5342076,4.0,4.0,0.012927858981043849,0.0,1190740,0.010015035150663298,0.0036343377301075175
miracl_bn,kmeans,pooled,0,q32_d128,5342076,4.0,4.0,0.012927858981043849,0.0,1192468,0.010429612313875349,0.0062519282798244305
miracl_bn,kmeans,pooled,0,q32_d128,5342076,4.0,4.0,0.012927858981043849,0.0,1192564,0.01254809741100745,0.004248221242832078
miracl_bn,kmeans,pooled,0,q32_d128,5342076,4.0,4.0,0.012927858981043849,0.0,1192344,0.012622468143479485,0.0037595335232125655
miracl_bn,kmeans,pooled,0,q64_d256,5342076,4.0,4.0,0.012927858981043849,0.0,1191520,0.009558494007350865,0.003712367819885014
miracl_bn,kmeans,pooled,1,q32_d128,5367773,4.0,4.0,0.012927858981043849,0.0,1192440,0.01341584912634969,0.006943202199677228
miracl_bn,kmeans,pooled,2,q32_d128,5333534,4.0,4.0,0.012927858981043849,0.0,1191480,0.0125520849416889,0.005379431931995345
miracl_bn,kmeans,token,0,q16_d64,85407922,61.33843876675694,15.89051094890511,0.012927858981043849,0.0,1472508,0.013438305045974293,0.00839304726303458
miracl_bn,kmeans,token,0,q32_d128,149943413,108.18589474038316,26.70559610705596,0.012927858981043849,0.0,1759136,0.02018299531882714,0.014572701868408535
miracl_bn,kmeans,token,0,q32_d128,149943413,108.18589474038316,26.70559610705596,0.012927858981043849,0.0,1761768,0.02102505668902593,0.016049865685933584
miracl_bn,kmeans,token,0,q32_d128,149943413,108.18589474038316,26.70559610705596,0.012927858981043849,0.0,1764956,0.01417182076840215,0.019495040117117172
miracl_bn,kmeans,token,0,q32_d128,149943413,108.18589474038316,26.70559610705596,0.012927858981043849,0.0,1760080,0.01585186049659394,0.017677643744800683
miracl_bn,kmeans,token,0,q32_d128,149943413,108.18589474038316,26.70559610705596,0.012927858981043849,0.0,1759688,0.017149073381652176,0.014486367114051416
miracl_bn,kmeans,token,0,q32_d128,149943413,108.18589474038316,26.70559610705596,0.012927858981043849,0.0,1759788,0.017310432676189643,0.01238046045791258
miracl_bn,kmeans,token,0,q32_d128,149943413,108.18589474038316,26.70559610705596,0.012927858981043849,0.0,1760508,0.019093895481713564,0.013544645779052355
miracl_bn,kmeans,token,0,q32_d128,149943413,108.18589474038316,26.70559610705596,0.012927858981043849,0.0,1761668,0.02026650455719145,0.015175192861040547
miracl_bn,kmeans,token,0,q32_d128,149943413,108.18589474038316,26.70559610705596,0.012927858981043849,0.0,1761340,0.020730680944126122,0.014269779724637702
miracl_bn,kmeans,token,0,q64_d256,186730832,134.7586059576472,30.39659367396594,0.012927858981043849,0.0,1880228,0.02035737349855693,0.013646546330919303
miracl_bn,kmeans,token,1,q32_d128,149879554,108.34628025499134,26.822384428223845,0.012927858981043849,0.0,1749020,0.02025233283967523,0.01656134186115415
miracl_bn,kmeans,token,2,q32_d128,150310170,108.25041293122298,26.7639902676399,0.012927858981043849,0.0,1758068,0.017170519676227174,0.015093927656882724
miracl_bn,pca,pooled,0,q16_d64,87853729,64.0,16.0,0.012927858981043849,0.0,1474804,0.01578377827734589,0.009893714871207692
miracl_bn,pca,pooled,0,q32_d128,174995808,128.0,32.0,0.012927858981043849,0.0,1734532,0.0264402822967519,0.02172733398795654
miracl_bn,pca,pooled,0,q32_d128,174995808,128.0,32.0,0.012927858981043849,0.0,1743528,0.025299161540031652,0.02076462952311348
miracl_bn,pca,pooled,0,q32_d128,174995808,128.0,32.0,0.012927858981043849,0.0,1744448,0.023554481260609928,0.02113623023112452
miracl_bn,pca,pooled,0,q32_d128,174995808,128.0,32.0,0.012927858981043849,0.0,1743160,0.024535041787931255,0.01862679681980897
miracl_bn,pca,pooled,0,q32_d128,174995808,128.0,32.0,0.012927858981043849,0.0,1733300,0.022371995571543013,0.02083671352839655
miracl_bn,pca,pooled,0,q32_d128,174995808,128.0,32.0,0.012927858981043849,0.0,1742972,0.026383701199778956,0.015946209285104623
miracl_bn,pca,pooled,0,q32_d128,174995808,128.0,32.0,0.012927858981043849,0.0,1743848,0.02468226598564381,0.019366512425728778
miracl_bn,pca,pooled,0,q32_d128,174995808,128.0,32.0,0.012927858981043849,0.0,1744564,0.025513068676547783,0.016141872829814278
miracl_bn,pca,pooled,0,q32_d128,174995808,128.0,32.0,0.012927858981043849,0.0,1727024,0.026606950741782428,0.016659237126595453
miracl_bn,pca,pooled,0,q64_d256,336948176,256.0,64.0,0.012927858981043849,0.0,2337188,0.04294597224837708,0.037210884559537014
miracl_bn,pca,token,0,q16_d64,89244101,64.0,16.0,0.012927858981043849,0.0,1474644,0.01681404071293518,0.009873483613260323
miracl_bn,pca,token,0,q32_d128,175520289,128.0,32.0,0.012927858981043849,0.0,1743052,0.026086144370237624,0.02186402631130459
miracl_bn,pca,token,0,q32_d128,175520289,128.0,32.0,0.012927858981043849,0.0,1736476,0.02226985018947354,0.01919120648386379
miracl_bn,pca,token,0,q32_d128,175520289,128.0,32.0,0.012927858981043849,0.0,1745716,0.02117163136005492,0.017392890803162416
miracl_bn,pca,token,0,q32_d128,175520289,128.0,32.0,0.012927858981043849,0.0,1728672,0.02188911825563495,0.017266340814916067
miracl_bn,pca,token,0,q32_d128,175520289,128.0,32.0,0.012927858981043849,0.0,1744060,0.02124893539664483,0.01721331530925874
miracl_bn,pca,token,0,q32_d128,175520289,128.0,32.0,0.012927858981043849,0.0,1728240,0.02056716307272586,0.01501215745778777
miracl_bn,pca,token,0,q32_d128,175520289,128.0,32.0,0.012927858981043849,0.0,1737296,0.02310230575191478,0.01628708359366169
miracl_bn,pca,token,0,q32_d128,175520289,128.0,32.0,0.012927858981043849,0.0,1734836,0.024419382204349242,0.014091353545105878
miracl_bn,pca,token,0,q32_d128,175520289,128.0,32.0,0.012927858981043849,0.0,1733496,0.02954760282255093,0.01307816537201332
miracl_bn,pca,token,0,q64_d256,338172317,256.0,64.0,0.012927858981043849,0.0,2323452,0.04114209643594576,0.03035237520441431
miracl_bn,pq,pooled,0,q16_d64,2580109,8.0,8.0,0.012927858981043849,0.0,1213816,0.008730108632735562,0.004225055109868121
miracl_bn,pq,pooled,0,q32_d128,2580109,8.0,8.0,0.012927858981043849,0.0,1211032,0.012550790223730342,0.00548263725036089
miracl_bn,pq,pooled,0,q32_d128,2580109,8.0,8.0,0.012927858981043849,0.0,1212292,0.012011139839434417,0.008927619139099644
miracl_bn,pq,pooled,0,q32_d128,2580109,8.0,8.0,0.012927858981043849,0.0,1214572,0.009490893265445445,0.009357848632378263
miracl_bn,pq,pooled,0,q32_d128,2580109,8.0,8.0,0.012927858981043849,0.0,1213028,0.006632776566670069,0.00582010916280141
miracl_bn,pq,pooled,0,q32_d128,2580109,8.0,8.0,0.012927858981043849,0.0,1211924,0.010750812462501574,0.007756915423280385
miracl_bn,pq,pooled,0,q32_d128,2580109,8.0,8.0,0.012927858981043849,0.0,1211684,0.010138068128934637,0.0037551904454093126
miracl_bn,pq,pooled,0,q32_d128,2580109,8.0,8.0,0.012927858981043849,0.0,1209848,0.010818586600921738,0.0058464053043882636
miracl_bn,pq,pooled,0,q32_d128,2580109,8.0,8.0,0.012927858981043849,0.0,1212264,0.012174550914647479,0.005932890425986835
miracl_bn,pq,pooled,0,q32_d128,2580109,8.0,8.0,0.012927858981043849,0.0,1214928,0.01276269306569222,0.00603326084205559
miracl_bn,pq,pooled,0,q64_d256,2580109,8.0,8.0,0.012927858981043849,0.0,1212328,0.009298351160511194,0.0033298799050903876
miracl_bn,pq,pooled,1,q32_d128,2512183,8.0,8.0,0.012927858981043849,0.0,1214304,0.009131427313860532,0.006880297060996983
miracl_bn,pq,pooled,2,q32_d128,2564974,8.0,8.0,0.012927858981043849,0.0,1211520,0.007647660000072996,0.006273457489300456
miracl_bn,pq,token,0,q16_d64,39137818,63.5994516677039,16.0,0.012927858981043849,0.0,1486888,0.011144416880909435,0.00665706751806947
miracl_bn,pq,token,0,q32_d128,69818892,121.93320437993036,31.927007299270073,0.012927858981043849,0.0,1849688,0.01931573361058667,0.015421458328518914
miracl_bn,pq,token,0,q32_d128,69818892,121.93320437993036,31.927007299270073,0.012927858981043849,0.0,1849244,0.019544095578750736,0.01766487562274357
miracl_bn,pq,token,0,q32_d128,69818892,121.93320437993036,31.927007299270073,0.012927858981043849,0.0,1851068,0.015521475302005623,0.015165898364848501
miracl_bn,pq,token,0,q32_d128,69818892,121.93320437993036,31.927007299270073,0.012927858981043849,0.0,1849576,0.015072862693015712,0.01481130172287787
miracl_bn,pq,token,0,q32_d128,69818892,121.93320437993036,31.927007299270073,0.012927858981043849,0.0,1833612,0.015855315002021343,0.013866869917415866
miracl_bn,pq,token,0,q32_d128,69818892,121.93320437993036,31.927007299270073,0.012927858981043849,0.0,1849196,0.01575003355716575,0.012041561515693643
miracl_bn,pq,token,0,q32_d128,69818892,121.93320437993036,31.927007299270073,0.012927858981043849,0.0,1845232,0.017988741783642744,0.014140040401274164
miracl_bn,pq,token,0,q32_d128,69818892,121.93320437993036,31.927007299270073,0.012927858981043849,0.0,1849112,0.01950549691974428,0.012599353981034381
miracl_bn,pq,token,0,q32_d128,69818892,121.93320437993036,31.927007299270073,0.012927858981043849,0.0,1850956,0.01899238571540482,0.012300821038760661
miracl_bn,pq,token,0,q64_d256,108525564,202.85523690982794,53.60340632603406,0.012927858981043849,0.0,2150624,0.02223694064244266,0.01997557364023514
miracl_bn,pq,token,1,q32_d128,69910408,121.79213496375289,31.907542579075425,0.012927858981043849,0.0,1849568,0.020087251873627993,0.016092482017276137
miracl_bn,pq,token,2,q32_d128,69674649,121.81273274687568,31.902676399026763,0.012927858981043849,0.0,1827520,0.016329950792941552,0.01558282833326599
miracl_bn,rq,pooled,0,q16_d64,3160733,8.0,8.0,0.012927858981043849,0.0,1213460,0.008801799678807927,0.0034732028712810828
miracl_bn,rq,pooled,0,q32_d128,3160733,8.0,8.0,0.012927858981043849,0.0,1212116,0.012572497263133812,0.006609492360244883
miracl_bn,rq,pooled,0,q32_d128,3160733,8.0,8.0,0.012927858981043849,0.0,1212148,0.012377159958909246,0.009647435727336619
miracl_bn,rq,pooled,0,q32_d128,3160733,8.0,8.0,0.012927858981043849,0.0,1211008,0.0097147293259682,0.009501026919533084
miracl_bn,rq,pooled,0,q32_d128,3160733,8.0,8.0,0.012927858981043849,0.0,1215104,0.009923118262930146,0.007167528095086377
miracl_bn,rq,pooled,0,q32_d128,3160733,8.0,8.0,0.012927858981043849,0.0,1214332,0.008822897540341946,0.00946513815826018
miracl_bn,rq,pooled,0,q32_d128,3160733,8.0,8.0,0.012927858981043849,0.0,1210704,0.009365563235560618,0.004551269895218112
miracl_bn,rq,pooled,0,q32_d128,3160733,8.0,8.0,0.012927858981043849,0.0,1214120,0.00930800533302835,0.008949081970881805
miracl_bn,rq,pooled,0,q32_d128,3160733,8.0,8.0,0.012927858981043849,0.0,1213764,0.011500549929810198,0.004816817449985883
miracl_bn,rq,pooled,0,q32_d128,3160733,8.0,8.0,0.012927858981043849,0.0,1213200,0.013134013292087365,0.005359236421199503
miracl_bn,rq,pooled,0,q64_d256,3160733,8.0,8.0,0.012927858981043849,0.0,1213356,0.00692361685132422,0.00356209693689561
miracl_bn,rq,pooled,1,q32_d128,3081347,8.0,8.0,0.012927858981043849,0.0,1213136,0.007871145396685984,0.00981436264950447
miracl_bn,rq,pooled,2,q32_d128,3045522,8.0,8.0,0.012927858981043849,0.0,1213996,0.010452830360141874,0.007823276263265136
miracl_bn,rq,token,0,q16_d64,39325506,63.46937917346475,16.0,0.012927858981043849,0.0,1480064,0.011079159693298476,0.007353889600684244
miracl_bn,rq,token,0,q32_d128,68390804,118.26195145745379,31.74939172749392,0.012927858981043849,0.0,1780764,0.019239042569495688,0.015225626831905979
miracl_bn,rq,token,0,q32_d128,68390804,118.26195145745379,31.74939172749392,0.012927858981043849,0.0,1785144,0.01908054307767093,0.017136515508498765
miracl_bn,rq,token,0,q32_d128,68390804,118.26195145745379,31.74939172749392,0.012927858981043849,0.0,1786408,0.016135639951784176,0.016583343418858892
miracl_bn,rq,token,0,q32_d128,68390804,118.26195145745379,31.74939172749392,0.012927858981043849,0.0,1784268,0.01607942133360155,0.015254757853696201
miracl_bn,rq,token,0,q32_d128,68390804,118.26195145745379,31.74939172749392,0.012927858981043849,0.0,1774180,0.020268674389801355,0.013016916588832536
miracl_bn,rq,token,0,q32_d128,68390804,118.26195145745379,31.74939172749392,0.012927858981043849,0.0,1782552,0.015865373343043478,0.011352831698328692
miracl_bn,rq,token,0,q32_d128,68390804,118.26195145745379,31.74939172749392,0.012927858981043849,0.0,1775856,0.017465148269540997,0.015002084372524363
miracl_bn,rq,token,0,q32_d128,68390804,118.26195145745379,31.74939172749392,0.012927858981043849,0.0,1784704,0.020750575909649377,0.012768136878404992
miracl_bn,rq,token,0,q32_d128,68390804,118.26195145745379,31.74939172749392,0.012927858981043849,0.0,1785220,0.021494856759126324,0.014078975167950283
miracl_bn,rq,token,0,q64_d256,88424702,160.11447025381395,49.722627737226276,0.012927858981043849,0.0,1890100,0.0197360812869929,0.018358217109869398
miracl_bn,rq,token,1,q32_d128,68549807,118.4280927791701,31.742092457420924,0.012927858981043849,0.0,1810232,0.019106946194458328,0.016443240783718893
miracl_bn,rq,token,2,q32_d128,68304263,118.3985770272316,31.805352798053526,0.012927858981043849,0.0,1778292,0.0183682288853293,0.015627961264755526
miracl_bn,sae,pooled,0,q16_d64,47642067,32.0,16.0,0.012927858981043849,0.0,1309812,0.01143790925048527,0.0059340578563955495
miracl_bn,sae,pooled,0,q32_d128,47642067,32.0,32.0,0.012927858981043849,0.0,1309140,0.017674355128657643,0.01454213242853228
miracl_bn,sae,pooled,0,q32_d128,47642067,32.0,32.0,0.012927858981043849,0.0,1309392,0.017546726878474115,0.013648414985478433
miracl_bn,sae,pooled,0,q32_d128,47642067,32.0,32.0,0.012927858981043849,0.0,1309724,0.013139753832443283,0.013072442645184387
miracl_bn,sae,pooled,0,q32_d128,47642067,32.0,32.0,0.012927858981043849,0.0,1307424,0.015729836506062075,0.011586862737471532
miracl_bn,sae,pooled,0,q32_d128,47642067,32.0,32.0,0.012927858981043849,0.0,1309088,0.014383661927238393,0.014013757849329688
miracl_bn,sae,pooled,0,q32_d128,47642067,32.0,32.0,0.012927858981043849,0.0,1308748,0.011490469549753116,0.006457610479544694
miracl_bn,sae,pooled,0,q32_d128,47642067,32.0,32.0,0.012927858981043849,0.0,1309512,0.01755243445714877,0.014014684286992771
miracl_bn,sae,pooled,0,q32_d128,47642067,32.0,32.0,0.012927858981043849,0.0,1308740,0.020011823311665632,0.008217030196901582
miracl_bn,sae,pooled,0,q32_d128,47642067,32.0,32.0,0.012927858981043849,0.0,1308480,0.019152768284825653,0.008630210421005051
miracl_bn,sae,pooled,0,q64_d256,47642067,32.0,32.0,0.012927858981043849,0.0,1308092,0.01203531438174347,0.008456707540038438
miracl_bn,sae,pooled,1,q32_d128,47548210,32.0,32.0,0.012927858981043849,0.0,1310048,0.015087733153421481,0.011411443435974474
miracl_bn,sae,pooled,2,q32_d128,47529081,32.0,32.0,0.012927858981043849,0.0,1310060,0.017805182291738636,0.013335558868505043
miracl_bn,sae,token,0,q16_d64,95319749,63.999084991505896,16.0,0.012927858981043849,0.0,1479412,0.014344436014546965,0.010446520063373512
miracl_bn,sae,token,0,q32_d128,190624811,127.62422754108287,32.0,0.012927858981043849,0.0,1849636,0.023249181948824266,0.01609950070099456
miracl_bn,sae,token,0,q32_d128,190624811,127.62422754108287,32.0,0.012927858981043849,0.0,1862512,0.021922145348151012,0.01720746709011187
miracl_bn,sae,token,0,q32_d128,190624811,127.62422754108287,32.0,0.012927858981043849,0.0,1860956,0.021409260102268988,0.018979066316097283
miracl_bn,sae,token,0,q32_d128,190624811,127.62422754108287,32.0,0.012927858981043849,0.0,1860392,0.015387281167622282,0.017012565574606477
miracl_bn,sae,token,0,q32_d128,190624811,127.62422754108287,32.0,0.012927858981043849,0.0,1860368,0.018499586488734343,0.018490902778699338
miracl_bn,sae,token,0,q32_d128,190624811,127.62422754108287,32.0,0.012927858981043849,0.0,1861660,0.016719376812224483,0.014638208527539442
miracl_bn,sae,token,0,q32_d128,190624811,127.62422754108287,32.0,0.012927858981043849,0.0,1860336,0.019938677021952622,0.01750190023088108
miracl_bn,sae,token,0,q32_d128,190624811,127.62422754108287,32.0,0.012927858981043849,0.0,1860180,0.020337313788641617,0.016979064564662475
miracl_bn,sae,token,0,q32_d128,190624811,127.62422754108287,32.0,0.012927858981043849,0.0,1861960,0.020494611386590412,0.016640081109451872
miracl_bn,sae,token,0,q64_d256,365515369,243.88967083242224,64.0,0.012927858981043849,0.0,2284600,0.03449751752816194,0.03181781709747085
miracl_bn,sae,token,1,q32_d128,191013970,127.72048172506013,32.0,0.012927858981043849,0.0,1863212,0.02166906871080598,0.018683162810158555
miracl_bn,sae,token,2,q32_d128,190884867,127.67830723428591,32.0,0.012927858981043849,0.0,1861532,0.02230610301912991,0.020264152924636705
miracl_bn,sae_shared,pooled,0,q32_d128,46905023,32.0,32.0,0.012927858981043849,0.0,1308760,0.022319061240892838,0.007773376494269917
miracl_bn,sae_shared,token,0,q32_d128,190624732,127.62422754108287,32.0,0.012927858981043849,0.0,1860152,0.017667242664041634,0.012603093366933996
miracl_hi,gaussian,pooled,0,q16_d64,137267787,64.0,16.0,0.009765655863344026,0.0,1615528,0.022659075705201506,0.017280979139863376
miracl_hi,gaussian,pooled,0,q32_d128,274857803,128.0,32.0,0.009765655863344026,0.0,1967760,0.04490862922809486,0.045804303233910895
miracl_hi,gaussian,pooled,0,q32_d128,274857803,128.0,32.0,0.009765655863344026,0.0,1969692,0.044841720182448634,0.044440937205883005
miracl_hi,gaussian,pooled,0,q32_d128,274857803,128.0,32.0,0.009765655863344026,0.0,1969352,0.046611574503060964,0.04120665765433972
miracl_hi,gaussian,pooled,0,q32_d128,274857803,128.0,32.0,0.009765655863344026,0.0,1970072,0.04683422189405455,0.03778399537450501
miracl_hi,gaussian,pooled,0,q32_d128,274857803,128.0,32.0,0.009765655863344026,0.0,1968912,0.04868831565736659,0.03878210962883065
miracl_hi,gaussian,pooled,0,q32_d128,274857803,128.0,32.0,0.009765655863344026,0.0,1967400,0.037221798074564764,0.0403567445743829
miracl_hi,gaussian,pooled,0,q32_d128,274857803,128.0,32.0,0.009765655863344026,0.0,1970988,0.05292467068880794,0.0419198493147269
miracl_hi,gaussian,pooled,0,q32_d128,274857803,128.0,32.0,0.009765655863344026,0.0,1968884,0.04913295942558244,0.04691696454903909
miracl_hi,gaussian,pooled,0,q32_d128,274857803,128.0,32.0,0.009765655863344026,0.0,1969268,0.0514873231947422,0.04404138526812729
miracl_hi,gaussian,pooled,0,q64_d256,546303492,256.0,64.0,0.009765655863344026,0.0,2751388,0.07669897424057126,0.08082569145996656
miracl_hi,gaussian,pooled,1,q32_d128,276210369,128.0,32.0,0.009765655863344026,0.0,1967352,0.0437594377462353,0.03271701453386673
miracl_hi,gaussian,pooled,2,q32_d128,276559597,128.0,32.0,0.009765655863344026,0.0,1967676,0.044186318999688556,0.032785267517236726
miracl_hi,gaussian,token,0,q16_d64,140277511,64.0,16.0,0.009765655863344026,0.0,1617700,0.02206261825747788,0.014672286922245148
miracl_hi,gaussian,token,0,q32_d128,278172713,128.0,32.0,0.009765655863344026,0.0,1963332,0.0455492227943614,0.043381486594277825
miracl_hi,gaussian,token,0,q32_d128,278172713,128.0,32.0,0.009765655863344026,0.0,1969092,0.04626457571118537,0.043479107185266916
miracl_hi,gaussian,token,0,q32_d128,278172713,128.0,32.0,0.009765655863344026,0.0,1970472,0.04714440852536687,0.04084196866290379
miracl_hi,gaussian,token,0,q32_d128,278172713,128.0,32.0,0.009765655863344026,0.0,1969668,0.048454677622898346,0.03827124032857163
miracl_hi,gaussian,token,0,q32_d128,278172713,128.0,32.0,0.009765655863344026,0.0,1967952,0.04740687246567436,0.03900891701158668
miracl_hi,gaussian,token,0,q32_d128,278172713,128.0,32.0,0.009765655863344026,0.0,1967680,0.056095244605759424,0.0328166301222518
miracl_hi,gaussian,token,0,q32_d128,278172713,128.0,32.0,0.009765655863344026,0.0,1969968,0.049526438228120764,0.03732814277389219
miracl_hi,gaussian,token,0,q32_d128,278172713,128.0,32.0,0.009765655863344026,0.0,1968976,0.04774616508877705,0.043019751479982264
miracl_hi,gaussian,token,0,q32_d128,278172713,128.0,32.0,0.009765655863344026,0.0,1968220,0.05002425489148921,0.03893832563422621
miracl_hi,gaussian,token,0,q64_d256,549161085,256.0,64.0,0.009765655863344026,0.0,2755144,0.07267671252600849,0.08158369168572661
miracl_hi,gaussian,token,1,q32_d128,279231490,128.0,32.0,0.009765655863344026,0.0,1961852,0.04262885408276427,0.03300372857999589
miracl_hi,gaussian,token,2,q32_d128,279564080,128.0,32.0,0.009765655863344026,0.0,1962272,0.0382904936945332,0.03488326163430299
miracl_hi,identity,pooled,0,q16_d64,140891604,64.0,16.0,0.009765655863344026,0.0,1617328,0.02431959723987217,0.018040893528876556
miracl_hi,identity,pooled,0,q32_d128,281926275,128.0,32.0,0.009765655863344026,0.0,1968452,0.04423300348554871,0.04247368529705064
miracl_hi,identity,pooled,0,q32_d128,281926275,128.0,32.0,0.009765655863344026,0.0,1969032,0.04148293796860214,0.04340138953711304
miracl_hi,identity,pooled,0,q32_d128,281926275,128.0,32.0,0.009765655863344026,0.0,1967204,0.041745966511246346,0.040523099099685045
miracl_hi,identity,pooled,0,q32_d128,281926275,128.0,32.0,0.009765655863344026,0.0,1970356,0.041587160837038284,0.03870055980581257
miracl_hi,identity,pooled,0,q32_d128,281926275,128.0,32.0,0.009765655863344026,0.0,1965984,0.04538295903708787,0.03821480503971024
miracl_hi,identity,pooled,0,q32_d128,281926275,128.0,32.0,0.009765655863344026,0.0,1966232,0.03759696666816515,0.04270766717115682
miracl_hi,identity,pooled,0,q32_d128,281926275,128.0,32.0,0.009765655863344026,0.0,1971180,0.04758199470317257,0.04038499682809093
miracl_hi,identity,pooled,0,q32_d128,281926275,128.0,32.0,0.009765655863344026,0.0,1971360,0.049670441977546685,0.04471860800869763
miracl_hi,identity,pooled,0,q32_d128,281926275,128.0,32.0,0.009765655863344026,0.0,1968236,0.046816149045314115,0.04561808928514697
miracl_hi,identity,pooled,0,q64_d256,554731412,256.0,64.0,0.009765655863344026,0.0,2754052,0.07183332711990391,0.08070380886550993
miracl_hi,identity,token,0,q16_d64,142906945,64.0,16.0,0.009765655863344026,0.0,1617096,0.02073021719963955,0.01747466157123978
miracl_hi,identity,token,0,q32_d128,284318552,128.0,32.0,0.009765655863344026,0.0,1969228,0.04456073415731744,0.043103280062787235
miracl_hi,identity,token,0,q32_d128,284318552,128.0,32.0,0.009765655863344026,0.0,1971084,0.04482815336569079,0.047657188814399495
miracl_hi,identity,token,0,q32_d128,284318552,128.0,32.0,0.009765655863344026,0.0,1968848,0.04778257828006255,0.044144803468537115
miracl_hi,identity,token,0,q32_d128,284318552,128.0,32.0,0.009765655863344026,0.0,1968232,0.04693855972561453,0.04258421264854926
miracl_hi,identity,token,0,q32_d128,284318552,128.0,32.0,0.009765655863344026,0.0,1969184,0.048916494716624064,0.03903805034833827
miracl_hi,identity,token,0,q32_d128,284318552,128.0,32.0,0.009765655863344026,0.0,1967112,0.03738970910265509,0.04146825590570058
miracl_hi,identity,token,0,q32_d128,284318552,128.0,32.0,0.009765655863344026,0.0,1968116,0.04854122050572187,0.039688268319836684
miracl_hi,identity,token,0,q32_d128,284318552,128.0,32.0,0.009765655863344026,0.0,1971796,0.04963209941717131,0.04846660915695662
miracl_hi,identity,token,0,q32_d128,284318552,128.0,32.0,0.009765655863344026,0.0,1968768,0.049195756214404744,0.04378585479155716
miracl_hi,identity,token,0,q64_d256,557669510,256.0,64.0,0.009765655863344026,0.0,2756536,0.07763664277669573,0.07178896075447225
miracl_hi,kmeans,pooled,0,q16_d64,9110660,4.0,4.0,0.009765655863344026,0.0,1222088,0.013886126651029505,0.006101527105617735
miracl_hi,kmeans,pooled,0,q32_d128,9110660,4.0,4.0,0.009765655863344026,0.0,1224480,0.014221294228253623,0.015302614925562273
miracl_hi,kmeans,pooled,0,q32_d128,9110660,4.0,4.0,0.009765655863344026,0.0,1222640,0.015729511371547624,0.012998089828927603
miracl_hi,kmeans,pooled,0,q32_d128,9110660,4.0,4.0,0.009765655863344026,0.0,1221820,0.014260766697116196,0.013539437591763485
miracl_hi,kmeans,pooled,0,q32_d128,9110660,4.0,4.0,0.009765655863344026,0.0,1223108,0.020301935910912502,0.014321896482392082
miracl_hi,kmeans,pooled,0,q32_d128,9110660,4.0,4.0,0.009765655863344026,0.0,1223304,0.02008393574905182,0.014489707173779606
miracl_hi,kmeans,pooled,0,q32_d128,9110660,4.0,4.0,0.009765655863344026,0.0,1221888,0.009997728500249131,0.006912845594010183
miracl_hi,kmeans,pooled,0,q32_d128,9110660,4.0,4.0,0.009765655863344026,0.0,1222444,0.018205447548867333,0.00628086346534214
miracl_hi,kmeans,pooled,0,q32_d128,9110660,4.0,4.0,0.009765655863344026,0.0,1222744,0.018370841583237048,0.014725932528797005
miracl_hi,kmeans,pooled,0,q32_d128,9110660,4.0,4.0,0.009765655863344026,0.0,1222092,0.019219056642614304,0.007904814620103154
miracl_hi,kmeans,pooled,0,q64_d256,9110660,4.0,4.0,0.009765655863344026,0.0,1222880,0.013949730791417616,0.006881397903364686
miracl_hi,kmeans,pooled,1,q32_d128,9143172,4.0,4.0,0.009765655863344026,0.0,1222452,0.013131757988594478,0.01571593485439995
miracl_hi,kmeans,pooled,2,q32_d128,9112243,4.0,4.0,0.009765655863344026,0.0,1221912,0.018649875385952842,0.010911755559832922
miracl_hi,kmeans,token,0,q16_d64,139616263,58.90994026831851,15.948571428571428,0.009765655863344026,0.0,1654740,0.020275357945689132,0.015217572005598673
miracl_hi,kmeans,token,0,q32_d128,234711439,99.29386644122434,27.06,0.009765655863344026,0.0,1977260,0.030682295854203404,0.026767298303145382
miracl_hi,kmeans,token,0,q32_d128,234711439,99.29386644122434,27.06,0.009765655863344026,0.0,2019988,0.02779429294301995,0.025712599488241332
miracl_hi,kmeans,token,0,q32_d128,234711439,99.29386644122434,27.06,0.009765655863344026,0.0,2002836,0.0292288809342842,0.026479224788823304
miracl_hi,kmeans,token,0,q32_d128,234711439,99.29386644122434,27.06,0.009765655863344026,0.0,1993296,0.031703184288926434,0.02252543029974082
miracl_hi,kmeans,token,0,q32_d128,234711439,99.29386644122434,27.06,0.009765655863344026,0.0,1966064,0.028470322325426557,0.02376109780278057
miracl_hi,kmeans,token,0,q32_d128,234711439,99.29386644122434,27.06,0.009765655863344026,0.0,1991296,0.023561931025635984,0.022102895125613673
miracl_hi,kmeans,token,0,q32_d128,234711439,99.29386644122434,27.06,0.009765655863344026,0.0,2017184,0.028677071208533432,0.026347600306118175
miracl_hi,kmeans,token,0,q32_d128,234711439,99.29386644122434,27.06,0.009765655863344026,0.0,2004484,0.03208522247749247,0.02836971826851368
miracl_hi,kmeans,token,0,q32_d128,234711439,99.29386644122434,27.06,0.009765655863344026,0.0,1983172,0.03255544046871364,0.026738653808299984
miracl_hi,kmeans,token,0,q64_d256,289930749,122.72783764992178,30.431428571428572,0.009765655863344026,0.0,2105540,0.0370659885169672,0.0302998854798664
miracl_hi,kmeans,token,1,q32_d128,234253110,99.25110219174186,27.03142857142857,0.009765655863344026,0.0,1968636,0.03424499134267016,0.028905759242895457
miracl_hi,kmeans,token,2,q32_d128,235028068,99.22093611238405,27.162857142857142,0.009765655863344026,0.0,1962232,0.030374536343318007,0.025065381368622183
miracl_hi,pca,pooled,0,q16_d64,148209585,64.0,16.0,0.009765655863344026,0.0,1626536,0.02221316116529384,0.019681910165319477
miracl_hi,pca,pooled,0,q32_d128,295000509,128.0,32.0,0.009765655863344026,0.0,1970280,0.045591538434049915,0.04290724428237548
miracl_hi,pca,pooled,0,q32_d128,295000509,128.0,32.0,0.009765655863344026,0.0,1969172,0.043169711314673946,0.042547085245272946
miracl_hi,pca,pooled,0,q32_d128,295000509,128.0,32.0,0.009765655863344026,0.0,1969016,0.0445499195910192,0.0397819698688441
miracl_hi,pca,pooled,0,q32_d128,295000509,128.0,32.0,0.009765655863344026,0.0,1968968,0.04460673535375724,0.039331276803277436
miracl_hi,pca,pooled,0,q32_d128,295000509,128.0,32.0,0.009765655863344026,0.0,1967528,0.0481045006055917,0.038996077065489125
miracl_hi,pca,pooled,0,q32_d128,295000509,128.0,32.0,0.009765655863344026,0.0,1963156,0.05420897962525485,0.032139907091456865
miracl_hi,pca,pooled,0,q32_d128,295000509,128.0,32.0,0.009765655863344026,0.0,1963620,0.05135018180324031,0.03850552881735243
miracl_hi,pca,pooled,0,q32_d128,295000509,128.0,32.0,0.009765655863344026,0.0,1970672,0.0471550849173218,0.04499475476598102
miracl_hi,pca,pooled,0,q32_d128,295000509,128.0,32.0,0.009765655863344026,0.0,1968368,0.04979048342244433,0.03910300826587315
miracl_hi,pca,pooled,0,q64_d256,569685882,256.0,64.0,0.009765655863344026,0.0,2751768,0.07902430942548175,0.06576458474288562
miracl_hi,pca,token,0,q16_d64,150661584,64.0,16.0,0.009765655863344026,0.0,1624164,0.021618926340181917,0.01873157417135579
miracl_hi,pca,token,0,q32_d128,296319650,128.0,32.0,0.009765655863344026,0.0,1969452,0.04537512643462313,0.0425478827261499
miracl_hi,pca,token,0,q32_d128,296319650,128.0,32.0,0.009765655863344026,0.0,1967180,0.04404166864563843,0.042512286037339704
miracl_hi,pca,token,0,q32_d128,296319650,128.0,32.0,0.009765655863344026,0.0,1967852,0.04348701281473039,0.03948173973975438
miracl_hi,pca,token,0,q32_d128,296319650,128.0,32.0,0.009765655863344026,0.0,1970408,0.04755704725693378,0.03540327062830329
miracl_hi,pca,token,0,q32_d128,296319650,128.0,32.0,0.009765655863344026,0.0,1964720,0.0462971380286451,0.03325514058848577
miracl_hi,pca,token,0,q32_d128,296319650,128.0,32.0,0.009765655863344026,0.0,1970392,0.05122375974032497,0.033419846497210005
miracl_hi,pca,token,0,q32_d128,296319650,128.0,32.0,0.009765655863344026,0.0,1969612,0.04949837723746896,0.031964472994607473
miracl_hi,pca,token,0,q32_d128,296319650,128.0,32.0,0.009765655863344026,0.0,1969032,0.04671829008563821,0.02879457483999431
miracl_hi,pca,token,0,q32_d128,296319650,128.0,32.0,0.009765655863344026,0.0,1967612,0.04946644791468446,0.028586141037355583
miracl_hi,pca,token,0,q64_d256,572027886,256.0,64.0,0.009765655863344026,0.0,2758816,0.0839539782403569,0.07331178639682807
miracl_hi,pq,pooled,0,q16_d64,4420018,8.0,8.0,0.009765655863344026,0.0,1237704,0.013605004616879995,0.007165725242479572
miracl_hi,pq,pooled,0,q32_d128,4420018,8.0,8.0,0.009765655863344026,0.0,1237420,0.018832937743115643,0.01695614970821355
miracl_hi,pq,pooled,0,q32_d128,4420018,8.0,8.0,0.009765655863344026,0.0,1237632,0.016106576922881814,0.015968204028239206
miracl_hi,pq,pooled,0,q32_d128,4420018,8.0,8.0,0.009765655863344026,0.0,1235104,0.017067609174576195,0.014993332183387663
miracl_hi,pq,pooled,0,q32_d128,4420018,8.0,8.0,0.009765655863344026,0.0,1238040,0.01624124672529953,0.013283591305703989
miracl_hi,pq,pooled,0,q32_d128,4420018,8.0,8.0,0.009765655863344026,0.0,1239036,0.020458000151307457,0.011925518128887886
miracl_hi,pq,pooled,0,q32_d128,4420018,8.0,8.0,0.009765655863344026,0.0,1237424,0.010187748170989967,0.00537063740526459
miracl_hi,pq,pooled,0,q32_d128,4420018,8.0,8.0,0.009765655863344026,0.0,1238356,0.018972371005719257,0.012472165936737192
miracl_hi,pq,pooled,0,q32_d128,4420018,8.0,8.0,0.009765655863344026,0.0,1245588,0.01936708610039204,0.011530497174576989
miracl_hi,pq,pooled,0,q32_d128,4420018,8.0,8.0,0.009765655863344026,0.0,1245912,0.021781158368103206,0.010391897366249138
miracl_hi,pq,pooled,0,q64_d256,4420018,8.0,8.0,0.009765655863344026,0.0,1246636,0.013965838522916394,0.006284141562479945
miracl_hi,pq,pooled,1,q32_d128,4300673,8.0,8.0,0.009765655863344026,0.0,1237952,0.020627182909021425,0.012384335994055227
miracl_hi,pq,pooled,2,q32_d128,4390530,8.0,8.0,0.009765655863344026,0.0,1234764,0.021354661317143055,0.012504015360027551
miracl_hi,pq,token,0,q16_d64,65039019,62.937597775073876,16.0,0.009765655863344026,0.0,1680336,0.022760650748386985,0.01692733879733299
miracl_hi,pq,token,0,q32_d128,112484331,116.78820733846372,31.982857142857142,0.009765655863344026,0.0,2133452,0.03221671408840587,0.029550924834662255
miracl_hi,pq,token,0,q32_d128,112484331,116.78820733846372,31.982857142857142,0.009765655863344026,0.0,2134316,0.028141382600047764,0.02789229462322379
miracl_hi,pq,token,0,q32_d128,112484331,116.78820733846372,31.982857142857142,0.009765655863344026,0.0,2134144,0.02902025079687259,0.026510487577345754
miracl_hi,pq,token,0,q32_d128,112484331,116.78820733846372,31.982857142857142,0.009765655863344026,0.0,2143228,0.03074529433489909,0.024798170785818783
miracl_hi,pq,token,0,q32_d128,112484331,116.78820733846372,31.982857142857142,0.009765655863344026,0.0,2143712,0.02923195078835955,0.02307127770834735
miracl_hi,pq,token,0,q32_d128,112484331,116.78820733846372,31.982857142857142,0.009765655863344026,0.0,2134464,0.026348814265802493,0.02593716000539383
miracl_hi,pq,token,0,q32_d128,112484331,116.78820733846372,31.982857142857142,0.009765655863344026,0.0,2142328,0.029802367143066867,0.026732919131671744
miracl_hi,pq,token,0,q32_d128,112484331,116.78820733846372,31.982857142857142,0.009765655863344026,0.0,2134544,0.03270453546861452,0.027602827972067253
miracl_hi,pq,token,0,q32_d128,112484331,116.78820733846372,31.982857142857142,0.009765655863344026,0.0,2134960,0.03522046130283603,0.027211377006024114
miracl_hi,pq,token,0,q64_d256,168271749,186.0502682394956,53.534285714285716,0.009765655863344026,0.0,2333996,0.047387599194023224,0.04079651755147746
miracl_hi,pq,token,1,q32_d128,112765235,116.71569576347518,31.962857142857143,0.009765655863344026,0.0,2133012,0.03184125916034516,0.027350572579806408
miracl_hi,pq,token,2,q32_d128,112350861,116.58451321839989,31.962857142857143,0.009765655863344026,0.0,2177168,0.03185189317113586,0.025210582477572772
miracl_hi,rq,pooled,0,q16_d64,5187385,8.0,8.0,0.009765655863344026,0.0,1237544,0.01674485636010234,0.006582471843409751
miracl_hi,rq,pooled,0,q32_d128,5187385,8.0,8.0,0.009765655863344026,0.0,1237568,0.017030506060192626,0.015976831720077567
miracl_hi,rq,pooled,0,q32_d128,5187385,8.0,8.0,0.009765655863344026,0.0,1240516,0.012920275662493487,0.017179236691445113
miracl_hi,rq,pooled,0,q32_d128,5187385,8.0,8.0,0.009765655863344026,0.0,1236996,0.017663944416812488,0.01390350740535983
miracl_hi,rq,pooled,0,q32_d128,5187385,8.0,8.0,0.009765655863344026,0.0,1237920,0.01843071507755667,0.014610568871721625
miracl_hi,rq,pooled,0,q32_d128,5187385,8.0,8.0,0.009765655863344026,0.0,1236260,0.02004619613688971,0.011311029576962547
miracl_hi,rq,pooled,0,q32_d128,5187385,8.0,8.0,0.009765655863344026,0.0,1234748,0.013517737536957222,0.007858474631128569
miracl_hi,rq,pooled,0,q32_d128,5187385,8.0,8.0,0.009765655863344026,0.0,1238884,0.01963935595404889,0.009858615393750367
miracl_hi,rq,pooled,0,q32_d128,5187385,8.0,8.0,0.009765655863344026,0.0,1238472,0.019768698637240706,0.013399325471504459
miracl_hi,rq,pooled,0,q32_d128,5187385,8.0,8.0,0.009765655863344026,0.0,1236000,0.02125668347147958,0.009089787656973517
miracl_hi,rq,pooled,0,q64_d256,5187385,8.0,8.0,0.009765655863344026,0.0,1237064,0.014087372277198093,0.007260698056779799
miracl_hi,rq,pooled,1,q32_d128,5055526,8.0,8.0,0.009765655863344026,0.0,1240068,0.017952748037475565,0.009244189280351355
miracl_hi,rq,pooled,2,q32_d128,5043442,8.0,8.0,0.009765655863344026,0.0,1245876,0.01772507007433368,0.011849082159543676
miracl_hi,rq,token,0,q16_d64,64386099,62.654322645892265,16.0,0.009765655863344026,0.0,1679108,0.022215315151427467,0.014022862585926695
miracl_hi,rq,token,0,q32_d128,107818685,112.11525014616879,31.86857142857143,0.009765655863344026,0.0,2098276,0.032035483163116225,0.02783662850236785
miracl_hi,rq,token,0,q32_d128,107818685,112.11525014616879,31.86857142857143,0.009765655863344026,0.0,2061304,0.02797355759423226,0.02811458490522845
miracl_hi,rq,token,0,q32_d128,107818685,112.11525014616879,31.86857142857143,0.009765655863344026,0.0,2097712,0.031040835228216435,0.027778252600026983
miracl_hi,rq,token,0,q32_d128,107818685,112.11525014616879,31.86857142857143,0.009765655863344026,0.0,2117444,0.030078757691330154,0.02702983562901084
miracl_hi,rq,token,0,q32_d128,107818685,112.11525014616879,31.86857142857143,0.009765655863344026,0.0,2097592,0.028646990794555408,0.02706478285470179
miracl_hi,rq,token,0,q32_d128,107818685,112.11525014616879,31.86857142857143,0.009765655863344026,0.0,2097372,0.027641924508581214,0.02778565036864685
miracl_hi,rq,token,0,q32_d128,107818685,112.11525014616879,31.86857142857143,0.009765655863344026,0.0,2097888,0.028017313946038486,0.02650002254572298
miracl_hi,rq,token,0,q32_d128,107818685,112.11525014616879,31.86857142857143,0.009765655863344026,0.0,2098464,0.029245588005786496,0.02651579259429127
miracl_hi,rq,token,0,q32_d128,107818685,112.11525014616879,31.86857142857143,0.009765655863344026,0.0,2069556,0.0327364153029131,0.02960508309703853
miracl_hi,rq,token,0,q64_d256,134933776,145.84837752634988,49.18857142857143,0.009765655863344026,0.0,2089056,0.036574634299613544,0.032516922245600384
miracl_hi,rq,token,1,q32_d128,108319308,112.3954932604333,31.954285714285714,0.009765655863344026,0.0,2073428,0.03153247217381639,0.029067711316581275
miracl_hi,rq,token,2,q32_d128,107909145,112.35153003176208,31.914285714285715,0.009765655863344026,0.0,2099856,0.029902369037403603,0.02672212753711001
miracl_hi,sae,pooled,0,q16_d64,80688651,32.0,16.0,0.009765655863344026,0.0,1395184,0.01735549173184803,0.012627762168911951
miracl_hi,sae,pooled,0,q32_d128,80688651,32.0,32.0,0.009765655863344026,0.0,1389428,0.024618752442433365,0.02517978467978537
miracl_hi,sae,pooled,0,q32_d128,80688651,32.0,32.0,0.009765655863344026,0.0,1396500,0.020176638594296362,0.024665200640447443
miracl_hi,sae,pooled,0,q32_d128,80688651,32.0,32.0,0.009765655863344026,0.0,1396300,0.02512707008048892,0.02068863908826773
miracl_hi,sae,pooled,0,q32_d128,80688651,32.0,32.0,0.009765655863344026,0.0,1388564,0.025080370702780793,0.021196018259839293
miracl_hi,sae,pooled,0,q32_d128,80688651,32.0,32.0,0.009765655863344026,0.0,1396744,0.02538391923731459,0.019975858148453485
miracl_hi,sae,pooled,0,q32_d128,80688651,32.0,32.0,0.009765655863344026,0.0,1391348,0.017685702728506714,0.015024159222708222
miracl_hi,sae,pooled,0,q32_d128,80688651,32.0,32.0,0.009765655863344026,0.0,1388604,0.027861133123348866,0.017244136813761936
miracl_hi,sae,pooled,0,q32_d128,80688651,32.0,32.0,0.009765655863344026,0.0,1396972,0.025967269874443966,0.01824007215710091
miracl_hi,sae,pooled,0,q32_d128,80688651,32.0,32.0,0.009765655863344026,0.0,1396516,0.030764802948438696,0.014281992511158543
miracl_hi,sae,pooled,0,q64_d256,80688651,32.0,32.0,0.009765655863344026,0.0,1388160,0.017184011139906943,0.012795767303157065
miracl_hi,sae,pooled,1,q32_d128,80728951,32.0,32.0,0.009765655863344026,0.0,1388500,0.021949859165719572,0.01854298526620759
miracl_hi,sae,pooled,2,q32_d128,80535011,32.0,32.0,0.009765655863344026,0.0,1396408,0.02431019369978457,0.016927738053990258
miracl_hi,sae,token,0,q16_d64,160776187,63.99625886889054,16.0,0.009765655863344026,0.0,1658380,0.019969918105884325,0.016480281094222195
miracl_hi,sae,token,0,q32_d128,320864322,127.21802656321603,32.0,0.009765655863344026,0.0,2179968,0.03882651659127856,0.03200834034276861
miracl_hi,sae,token,0,q32_d128,320864322,127.21802656321603,32.0,0.009765655863344026,0.0,2136840,0.033453141265282677,0.03318155090856765
miracl_hi,sae,token,0,q32_d128,320864322,127.21802656321603,32.0,0.009765655863344026,0.0,2146184,0.03162692170590163,0.03268746719429536
miracl_hi,sae,token,0,q32_d128,320864322,127.21802656321603,32.0,0.009765655863344026,0.0,2181348,0.03264830755136374,0.03489487207960337
miracl_hi,sae,token,0,q32_d128,320864322,127.21802656321603,32.0,0.009765655863344026,0.0,2149388,0.03139154563990554,0.030645473157055677
miracl_hi,sae,token,0,q32_d128,320864322,127.21802656321603,32.0,0.009765655863344026,0.0,2148912,0.03585119576592531,0.029273951368938598
miracl_hi,sae,token,0,q32_d128,320864322,127.21802656321603,32.0,0.009765655863344026,0.0,2148640,0.034431826953909235,0.02841913477451142
miracl_hi,sae,token,0,q32_d128,320864322,127.21802656321603,32.0,0.009765655863344026,0.0,2149452,0.033484996146123325,0.02843582140880504
miracl_hi,sae,token,0,q32_d128,320864322,127.21802656321603,32.0,0.009765655863344026,0.0,2202120,0.036863307863074755,0.028707210531325206
miracl_hi,sae,token,0,q64_d256,596497040,235.58161354550194,64.0,0.009765655863344026,0.0,2641860,0.05523701926560274,0.06669082408903963
miracl_hi,sae,token,1,q32_d128,321218786,127.33005507008201,32.0,0.009765655863344026,0.0,2145404,0.03399063606546926,0.028824813757091762
miracl_hi,sae,token,2,q32_d128,320801520,127.32103803549137,32.0,0.009765655863344026,0.0,2170116,0.037373115494182076,0.028528972737091988
miracl_hi,sae_shared,pooled,0,q32_d128,79157660,32.0,32.0,0.009765655863344026,0.0,1388652,0.025964074666345753,0.016279255945368536
miracl_hi,sae_shared,token,0,q32_d128,320867293,127.21802656321603,32.0,0.009765655863344026,0.0,2147160,0.03864668248620416,0.020121044214548807
miracl_te,gaussian,pooled,0,q16_d64,141086886,64.0,16.0,0.024959513896529294,0.0,1681016,0.018167395975917648,0.01333394109784369
miracl_te,gaussian,pooled,0,q32_d128,282212951,128.0,32.0,0.024959513896529294,0.0,2022128,0.03694545964632804,0.0320081494685042
miracl_te,gaussian,pooled,0,q32_d128,282212951,128.0,32.0,0.024959513896529294,0.0,2007516,0.03037401965222038,0.03243154320069521
miracl_te,gaussian,pooled,0,q32_d128,282212951,128.0,32.0,0.024959513896529294,0.0,2013308,0.0303746552053605,0.0336542059625229
miracl_te,gaussian,pooled,0,q32_d128,282212951,128.0,32.0,0.024959513896529294,0.0,2025904,0.03083960278744805,0.031115177077362718
miracl_te,gaussian,pooled,0,q32_d128,282212951,128.0,32.0,0.024959513896529294,0.0,2039384,0.03308813853283831,0.028807411388750526
miracl_te,gaussian,pooled,0,q32_d128,282212951,128.0,32.0,0.024959513896529294,0.0,1999196,0.024351644479323198,0.024170959567435195
miracl_te,gaussian,pooled,0,q32_d128,282212951,128.0,32.0,0.024959513896529294,0.0,2038852,0.03226018313274624,0.027955502008452364
miracl_te,gaussian,pooled,0,q32_d128,282212951,128.0,32.0,0.024959513896529294,0.0,2024936,0.03541328578007493,0.0270198592207516
miracl_te,gaussian,pooled,0,q32_d128,282212951,128.0,32.0,0.024959513896529294,0.0,2015588,0.03545795268590612,0.025286526787308482
miracl_te,gaussian,pooled,0,q64_d256,560379844,256.0,64.0,0.024959513896529294,0.0,2847940,0.057018397310141314,0.05578101715432921
miracl_te,gaussian,pooled,1,q32_d128,283502946,128.0,32.0,0.024959513896529294,0.0,2008756,0.026939529160730506,0.028648167532803446
miracl_te,gaussian,pooled,2,q32_d128,284042206,128.0,32.0,0.024959513896529294,0.0,2021684,0.02752925682608218,0.027951784925152896
miracl_te,gaussian,token,0,q16_d64,142972557,64.0,16.0,0.024959513896529294,0.0,1695628,0.01578274249393889,0.013435622544763475
miracl_te,gaussian,token,0,q32_d128,283751158,128.0,32.0,0.024959513896529294,0.0,2039176,0.03530281183089395,0.031527564515571156
miracl_te,gaussian,token,0,q32_d128,283751158,128.0,32.0,0.024959513896529294,0.0,2022880,0.029471815129289862,0.03115391367281549
miracl_te,gaussian,token,0,q32_d128,283751158,128.0,32.0,0.024959513896529294,0.0,2008164,0.031304100832051554,0.03017817287321162
miracl_te,gaussian,token,0,q32_d128,283751158,128.0,32.0,0.024959513896529294,0.0,2026468,0.03162180810968801,0.027878224709102714
miracl_te,gaussian,token,0,q32_d128,283751158,128.0,32.0,0.024959513896529294,0.0,2001336,0.03291835121029835,0.02638757362194665
miracl_te,gaussian,token,0,q32_d128,283751158,128.0,32.0,0.024959513896529294,0.0,2017036,0.026746932369350922,0.028888329066075205
miracl_te,gaussian,token,0,q32_d128,283751158,128.0,32.0,0.024959513896529294,0.0,2007376,0.033587362383017634,0.027545105115901945
miracl_te,gaussian,token,0,q32_d128,283751158,128.0,32.0,0.024959513896529294,0.0,2053752,0.03387952768603781,0.026644493339320077
miracl_te,gaussian,token,0,q32_d128,283751158,128.0,32.0,0.024959513896529294,0.0,2025276,0.03475211285997254,0.02527544290476348
miracl_te,gaussian,token,0,q64_d256,562489612,256.0,64.0,0.024959513896529294,0.0,2846504,0.05350364145264929,0.04919815042724266
miracl_te,gaussian,token,1,q32_d128,284964626,128.0,32.0,0.024959513896529294,0.0,2030076,0.030843818397148722,0.028468839532598978
miracl_te,gaussian,token,2,q32_d128,285508499,128.0,32.0,0.024959513896529294,0.0,2034772,0.029459337799490434,0.027394199820914743
miracl_te,identity,pooled,0,q16_d64,144751588,64.0,16.0,0.024959513896529294,0.0,1656820,0.015809080212271284,0.013108403941870617
miracl_te,identity,pooled,0,q32_d128,288686822,128.0,32.0,0.024959513896529294,0.0,2016920,0.02667423915809722,0.031083428293606042
miracl_te,identity,pooled,0,q32_d128,288686822,128.0,32.0,0.024959513896529294,0.0,2010296,0.028549159013448004,0.030184500508521044
miracl_te,identity,pooled,0,q32_d128,288686822,128.0,32.0,0.024959513896529294,0.0,2000736,0.02925338937309323,0.03152319758001193
miracl_te,identity,pooled,0,q32_d128,288686822,128.0,32.0,0.024959513896529294,0.0,2023828,0.028366594763465928,0.030140441035905827
miracl_te,identity,pooled,0,q32_d128,288686822,128.0,32.0,0.024959513896529294,0.0,2010964,0.032987204379208636,0.027284400176553838
miracl_te,identity,pooled,0,q32_d128,288686822,128.0,32.0,0.024959513896529294,0.0,2000936,0.022619672101339694,0.025855864694281278
miracl_te,identity,pooled,0,q32_d128,288686822,128.0,32.0,0.024959513896529294,0.0,2016020,0.03245320420285939,0.027762002015828294
miracl_te,identity,pooled,0,q32_d128,288686822,128.0,32.0,0.024959513896529294,0.0,2021448,0.03244384107515126,0.028624905928505973
miracl_te,identity,pooled,0,q32_d128,288686822,128.0,32.0,0.024959513896529294,0.0,2018988,0.03471181222129667,0.029296605661905097
miracl_te,identity,pooled,0,q64_d256,567296163,256.0,64.0,0.024959513896529294,0.0,2848376,0.053720544338404036,0.058999559653648476
miracl_te,identity,token,0,q16_d64,145863919,64.0,16.0,0.024959513896529294,0.0,1648216,0.01479804110887645,0.014461795590505238
miracl_te,identity,token,0,q32_d128,289954001,128.0,32.0,0.024959513896529294,0.0,2018028,0.0348733244337263,0.02939783276822463
miracl_te,identity,token,0,q32_d128,289954001,128.0,32.0,0.024959513896529294,0.0,2024904,0.032541643983092845,0.03553200335970715
miracl_te,identity,token,0,q32_d128,289954001,128.0,32.0,0.024959513896529294,0.0,2010560,0.030765102963932846,0.03030808325007711
miracl_te,identity,token,0,q32_d128,289954001,128.0,32.0,0.024959513896529294,0.0,2025824,0.03205940511233988,0.02953284124057551
miracl_te,identity,token,0,q32_d128,289954001,128.0,32.0,0.024959513896529294,0.0,2011196,0.03307146675955585,0.029194223596365754
miracl_te,identity,token,0,q32_d128,289954001,128.0,32.0,0.024959513896529294,0.0,1989448,0.022511906528750947,0.02372627239899287
miracl_te,identity,token,0,q32_d128,289954001,128.0,32.0,0.024959513896529294,0.0,2029832,0.03382331840688327,0.026172418031472588
miracl_te,identity,token,0,q32_d128,289954001,128.0,32.0,0.024959513896529294,0.0,2026632,0.03476205358117513,0.027191493462811668
miracl_te,identity,token,0,q32_d128,289954001,128.0,32.0,0.024959513896529294,0.0,2032412,0.034682059253381504,0.026793233938357718
miracl_te,identity,token,0,q64_d256,570369689,256.0,64.0,0.024959513896529294,0.0,2850696,0.055800526423980416,0.05269794723897461
miracl_te,kmeans,pooled,0,q16_d64,8810231,4.0,4.0,0.024959513896529294,0.0,1238540,0.007677497310453693,0.005728860142481051
miracl_te,kmeans,pooled,0,q32_d128,8810231,4.0,4.0,0.024959513896529294,0.0,1238104,0.014033718106330143,0.01706297297462605
miracl_te,kmeans,pooled,0,q32_d128,8810231,4.0,4.0,0.024959513896529294,0.0,1237500,0.015242357884257004,0.016727859455504982
miracl_te,kmeans,pooled,0,q32_d128,8810231,4.0,4.0,0.024959513896529294,0.0,1236776,0.01452307359305332,0.015586498212564177
miracl_te,kmeans,pooled,0,q32_d128,8810231,4.0,4.0,0.024959513896529294,0.0,1238344,0.016667722795802004,0.014866580366121002
miracl_te,kmeans,pooled,0,q32_d128,8810231,4.0,4.0,0.024959513896529294,0.0,1238756,0.016482079483159245,0.015067207408508799
miracl_te,kmeans,pooled,0,q32_d128,8810231,4.0,4.0,0.024959513896529294,0.0,1238460,0.01049148320650079,0.006947357138924769
miracl_te,kmeans,pooled,0,q32_d128,8810231,4.0,4.0,0.024959513896529294,0.0,1237952,0.018106204901027816,0.015169266892534089
miracl_te,kmeans,pooled,0,q32_d128,8810231,4.0,4.0,0.024959513896529294,0.0,1237336,0.01800768417902381,0.01513496633806909
miracl_te,kmeans,pooled,0,q32_d128,8810231,4.0,4.0,0.024959513896529294,0.0,1237124,0.018302879602466102,0.014982088223484385
miracl_te,kmeans,pooled,0,q64_d256,8810231,4.0,4.0,0.024959513896529294,0.0,1237448,0.007850324229454253,0.005890632204313263
miracl_te,kmeans,pooled,1,q32_d128,8835166,4.0,4.0,0.024959513896529294,0.0,1237540,0.013189626433312947,0.015394590669064128
miracl_te,kmeans,pooled,2,q32_d128,8843673,4.0,4.0,0.024959513896529294,0.0,1238328,0.01609371642746337,0.013778103402183632
miracl_te,kmeans,token,0,q16_d64,140977434,59.79579948231834,15.93840579710145,0.024959513896529294,0.0,1636416,0.012177471208705562,0.012071860741580958
miracl_te,kmeans,token,0,q32_d128,236906753,100.97224554556351,25.21135265700483,0.024959513896529294,0.0,2060624,0.026258407405561852,0.026599345485520086
miracl_te,kmeans,token,0,q32_d128,236906753,100.97224554556351,25.21135265700483,0.024959513896529294,0.0,2021844,0.023941639822610803,0.024884755402333262
miracl_te,kmeans,token,0,q32_d128,236906753,100.97224554556351,25.21135265700483,0.024959513896529294,0.0,2083248,0.023391560540008155,0.02442138496019252
miracl_te,kmeans,token,0,q32_d128,236906753,100.97224554556351,25.21135265700483,0.024959513896529294,0.0,2072300,0.024071233092856723,0.02492267902432109
miracl_te,kmeans,token,0,q32_d128,236906753,100.97224554556351,25.21135265700483,0.024959513896529294,0.0,2024372,0.023563706566599885,0.025042352481724938
miracl_te,kmeans,token,0,q32_d128,236906753,100.97224554556351,25.21135265700483,0.024959513896529294,0.0,2008880,0.026539560785046937,0.013414603456402656
miracl_te,kmeans,token,0,q32_d128,236906753,100.97224554556351,25.21135265700483,0.024959513896529294,0.0,2064292,0.026882030620973035,0.02302511121120511
miracl_te,kmeans,token,0,q32_d128,236906753,100.97224554556351,25.21135265700483,0.024959513896529294,0.0,2002104,0.02725711546710058,0.024505042356263468
miracl_te,kmeans,token,0,q32_d128,236906753,100.97224554556351,25.21135265700483,0.024959513896529294,0.0,2034772,0.027893466270384762,0.024430809706193057
miracl_te,kmeans,token,0,q64_d256,283407831,120.45450597302728,26.083333333333332,0.024959513896529294,0.0,2257340,0.019339771469737796,0.014335875475614957
miracl_te,kmeans,token,1,q32_d128,236720600,101.0060859444216,25.393719806763286,0.024959513896529294,0.0,2034392,0.025323368189406496,0.023933150399766484
miracl_te,kmeans,token,2,q32_d128,236909838,100.80032581903532,24.92391304347826,0.024959513896529294,0.0,2036384,0.026037475762321897,0.023105572999099603
miracl_te,pca,pooled,0,q16_d64,149203460,64.0,16.0,0.024959513896529294,0.0,1660244,0.016656678327435743,0.013392618985549696
miracl_te,pca,pooled,0,q32_d128,298123211,128.0,32.0,0.024959513896529294,0.0,2012956,0.03477927485895951,0.029161371014548854
miracl_te,pca,pooled,0,q32_d128,298123211,128.0,32.0,0.024959513896529294,0.0,2016244,0.029836493124454258,0.02810504956138298
miracl_te,pca,pooled,0,q32_d128,298123211,128.0,32.0,0.024959513896529294,0.0,2028676,0.03008518997829516,0.02808245625836181
miracl_te,pca,pooled,0,q32_d128,298123211,128.0,32.0,0.024959513896529294,0.0,2023316,0.030550924187148183,0.029000973905681897
miracl_te,pca,pooled,0,q32_d128,298123211,128.0,32.0,0.024959513896529294,0.0,2014776,0.03230559219947031,0.02574765768125968
miracl_te,pca,pooled,0,q32_d128,298123211,128.0,32.0,0.024959513896529294,0.0,2040704,0.029884710156860433,0.02986493441675551
miracl_te,pca,pooled,0,q32_d128,298123211,128.0,32.0,0.024959513896529294,0.0,2008912,0.0326838399393817,0.026548230938460444
miracl_te,pca,pooled,0,q32_d128,298123211,128.0,32.0,0.024959513896529294,0.0,2020228,0.032367895759421665,0.02734282078752339
miracl_te,pca,pooled,0,q32_d128,298123211,128.0,32.0,0.024959513896529294,0.0,2028044,0.031759260316516595,0.02613981112478985
miracl_te,pca,pooled,0,q64_d256,577310185,256.0,64.0,0.024959513896529294,0.0,2854760,0.054170653407331466,0.04374815064880565
miracl_te,pca,token,0,q16_d64,152166145,64.0,16.0,0.024959513896529294,0.0,1630184,0.014122339428665684,0.011146386991680154
miracl_te,pca,token,0,q32_d128,299713443,128.0,32.0,0.024959513896529294,0.0,2041148,0.03145245112903902,0.028780630353842703
miracl_te,pca,token,0,q32_d128,299713443,128.0,32.0,0.024959513896529294,0.0,2007876,0.029717219460323668,0.027830874748698973
miracl_te,pca,token,0,q32_d128,299713443,128.0,32.0,0.024959513896529294,0.0,2046748,0.030293958635319133,0.026498521599133504
miracl_te,pca,token,0,q32_d128,299713443,128.0,32.0,0.024959513896529294,0.0,2033684,0.031057744819259245,0.02764112427060218
miracl_te,pca,token,0,q32_d128,299713443,128.0,32.0,0.024959513896529294,0.0,2033248,0.03146664179205796,0.027464650986954605
miracl_te,pca,token,0,q32_d128,299713443,128.0,32.0,0.024959513896529294,0.0,2023524,0.027773684466590627,0.03166600352165554
miracl_te,pca,token,0,q32_d128,299713443,128.0,32.0,0.024959513896529294,0.0,2016448,0.03321700862576231,0.027480934398442253
miracl_te,pca,token,0,q32_d128,299713443,128.0,32.0,0.024959513896529294,0.0,2024776,0.032428028083356895,0.028531473700535274
miracl_te,pca,token,0,q32_d128,299713443,128.0,32.0,0.024959513896529294,0.0,2014808,0.034000478562862944,0.02592433942285038
miracl_te,pca,token,0,q64_d256,580050230,256.0,64.0,0.024959513896529294,0.0,2850060,0.04972916019232359,0.02846461146870844
miracl_te,pq,pooled,0,q16_d64,3877386,8.0,8.0,0.024959513896529294,0.0,1263524,0.007949929379302433,0.00489021340696645
miracl_te,pq,pooled,0,q32_d128,3877386,8.0,8.0,0.024959513896529294,0.0,1264000,0.018905386396184345,0.017683852541289666
miracl_te,pq,pooled,0,q32_d128,3877386,8.0,8.0,0.024959513896529294,0.0,1266532,0.017391768132858337,0.01731656248409049
miracl_te,pq,pooled,0,q32_d128,3877386,8.0,8.0,0.024959513896529294,0.0,1262456,0.01788409022813447,0.016653779694464077
miracl_te,pq,pooled,0,q32_d128,3877386,8.0,8.0,0.024959513896529294,0.0,1265852,0.01804015366051229,0.01590723071358693
miracl_te,pq,pooled,0,q32_d128,3877386,8.0,8.0,0.024959513896529294,0.0,1262084,0.018127885274251628,0.016259547893536067
miracl_te,pq,pooled,0,q32_d128,3877386,8.0,8.0,0.024959513896529294,0.0,1263424,0.00977600456647359,0.0059398207369211
miracl_te,pq,pooled,0,q32_d128,3877386,8.0,8.0,0.024959513896529294,0.0,1262076,0.018480931894891955,0.014471953612153872
miracl_te,pq,pooled,0,q32_d128,3877386,8.0,8.0,0.024959513896529294,0.0,1264748,0.01921418185400943,0.013199730669114522
miracl_te,pq,pooled,0,q32_d128,3877386,8.0,8.0,0.024959513896529294,0.0,1261724,0.019520755822360875,0.012935705718602353
miracl_te,pq,pooled,0,q64_d256,3877386,8.0,8.0,0.024959513896529294,0.0,1258828,0.006558500264618312,0.016575134894979335
miracl_te,pq,pooled,1,q32_d128,3788131,8.0,8.0,0.024959513896529294,0.0,1264752,0.01573690055568077,0.015523103096439157
miracl_te,pq,pooled,2,q32_d128,3907245,8.0,8.0,0.024959513896529294,0.0,1263540,0.01790743665336654,0.016077143914270967
miracl_te,pq,token,0,q16_d64,66473319,63.41562001161985,16.0,0.024959513896529294,0.0,1689592,0.01058579219819006,0.01996458279799022
miracl_te,pq,token,0,q32_d128,116315858,119.06373545347331,31.8719806763285,0.024959513896529294,0.0,2123404,0.027652564185788486,0.026816263929029683
miracl_te,pq,token,0,q32_d128,116315858,119.06373545347331,31.8719806763285,0.024959513896529294,0.0,2169772,0.024428555667951504,0.02477170091914238
miracl_te,pq,token,0,q32_d128,116315858,119.06373545347331,31.8719806763285,0.024959513896529294,0.0,2194984,0.023300445302004886,0.0247551389179161
miracl_te,pq,token,0,q32_d128,116315858,119.06373545347331,31.8719806763285,0.024959513896529294,0.0,2153900,0.024233152242917298,0.025210338973401986
miracl_te,pq,token,0,q32_d128,116315858,119.06373545347331,31.8719806763285,0.024959513896529294,0.0,2149576,0.02512223856885814,0.024688259620840352
miracl_te,pq,token,0,q32_d128,116315858,119.06373545347331,31.8719806763285,0.024959513896529294,0.0,2154904,0.02034328469459939,0.014434423638734931
miracl_te,pq,token,0,q32_d128,116315858,119.06373545347331,31.8719806763285,0.024959513896529294,0.0,2186212,0.02489661469106261,0.024517387419979532
miracl_te,pq,token,0,q32_d128,116315858,119.06373545347331,31.8719806763285,0.024959513896529294,0.0,2061452,0.027633859643798123,0.022594611018171742
miracl_te,pq,token,0,q32_d128,116315858,119.06373545347331,31.8719806763285,0.024959513896529294,0.0,2112248,0.0278100542958088,0.02418179078149083
miracl_te,pq,token,0,q64_d256,171249347,186.4605648945431,48.405797101449274,0.024959513896529294,0.0,2419828,0.03418173992743149,0.03551229957495658
miracl_te,pq,token,1,q32_d128,116322918,118.89878956684213,31.905797101449274,0.024959513896529294,0.0,2087472,0.027548888000290716,0.024832741431340774
miracl_te,pq,token,2,q32_d128,116505820,118.94111515811295,31.907004830917874,0.024959513896529294,0.0,2095304,0.026418565280098862,0.02492902192016074
miracl_te,rq,pooled,0,q16_d64,4879055,8.0,8.0,0.024959513896529294,0.0,1259384,0.017701129308971462,0.01634273817397177
miracl_te,rq,pooled,0,q32_d128,4879055,8.0,8.0,0.024959513896529294,0.0,1261864,0.018283296228276232,0.017160172859917663
miracl_te,rq,pooled,0,q32_d128,4879055,8.0,8.0,0.024959513896529294,0.0,1262276,0.018227821915322722,0.01705517852763254
miracl_te,rq,pooled,0,q32_d128,4879055,8.0,8.0,0.024959513896529294,0.0,1260496,0.017242563390150525,0.016829013874515852
miracl_te,rq,pooled,0,q32_d128,4879055,8.0,8.0,0.024959513896529294,0.0,1263240,0.02004474086477758,0.016678074137465172
miracl_te,rq,pooled,0,q32_d128,4879055,8.0,8.0,0.024959513896529294,0.0,1261612,0.02001790503002838,0.01711366697217918
miracl_te,rq,pooled,0,q32_d128,4879055,8.0,8.0,0.024959513896529294,0.0,1261996,0.008265111791104942,0.005582556852301502
miracl_te,rq,pooled,0,q32_d128,4879055,8.0,8.0,0.024959513896529294,0.0,1262200,0.019759625017053587,0.016592957500080413
miracl_te,rq,pooled,0,q32_d128,4879055,8.0,8.0,0.024959513896529294,0.0,1263948,0.01865620440201708,0.016459710228454844
miracl_te,rq,pooled,0,q32_d128,4879055,8.0,8.0,0.024959513896529294,0.0,1263396,0.019440696190914437,0.012562848293505933
miracl_te,rq,pooled,0,q64_d256,4879055,8.0,8.0,0.024959513896529294,0.0,1259692,0.017750832859869906,0.01629037929362514
miracl_te,rq,pooled,1,q32_d128,4775709,8.0,8.0,0.024959513896529294,0.0,1260756,0.018841331420299832,0.01642947909641552
miracl_te,rq,pooled,2,q32_d128,4621799,8.0,8.0,0.024959513896529294,0.0,1261992,0.018553459027878815,0.01718026126458215
miracl_te,rq,token,0,q16_d64,65161870,63.26334979800378,16.0,0.024959513896529294,0.0,1691668,0.022143043942945213,0.019569423954016056
miracl_te,rq,token,0,q32_d128,109801108,114.51307426087527,31.807971014492754,0.024959513896529294,0.0,2161512,0.026728371256098584,0.025443089558182797
miracl_te,rq,token,0,q32_d128,109801108,114.51307426087527,31.807971014492754,0.024959513896529294,0.0,2128340,0.026152496032387576,0.025918829145983025
miracl_te,rq,token,0,q32_d128,109801108,114.51307426087527,31.807971014492754,0.024959513896529294,0.0,2199908,0.024697634176371375,0.024821246536347367
miracl_te,rq,token,0,q32_d128,109801108,114.51307426087527,31.807971014492754,0.024959513896529294,0.0,2160984,0.023029165786459308,0.025599470611207258
miracl_te,rq,token,0,q32_d128,109801108,114.51307426087527,31.807971014492754,0.024959513896529294,0.0,2130348,0.025451082635023024,0.025742174938584314
miracl_te,rq,token,0,q32_d128,109801108,114.51307426087527,31.807971014492754,0.024959513896529294,0.0,2153704,0.016798729956563976,0.015451324006130893
miracl_te,rq,token,0,q32_d128,109801108,114.51307426087527,31.807971014492754,0.024959513896529294,0.0,2175952,0.027384143340702796,0.02536530496866402
miracl_te,rq,token,0,q32_d128,109801108,114.51307426087527,31.807971014492754,0.024959513896529294,0.0,2132268,0.026627800882634244,0.026341671594261117
miracl_te,rq,token,0,q32_d128,109801108,114.51307426087527,31.807971014492754,0.024959513896529294,0.0,2133428,0.027059229328420805,0.023993229672902124
miracl_te,rq,token,0,q64_d256,133169887,143.14207678751697,44.68599033816425,0.024959513896529294,0.0,2283884,0.03590847952527574,0.03234051084027801
miracl_te,rq,token,1,q32_d128,110378191,114.66624781162719,31.76086956521739,0.024959513896529294,0.0,2221020,0.02758877033565715,0.023474754179897604
miracl_te,rq,token,2,q32_d128,109753473,114.11774845149098,31.82850241545894,0.024959513896529294,0.0,2149104,0.02645450903148872,0.023507199258597542
miracl_te,sae,pooled,0,q16_d64,80663250,32.0,16.0,0.024959513896529294,0.0,1429376,0.022254144484379693,0.018959843447029247
miracl_te,sae,pooled,0,q32_d128,80663250,32.0,32.0,0.024959513896529294,0.0,1422544,0.027668957631688584,0.027064404510814193
miracl_te,sae,pooled,0,q32_d128,80663250,32.0,32.0,0.024959513896529294,0.0,1427388,0.025577335281281817,0.026173483727979
miracl_te,sae,pooled,0,q32_d128,80663250,32.0,32.0,0.024959513896529294,0.0,1434916,0.026042111354918275,0.025652526632617204
miracl_te,sae,pooled,0,q32_d128,80663250,32.0,32.0,0.024959513896529294,0.0,1429472,0.0262541640167471,0.024430122051853687
miracl_te,sae,pooled,0,q32_d128,80663250,32.0,32.0,0.024959513896529294,0.0,1428060,0.028399576460279,0.02508206420875006
miracl_te,sae,pooled,0,q32_d128,80663250,32.0,32.0,0.024959513896529294,0.0,1419760,0.012707743634006395,0.009340626512123227
miracl_te,sae,pooled,0,q32_d128,80663250,32.0,32.0,0.024959513896529294,0.0,1426100,0.028492495078753212,0.02475351937101695
miracl_te,sae,pooled,0,q32_d128,80663250,32.0,32.0,0.024959513896529294,0.0,1425784,0.029313919240449092,0.02399068728403148
miracl_te,sae,pooled,0,q32_d128,80663250,32.0,32.0,0.024959513896529294,0.0,1425856,0.029341932078531,0.023459339377994465
miracl_te,sae,pooled,0,q64_d256,80663250,32.0,32.0,0.024959513896529294,0.0,1425920,0.02706606376433637,0.01563160444226269
miracl_te,sae,pooled,1,q32_d128,80754799,32.0,32.0,0.024959513896529294,0.0,1433792,0.026547043386606076,0.020176946643879413
miracl_te,sae,pooled,2,q32_d128,80411231,32.0,32.0,0.024959513896529294,0.0,1416108,0.028217274760872414,0.013636281614862203
miracl_te,sae,token,0,q16_d64,161671925,63.999110174317046,16.0,0.024959513896529294,0.0,1645084,0.022645035384342094,0.01852010497947084
miracl_te,sae,token,0,q32_d128,324478508,127.46924696812648,32.0,0.024959513896529294,0.0,2178564,0.03341581151316815,0.030948077968787402
miracl_te,sae,token,0,q32_d128,324478508,127.46924696812648,32.0,0.024959513896529294,0.0,2213540,0.03125326650004591,0.028894964477063072
miracl_te,sae,token,0,q32_d128,324478508,127.46924696812648,32.0,0.024959513896529294,0.0,2216300,0.028991675748971206,0.029810457889964705
miracl_te,sae,token,0,q32_d128,324478508,127.46924696812648,32.0,0.024959513896529294,0.0,2176956,0.025362950271380174,0.025662430452693542
miracl_te,sae,token,0,q32_d128,324478508,127.46924696812648,32.0,0.024959513896529294,0.0,2210344,0.02842250600842993,0.026249410927628617
miracl_te,sae,token,0,q32_d128,324478508,127.46924696812648,32.0,0.024959513896529294,0.0,2188752,0.01865570726078948,0.018750710851526346
miracl_te,sae,token,0,q32_d128,324478508,127.46924696812648,32.0,0.024959513896529294,0.0,2177732,0.029855402631928093,0.025663243665175448
miracl_te,sae,token,0,q32_d128,324478508,127.46924696812648,32.0,0.024959513896529294,0.0,2152128,0.029835887223196435,0.025295368752302826
miracl_te,sae,token,0,q32_d128,324478508,127.46924696812648,32.0,0.024959513896529294,0.0,2209276,0.02962331313404799,0.02487335363762894
miracl_te,sae,token,0,q64_d256,608666317,237.9788410647797,64.0,0.024959513896529294,0.0,2745132,0.041677622899811285,0.042362758539985994
miracl_te,sae,token,1,q32_d128,324869478,127.59760770075606,32.0,0.024959513896529294,0.0,2284504,0.030644505070173744,0.02345136036125691
miracl_te,sae,token,2,q32_d128,324300920,127.54242692716748,32.0,0.024959513896529294,0.0,2116280,0.0320900225989939,0.022954575824585027
miracl_te,sae_shared,pooled,0,q32_d128,79031431,32.0,32.0,0.024959513896529294,0.0,1429104,0.01483497351710572,0.006469522852558589
miracl_te,sae_shared,token,0,q32_d128,324479052,127.46924696812648,32.0,0.024959513896529294,0.0,2151488,0.02011771124629034,0.010161520659604115
nfcorpus,gaussian,pooled,0,native,11397995,768.0,768.0,0.1442334159097165,0.0,355692,0.025915197718127315,0.025299674961802437
nfcorpus,gaussian,pooled,0,q16_d64,980086,64.0,16.0,0.1442334159097165,0.0,203128,0.002762710075860053,0.0027179389812871124
nfcorpus,gaussian,pooled,0,q32_d128,1965425,128.0,32.0,0.1442334159097165,0.0,217056,0.0019499402040552244,0.003917363777918159
nfcorpus,gaussian,pooled,0,q32_d128,1965425,128.0,32.0,0.1442334159097165,0.0,218348,0.0030331740447034593,0.0039045390595131243
nfcorpus,gaussian,pooled,0,q32_d128,1965425,128.0,32.0,0.1442334159097165,0.0,217728,0.0037846613441804428,0.003422550595402948
nfcorpus,gaussian,pooled,0,q64_d256,3885025,256.0,64.0,0.1442334159097165,0.0,247840,0.0040994225294781915,0.0050710206555819645
nfcorpus,gaussian,token,0,native,19230472,1366.3867327277733,943.3188854489164,0.1442334159097165,0.0,484940,0.0385236670061277,0.03707626033877095
nfcorpus,gaussian,token,0,q16_d64,985981,64.0,16.0,0.1442334159097165,0.0,204532,0.0025226920331329478,0.003221298082826815
nfcorpus,gaussian,token,0,q32_d128,1951189,128.0,32.0,0.1442334159097165,0.0,218700,0.0023483020807082994,0.003889952501535831
nfcorpus,gaussian,token,0,q32_d128,1951189,128.0,32.0,0.1442334159097165,0.0,219408,0.003361081259740349,0.003517459236783186
nfcorpus,gaussian,token,0,q32_d128,1951189,128.0,32.0,0.1442334159097165,0.0,219812,0.003120919495630698,0.004152166699679228
nfcorpus,gaussian,token,0,q64_d256,3870061,256.0,64.0,0.1442334159097165,0.0,249252,0.005596205122889979,0.00585853929729446
nfcorpus,identity,pooled,0,native,11179861,768.0,768.0,0.1442334159097165,0.0,355124,0.026369985169226492,0.025517956098547383
nfcorpus,identity,pooled,0,q16_d64,1012441,64.0,16.0,0.1442334159097165,0.0,203604,0.002413849219472231,0.0034337642410879627
nfcorpus,identity,pooled,0,q32_d128,2019226,128.0,32.0,0.1442334159097165,0.0,217956,0.0022501343531078507,0.004119935223469424
nfcorpus,identity,pooled,0,q32_d128,2019226,128.0,32.0,0.1442334159097165,0.0,218752,0.0033871013687018178,0.003917349104541743
nfcorpus,identity,pooled,0,q32_d128,2019226,128.0,32.0,0.1442334159097165,0.0,218784,0.003029604701919268,0.003156955642971692
nfcorpus,identity,pooled,0,q64_d256,3932080,256.0,64.0,0.1442334159097165,0.0,247152,0.003720570362141304,0.0052824497551602475
nfcorpus,identity,token,0,native,19021667,1330.2471786402423,913.8513931888544,0.1442334159097165,0.0,476520,0.03363423243499485,0.03479045825353002
nfcorpus,identity,token,0,q16_d64,1004684,64.0,16.0,0.1442334159097165,0.0,204756,0.002557899139031491,0.0029295670825861186
nfcorpus,identity,token,0,q32_d128,2001903,128.0,32.0,0.1442334159097165,0.0,219396,0.002047956231318345,0.004103481591514805
nfcorpus,identity,token,0,q32_d128,2001903,128.0,32.0,0.1442334159097165,0.0,219388,0.004124032976480645,0.003514477960050291
nfcorpus,identity,token,0,q32_d128,2001903,128.0,32.0,0.1442334159097165,0.0,220584,0.0034581544339057093,0.003579576475251662
nfcorpus,identity,token,0,q64_d256,3938504,256.0,64.0,0.1442334159097165,0.0,248920,0.0045146362123659155,0.004820293700755012
nfcorpus,kmeans,pooled,0,native,60104,4.0,4.0,0.1442334159097165,0.0,201248,0.0017494467655110285,0.0022655298916086693
nfcorpus,kmeans,pooled,0,q16_d64,60104,4.0,4.0,0.1442334159097165,0.0,201332,0.0017897188663482666,0.0026621467407919675
nfcorpus,kmeans,pooled,0,q32_d128,60104,4.0,4.0,0.1442334159097165,0.0,200824,0.001408441877425086,0.0030884280002130998
nfcorpus,kmeans,pooled,0,q32_d128,60104,4.0,4.0,0.1442334159097165,0.0,201144,0.0018544071894600388,0.0022122963906868417
nfcorpus,kmeans,pooled,0,q32_d128,60104,4.0,4.0,0.1442334159097165,0.0,200960,0.0018657668978091179,0.0019310127854370296
nfcorpus,kmeans,pooled,0,q64_d256,60104,4.0,4.0,0.1442334159097165,0.0,201196,0.001915172011311809,0.0022438350940936305
nfcorpus,kmeans,token,0,native,4700413,276.7225433526012,15.352941176470589,0.1442334159097165,0.0,249788,0.0027902909034096144,0.0032180195707458737
nfcorpus,kmeans,token,0,q16_d64,1078093,63.99724745389485,11.953560371517028,0.1442334159097165,0.0,207508,0.002670039204396192,0.0029666505641543273
nfcorpus,kmeans,token,0,q32_d128,2175366,127.8579686209744,15.092879256965944,0.1442334159097165,0.0,218628,0.0017401977145219735,0.003213239386072238
nfcorpus,kmeans,token,0,q32_d128,2175366,127.8579686209744,15.092879256965944,0.1442334159097165,0.0,219304,0.0022748634918382388,0.0030513814803293615
nfcorpus,kmeans,token,0,q32_d128,2175366,127.8579686209744,15.092879256965944,0.1442334159097165,0.0,219056,0.002372423560292267,0.0035505187257997483
nfcorpus,kmeans,token,0,q64_d256,4168630,245.66666666666666,15.352941176470589,0.1442334159097165,0.0,242860,0.0027173986188467627,0.0026426878801025103
nfcorpus,pca,pooled,0,native,6065871,384.0,384.0,0.1442334159097165,0.0,271544,0.010782485863124669,0.012220879640407144
nfcorpus,pca,pooled,0,q16_d64,1082862,64.0,16.0,0.1442334159097165,0.0,203788,0.0023572812896314145,0.0024861852968567203
nfcorpus,pca,pooled,0,q32_d128,2148506,128.0,32.0,0.1442334159097165,0.0,217604,0.001911276115981095,0.003496510598047322
nfcorpus,pca,pooled,0,q32_d128,2148506,128.0,32.0,0.1442334159097165,0.0,217608,0.002287493539316689,0.0034835491143455355
nfcorpus,pca,pooled,0,q32_d128,2148506,128.0,32.0,0.1442334159097165,0.0,216824,0.0030679074685513144,0.0035950656196004466
nfcorpus,pca,pooled,0,q64_d256,4140040,256.0,64.0,0.1442334159097165,0.0,245240,0.0036804648837068872,0.004578760113630548
nfcorpus,pca,token,0,native,10252366,755.5059179741261,534.8699690402477,0.1442334159097165,0.0,351060,0.02199345217129625,0.022165000830826006
nfcorpus,pca,token,0,q16_d64,1081624,64.0,16.0,0.1442334159097165,0.0,204076,0.0024774433827264115,0.00300514165978106
nfcorpus,pca,token,0,q32_d128,2129853,128.0,32.0,0.1442334159097165,0.0,218776,0.0018922447258658453,0.003943743467498167
nfcorpus,pca,token,0,q32_d128,2129853,128.0,32.0,0.1442334159097165,0.0,218480,0.002806234897197954,0.0037447999479485556
nfcorpus,pca,token,0,q32_d128,2129853,128.0,32.0,0.1442334159097165,0.0,218400,0.003406591692524198,0.0028087268215849213
nfcorpus,pca,token,0,q64_d256,4131255,256.0,64.0,0.1442334159097165,0.0,246016,0.003927592682614692,0.004288775780045027
nfcorpus,pq,pooled,0,native,25571,8.0,8.0,0.1442334159097165,0.0,189372,0.0017775460557245156,0.002560701528304594
nfcorpus,pq,pooled,0,q16_d64,25571,8.0,8.0,0.1442334159097165,0.0,188872,0.0021514795236174168,0.002192431058873056
nfcorpus,pq,pooled,0,q32_d128,25571,8.0,8.0,0.1442334159097165,0.0,189452,0.00224996551701182,0.002607433343069749
nfcorpus,pq,pooled,0,q32_d128,25571,8.0,8.0,0.1442334159097165,0.0,189644,0.0016567278480382158,0.002390437687375228
nfcorpus,pq,pooled,0,q32_d128,25571,8.0,8.0,0.1442334159097165,0.0,189732,0.0015745766737697295,0.0022737261674859945
nfcorpus,pq,pooled,0,q64_d256,25571,8.0,8.0,0.1442334159097165,0.0,189216,0.0019618588782293325,0.0020485216219716306
nfcorpus,pq,token,0,native,2781918,414.03275529865124,30.275541795665635,0.1442334159097165,0.0,281072,0.003554210451722791,0.003435063864978105
nfcorpus,pq,token,0,q16_d64,523109,64.0,15.263157894736842,0.1442334159097165,0.0,203036,0.002150282987477056,0.0030914639424094383
nfcorpus,pq,token,0,q32_d128,1018139,127.99009083402147,24.238390092879257,0.1442334159097165,0.0,216284,0.002725980091038457,0.0031596229969590166
nfcorpus,pq,token,0,q32_d128,1018139,127.99009083402147,24.238390092879257,0.1442334159097165,0.0,216936,0.002404594612985434,0.002978904068256633
nfcorpus,pq,token,0,q32_d128,1018139,127.99009083402147,24.238390092879257,0.1442334159097165,0.0,216140,0.002540921687866466,0.0031790947282092858
nfcorpus,pq,token,0,q64_d256,1875330,255.59950454170107,29.91950464396285,0.1442334159097165,0.0,245088,0.0033513917083110973,0.0035396440087272656
nfcorpus,rq,pooled,0,native,37780,8.0,8.0,0.1442334159097165,0.0,195164,0.0020201654885621634,0.0026062786832867025
nfcorpus,rq,pooled,0,q16_d64,37780,8.0,8.0,0.1442334159097165,0.0,194880,0.0015342761661522898,0.002945747212059911
nfcorpus,rq,pooled,0,q32_d128,37780,8.0,8.0,0.1442334159097165,0.0,195600,0.0026385019232025918,0.0025912993313635096
nfcorpus,rq,pooled,0,q32_d128,37780,8.0,8.0,0.1442334159097165,0.0,195760,0.0017911284151357302,0.0027713360540257428
nfcorpus,rq,pooled,0,q32_d128,37780,8.0,8.0,0.1442334159097165,0.0,195720,0.0019607406661733295,0.0026434026240449017
nfcorpus,rq,pooled,0,q64_d256,37780,8.0,8.0,0.1442334159097165,0.0,195056,0.0020178818805633406,0.002478043153022788
nfcorpus,rq,token,0,native,1823932,267.41205615194053,29.226006191950464,0.1442334159097165,0.0,247720,0.003041165276075895,0.0038061991338286514
nfcorpus,rq,token,0,q16_d64,541164,64.0,15.191950464396285,0.1442334159097165,0.0,202672,0.0025477798153925976,0.0025834086287662896
nfcorpus,rq,token,0,q32_d128,1000897,127.96421690063309,24.037151702786378,0.1442334159097165,0.0,215788,0.0026268476667891806,0.0037697733808078173
nfcorpus,rq,token,0,q32_d128,1000897,127.96421690063309,24.037151702786378,0.1442334159097165,0.0,216832,0.0023600209371731746,0.0030472707313315326
nfcorpus,rq,token,0,q32_d128,1000897,127.96421690063309,24.037151702786378,0.1442334159097165,0.0,216088,0.002754325829965319,0.0036767427059865034
nfcorpus,rq,token,0,q64_d256,1706781,245.48114505917974,29.027863777089784,0.1442334159097165,0.0,242960,0.002699690913470122,0.003406846819405124
nfcorpus,sae,pooled,0,native,578456,32.0,32.0,0.1442334159097165,0.0,242712,0.0026108123471631725,0.0030387389436133507
nfcorpus,sae,pooled,0,q16_d64,578456,32.0,16.0,0.1442334159097165,0.0,242228,0.0022866566133492227,0.0022797147821254408
nfcorpus,sae,pooled,0,q32_d128,578456,32.0,32.0,0.1442334159097165,0.0,242396,0.0026658696934131,0.0032958436293106515
nfcorpus,sae,pooled,0,q32_d128,578456,32.0,32.0,0.1442334159097165,0.0,242200,0.002337295868384995,0.0032052084422978825
nfcorpus,sae,pooled,0,q32_d128,578456,32.0,32.0,0.1442334159097165,0.0,239756,0.0023659417281740405,0.0033480965304577685
nfcorpus,sae,pooled,0,q64_d256,578456,32.0,32.0,0.1442334159097165,0.0,242500,0.0022678855329394433,0.0026497876252863707
nfcorpus,sae,token,0,native,15008816,816.7943848059455,82.52941176470588,0.1442334159097165,0.0,372880,0.0049088866155790655,0.00479240060262036
nfcorpus,sae,token,0,q16_d64,1137614,64.0,16.0,0.1442334159097165,0.0,243368,0.0026407855542682273,0.0034835404859158
nfcorpus,sae,token,0,q32_d128,2312995,128.0,32.0,0.1442334159097165,0.0,256300,0.002806169109926458,0.002964339132533169
nfcorpus,sae,token,0,q32_d128,2312995,128.0,32.0,0.1442334159097165,0.0,256480,0.002485417276505531,0.002936647030677727
nfcorpus,sae,token,0,q32_d128,2312995,128.0,32.0,0.1442334159097165,0.0,256528,0.0026576286981937593,0.0029596051629402044
nfcorpus,sae,token,0,q64_d256,4666995,255.96118909991742,59.294117647058826,0.1442334159097165,0.0,274672,0.003202717828394228,0.0050922895503452414
nfcorpus,sae_shared,pooled,0,q32_d128,568437,32.0,32.0,0.1442334159097165,0.0,242256,0.0026005075519310522,0.0031542707992942526
nfcorpus,sae_shared,token,0,q32_d128,2313027,128.0,32.0,0.1442334159097165,0.0,256220,0.002633698110904072,0.0034781204307330746
scidocs,gaussian,pooled,0,q16_d64,7061627,64.0,16.0,0.03768951942939549,0.0,322856,0.006480876879300922,0.006184462972451002
scidocs,gaussian,pooled,0,q32_d128,14087293,128.0,32.0,0.03768951942939549,0.0,417620,0.007607103738700971,0.009806633272906765
scidocs,gaussian,pooled,0,q64_d256,27811982,256.0,64.0,0.03768951942939549,0.0,650272,0.016090986255789176,0.01761265973211266
scidocs,gaussian,token,0,q16_d64,7044360,64.0,16.0,0.03768951942939549,0.0,321580,0.0058816748142708096,0.007134868649765849
scidocs,gaussian,token,0,q32_d128,14016759,128.0,32.0,0.03768951942939549,0.0,419392,0.007515861249063164,0.009408273119246587
scidocs,gaussian,token,0,q64_d256,28019901,256.0,64.0,0.03768951942939549,0.0,650112,0.016569760968675837,0.015418749276548623
scidocs,identity,pooled,0,q16_d64,7313746,64.0,16.0,0.03768951942939549,0.0,316332,0.007580151115776971,0.007461760636651889
scidocs,identity,pooled,0,q32_d128,14564498,128.0,32.0,0.03768951942939549,0.0,418280,0.007184857628075406,0.009410016807494686
scidocs,identity,pooled,0,q64_d256,28271275,256.0,64.0,0.03768951942939549,0.0,649948,0.014835558116668835,0.014978478505276144
scidocs,identity,token,0,q16_d64,7291499,64.0,16.0,0.03768951942939549,0.0,323020,0.0061799013884738085,0.007727915819734335
scidocs,identity,token,0,q32_d128,14639057,128.0,32.0,0.03768951942939549,0.0,418548,0.00694376029772684,0.008776681678369641
scidocs,identity,token,0,q64_d256,28744557,256.0,64.0,0.03768951942939549,0.0,650084,0.01513047371385619,0.014102645855629817
scidocs,kmeans,pooled,0,q16_d64,426030,4.0,4.0,0.03768951942939549,0.0,233160,0.011432883985107764,0.013220636662328616
scidocs,kmeans,pooled,0,q32_d128,426030,4.0,4.0,0.03768951942939549,0.0,232528,0.010211640754714608,0.012758103340165689
scidocs,kmeans,pooled,0,q64_d256,426030,4.0,4.0,0.03768951942939549,0.0,233056,0.011572511366335676,0.01317519438569434
scidocs,kmeans,token,0,q16_d64,7716505,63.47562068831118,15.984,0.03768951942939549,0.0,316892,0.004526673725573346,0.005402183590922505
scidocs,kmeans,token,0,q32_d128,15535676,126.1839653895623,29.642,0.03768951942939549,0.0,420224,0.005146085142623633,0.005822117187082768
scidocs,kmeans,token,0,q64_d256,26660899,218.70090033908875,37.316,0.03768951942939549,0.0,586704,0.006601747931912542,0.007407114134170115
scidocs,pca,pooled,0,q16_d64,7845365,64.0,16.0,0.03768951942939549,0.0,322532,0.004680782716954127,0.004569950010161847
scidocs,pca,pooled,0,q32_d128,15440683,128.0,32.0,0.03768951942939549,0.0,418952,0.005033062294358388,0.0063582917102612555
scidocs,pca,pooled,0,q64_d256,29523542,256.0,64.0,0.03768951942939549,0.0,650724,0.010371489877812565,0.01211269623041153
scidocs,pca,token,0,q16_d64,7781152,64.0,16.0,0.03768951942939549,0.0,323576,0.00489104024018161,0.0059520846256054935
scidocs,pca,token,0,q32_d128,15369945,128.0,32.0,0.03768951942939549,0.0,418284,0.0059692976369988176,0.007284757599234581
scidocs,pca,token,0,q64_d256,29656866,256.0,64.0,0.03768951942939549,0.0,650404,0.010690209866967053,0.012204372553853319
scidocs,pq,pooled,0,q16_d64,173869,8.0,8.0,0.03768951942939549,0.0,231248,0.012376024630852044,0.011395507301902398
scidocs,pq,pooled,0,q32_d128,173869,8.0,8.0,0.03768951942939549,0.0,230388,0.010982540598604828,0.014011671972461046
scidocs,pq,pooled,0,q64_d256,173869,8.0,8.0,0.03768951942939549,0.0,230364,0.013414836894487962,0.01220974745368585
scidocs,pq,token,0,q16_d64,3678959,63.803406477764355,16.0,0.03768951942939549,0.0,317896,0.004698916326509789,0.004398352696793154
scidocs,pq,token,0,q32_d128,7137497,126.90423666056047,31.959,0.03768951942939549,0.0,417056,0.00455785683193244,0.006118862820556388
scidocs,pq,token,0,q64_d256,13029396,252.00561250341036,57.795,0.03768951942939549,0.0,643440,0.008011108869686723,0.008184157272102312
scidocs,rq,pooled,0,q16_d64,287633,8.0,8.0,0.03768951942939549,0.0,230332,0.004173964991467074,0.004181520186830312
scidocs,rq,pooled,0,q32_d128,287633,8.0,8.0,0.03768951942939549,0.0,230044,0.00403049573302269,0.004088128821225837
scidocs,rq,pooled,0,q64_d256,287633,8.0,8.0,0.03768951942939549,0.0,230860,0.004553875991841778,0.00411226470884867
scidocs,rq,token,0,q16_d64,3883314,63.811864208598045,16.0,0.03768951942939549,0.0,318060,0.004573672815226019,0.004933316495968029
scidocs,rq,token,0,q32_d128,7058467,126.85025529095374,31.922,0.03768951942939549,0.0,417692,0.006245776324765757,0.007089952376438305
scidocs,rq,token,0,q64_d256,11155928,224.6416572475348,57.117,0.03768951942939549,0.0,596960,0.00889772112108767,0.009529754240997135
scidocs,sae,pooled,0,q16_d64,4190856,32.0,16.0,0.03768951942939549,0.0,287208,0.00471885018190369,0.005281841324875131
scidocs,sae,pooled,0,q32_d128,4190856,32.0,32.0,0.03768951942939549,0.0,286884,0.004124029844766483,0.004388209881493822
scidocs,sae,pooled,0,q64_d256,4190856,32.0,32.0,0.03768951942939549,0.0,286828,0.0038783168727532027,0.0040138896545395255
scidocs,sae,token,0,q16_d64,8262247,63.9995712671006,16.0,0.03768951942939549,0.0,318612,0.004145793112460524,0.004661689506843686
scidocs,sae,token,0,q32_d128,16823823,127.84125190006625,32.0,0.03768951942939549,0.0,418852,0.005610533200437203,0.0062614102428779
scidocs,sae,token,0,q64_d256,33678853,254.12386483220953,64.0,0.03768951942939549,0.0,647196,0.0074704904949758205,0.007223023036727682
scidocs,sae_shared,pooled,0,q32_d128,4146764,32.0,32.0,0.03768951942939549,0.0,286776,0.004650878649204969,0.0029452476694714277
scidocs,sae_shared,token,0,q32_d128,16823314,127.84125190006625,32.0,0.03768951942939549,0.0,423608,0.004807430516462773,0.003112105505075306
scifact,gaussian,pooled,0,native,16454422,768.0,768.0,0.14103800887516882,0.0,423208,0.03276671913297226,0.028672642714809626
scifact,gaussian,pooled,0,q16_d64,1405706,64.0,16.0,0.14103800887516882,0.0,208244,0.0031271838404548667,0.0029969869654936096
scifact,gaussian,pooled,0,q32_d128,2827583,128.0,32.0,0.14103800887516882,0.0,230120,0.0034952039954562982,0.0030422915906334917
scifact,gaussian,pooled,0,q32_d128,2827583,128.0,32.0,0.14103800887516882,0.0,229052,0.003585018846982469,0.002834543139518549
scifact,gaussian,pooled,0,q32_d128,2827583,128.0,32.0,0.14103800887516882,0.0,230372,0.0037793617711092036,0.0029505625801781814
scifact,gaussian,pooled,0,q32_d128,2827583,128.0,32.0,0.14103800887516882,0.0,229020,0.0034373938463007413,0.002919520688398431
scifact,gaussian,pooled,0,q32_d128,2827583,128.0,32.0,0.14103800887516882,0.0,229096,0.0033897082003143926,0.0031306210439652205
scifact,gaussian,pooled,0,q32_d128,2827583,128.0,32.0,0.14103800887516882,0.0,227980,0.002275430525963505,0.002222937534097582
scifact,gaussian,pooled,0,q32_d128,2827583,128.0,32.0,0.14103800887516882,0.0,229960,0.0043677760288119314,0.003291517309068392
scifact,gaussian,pooled,0,q32_d128,2827583,128.0,32.0,0.14103800887516882,0.0,228864,0.003985148603096605,0.0034658497230460245
scifact,gaussian,pooled,0,q32_d128,2827583,128.0,32.0,0.14103800887516882,0.0,229368,0.0034029833832755685,0.002973078976695736
scifact,gaussian,pooled,0,q32_d128,2827583,128.0,32.0,0.14103800887516882,0.0,229076,0.0033930328643570346,0.0028538023742536705
scifact,gaussian,pooled,0,q32_d128,2827583,128.0,32.0,0.14103800887516882,0.0,230136,0.003029828271828592,0.0029374155603970093
scifact,gaussian,pooled,0,q64_d256,5602026,256.0,64.0,0.14103800887516882,0.0,268360,0.00531982907326892,0.004970738287859907
scifact,gaussian,pooled,1,q32_d128,2848553,128.0,32.0,0.14103800887516882,0.0,229880,0.004165494727591673,0.003999097901396453
scifact,gaussian,pooled,2,q32_d128,2846190,128.0,32.0,0.14103800887516882,0.0,228952,0.003996123116618643,0.003481890829280019
scifact,gaussian,token,0,native,27646461,1373.8961991124831,1125.2466666666667,0.14103800887516882,0.0,609208,0.04864946597954258,0.05098629252209018
scifact,gaussian,token,0,q16_d64,1416225,64.0,16.0,0.14103800887516882,0.0,209280,0.0027664421304749946,0.002654164362854014
scifact,gaussian,token,0,q32_d128,2803748,128.0,32.0,0.14103800887516882,0.0,229004,0.003339401426104208,0.002929482730105519
scifact,gaussian,token,0,q32_d128,2803748,128.0,32.0,0.14103800887516882,0.0,229812,0.0030415157523627084,0.002998198315811654
scifact,gaussian,token,0,q32_d128,2803748,128.0,32.0,0.14103800887516882,0.0,229412,0.003055363157764077,0.003057539057917893
scifact,gaussian,token,0,q32_d128,2803748,128.0,32.0,0.14103800887516882,0.0,229468,0.0030300504768577714,0.002991698442492634
scifact,gaussian,token,0,q32_d128,2803748,128.0,32.0,0.14103800887516882,0.0,229844,0.0030426610237918794,0.0031399007071740924
scifact,gaussian,token,0,q32_d128,2803748,128.0,32.0,0.14103800887516882,0.0,228748,0.0026413515085975327,0.002438376205197225
scifact,gaussian,token,0,q32_d128,2803748,128.0,32.0,0.14103800887516882,0.0,230720,0.0040809241270956895,0.004231451679952442
scifact,gaussian,token,0,q32_d128,2803748,128.0,32.0,0.14103800887516882,0.0,232668,0.004056695479278763,0.003211325978239377
scifact,gaussian,token,0,q32_d128,2803748,128.0,32.0,0.14103800887516882,0.0,232028,0.0029821625507126252,0.0031575845407011607
scifact,gaussian,token,0,q32_d128,2803748,128.0,32.0,0.14103800887516882,0.0,228612,0.003146820442440609,0.0029078067078565557
scifact,gaussian,token,0,q32_d128,2803748,128.0,32.0,0.14103800887516882,0.0,228528,0.002965781999907146,0.002925553606667866
scifact,gaussian,token,0,q64_d256,5567454,256.0,64.0,0.14103800887516882,0.0,271508,0.005207884442837288,0.0052150300533200305
scifact,gaussian,token,1,q32_d128,2819629,128.0,32.0,0.14103800887516882,0.0,229212,0.004379800975633164,0.004085130350819479
scifact,gaussian,token,2,q32_d128,2815296,128.0,32.0,0.14103800887516882,0.0,232312,0.005927455816417932,0.0039054072252474726
scifact,identity,pooled,0,native,16100988,768.0,767.9966666666667,0.14103800887516882,0.0,423888,0.034182959963412335,0.027337649843345087
scifact,identity,pooled,0,q16_d64,1462102,64.0,16.0,0.14103800887516882,0.0,208400,0.0027134560871248446,0.002945160640714069
scifact,identity,pooled,0,q32_d128,2918818,128.0,32.0,0.14103800887516882,0.0,230064,0.004262244470107058,0.003282530803699046
scifact,identity,pooled,0,q32_d128,2918818,128.0,32.0,0.14103800887516882,0.0,229236,0.00415610568287472,0.00332030270791923
scifact,identity,pooled,0,q32_d128,2918818,128.0,32.0,0.14103800887516882,0.0,229096,0.0037776707865608233,0.0036767073969046276
scifact,identity,pooled,0,q32_d128,2918818,128.0,32.0,0.14103800887516882,0.0,230052,0.003427986630704254,0.0030121917044743894
scifact,identity,pooled,0,q32_d128,2918818,128.0,32.0,0.14103800887516882,0.0,229800,0.004453791751681517,0.0031433356398095687
scifact,identity,pooled,0,q32_d128,2918818,128.0,32.0,0.14103800887516882,0.0,230088,0.0023147017136216164,0.0022526086082992453
scifact,identity,pooled,0,q32_d128,2918818,128.0,32.0,0.14103800887516882,0.0,230008,0.003958701913555463,0.003723839722418537
scifact,identity,pooled,0,q32_d128,2918818,128.0,32.0,0.14103800887516882,0.0,230180,0.0037588470491270224,0.0031014430227999886
scifact,identity,pooled,0,q32_d128,2918818,128.0,32.0,0.14103800887516882,0.0,230028,0.0037954670664233467,0.0032933330295297006
scifact,identity,pooled,0,q32_d128,2918818,128.0,32.0,0.14103800887516882,0.0,229968,0.003684362364001572,0.0035181007161736487
scifact,identity,pooled,0,q32_d128,2918818,128.0,32.0,0.14103800887516882,0.0,229964,0.0034098766992489496,0.0034108575743933517
scifact,identity,pooled,0,q64_d256,5674568,256.0,64.0,0.14103800887516882,0.0,268188,0.005245786047695825,0.004912392966604481
scifact,identity,token,0,native,27399760,1338.453405363689,1076.6633333333334,0.14103800887516882,0.0,599256,0.04992385463401054,0.04672740036388859
scifact,identity,token,0,q16_d64,1449161,64.0,16.0,0.14103800887516882,0.0,209180,0.0026690275082364677,0.002526096093934029
scifact,identity,token,0,q32_d128,2888975,128.0,32.0,0.14103800887516882,0.0,229148,0.003008974422700703,0.003346880889342477
scifact,identity,token,0,q32_d128,2888975,128.0,32.0,0.14103800887516882,0.0,228904,0.0036325939271288615,0.003122948167535166
scifact,identity,token,0,q32_d128,2888975,128.0,32.0,0.14103800887516882,0.0,228640,0.003000681313375632,0.003263130690126369
scifact,identity,token,0,q32_d128,2888975,128.0,32.0,0.14103800887516882,0.0,228776,0.003469778695143759,0.0033273119347480436
scifact,identity,token,0,q32_d128,2888975,128.0,32.0,0.14103800887516882,0.0,228548,0.0036404141962217786,0.0032560482691042125
scifact,identity,token,0,q32_d128,2888975,128.0,32.0,0.14103800887516882,0.0,226964,0.002362131914899995,0.0020014721426802377
scifact,identity,token,0,q32_d128,2888975,128.0,32.0,0.14103800887516882,0.0,228724,0.004169627886731178,0.004023344655676434
scifact,identity,token,0,q32_d128,2888975,128.0,32.0,0.14103800887516882,0.0,229020,0.004052190602136155,0.0036018576961942017
scifact,identity,token,0,q32_d128,2888975,128.0,32.0,0.14103800887516882,0.0,228672,0.0035801329797444242,0.0029645250543641546
scifact,identity,token,0,q32_d128,2888975,128.0,32.0,0.14103800887516882,0.0,228512,0.0038733356601248184,0.0031152078804249565
scifact,identity,token,0,q32_d128,2888975,128.0,32.0,0.14103800887516882,0.0,228384,0.003157123384686808,0.002703021957228581
scifact,identity,token,0,q64_d256,5681856,256.0,64.0,0.14103800887516882,0.0,276068,0.005603785967299094,0.004772624986556669
scifact,kmeans,pooled,0,native,84708,4.0,4.0,0.14103800887516882,0.0,199836,0.0020911162501821914,0.0015931563715760907
scifact,kmeans,pooled,0,q16_d64,84708,4.0,4.0,0.14103800887516882,0.0,199628,0.002025486697287609,0.0017947283340618014
scifact,kmeans,pooled,0,q32_d128,84708,4.0,4.0,0.14103800887516882,0.0,199824,0.0017929299330959718,0.00166596772071595
scifact,kmeans,pooled,0,q32_d128,84708,4.0,4.0,0.14103800887516882,0.0,199856,0.001832288734149188,0.0016160058470753333
scifact,kmeans,pooled,0,q32_d128,84708,4.0,4.0,0.14103800887516882,0.0,199796,0.0016829772720423838,0.0013738678644100825
scifact,kmeans,pooled,0,q32_d128,84708,4.0,4.0,0.14103800887516882,0.0,199396,0.0016774555078397195,0.0017382018671681483
scifact,kmeans,pooled,0,q32_d128,84708,4.0,4.0,0.14103800887516882,0.0,199780,0.0017648686779042084,0.001451363660550366
scifact,kmeans,pooled,0,q32_d128,84708,4.0,4.0,0.14103800887516882,0.0,198160,0.0014723433228209615,0.0014223895710892976
scifact,kmeans,pooled,0,q32_d128,84708,4.0,4.0,0.14103800887516882,0.0,199796,0.002255589955020696,0.0015893177726926902
scifact,kmeans,pooled,0,q32_d128,84708,4.0,4.0,0.14103800887516882,0.0,199708,0.0022543484539104004,0.0016622740969372293
scifact,kmeans,pooled,0,q32_d128,84708,4.0,4.0,0.14103800887516882,0.0,199672,0.0017624998038324217,0.0016187554000255961
scifact,kmeans,pooled,0,q32_d128,84708,4.0,4.0,0.14103800887516882,0.0,199572,0.0017837925581261516,0.001623393673604975
scifact,kmeans,pooled,0,q32_d128,84708,4.0,4.0,0.14103800887516882,0.0,199736,0.0016535583355774483,0.0016655746040244897
scifact,kmeans,pooled,0,q64_d256,84708,4.0,4.0,0.14103800887516882,0.0,199828,0.001922601101299127,0.0016534774587489665
scifact,kmeans,pooled,1,q32_d128,86739,4.0,4.0,0.14103800887516882,0.0,199708,0.002627739571034908,0.002049701762540887
scifact,kmeans,pooled,2,q32_d128,85727,4.0,4.0,0.14103800887516882,0.0,199676,0.002197081537451595,0.0024322255390385786
scifact,kmeans,token,0,native,6717538,276.1039938259695,52.413333333333334,0.14103800887516882,0.0,274452,0.0031378247837225595,0.003279807939349363
scifact,kmeans,token,0,q16_d64,1539452,64.0,16.0,0.14103800887516882,0.0,211248,0.0021619645482860504,0.002093032385067393
scifact,kmeans,token,0,q32_d128,3118432,127.99073895427358,31.39,0.14103800887516882,0.0,227724,0.002750736487408479,0.0024626660300418736
scifact,kmeans,token,0,q32_d128,3118432,127.99073895427358,31.39,0.14103800887516882,0.0,226676,0.002406398293872674,0.002427940060539792
scifact,kmeans,token,0,q32_d128,3118432,127.99073895427358,31.39,0.14103800887516882,0.0,227224,0.002558248840117206,0.0023436416553643843
scifact,kmeans,token,0,q32_d128,3118432,127.99073895427358,31.39,0.14103800887516882,0.0,226688,0.002517560409226765,0.0023216496617533265
scifact,kmeans,token,0,q32_d128,3118432,127.99073895427358,31.39,0.14103800887516882,0.0,228656,0.002614486893483748,0.0021946587467876573
scifact,kmeans,token,0,q32_d128,3118432,127.99073895427358,31.39,0.14103800887516882,0.0,228424,0.0021139521803706885,0.00178409691589574
scifact,kmeans,token,0,q32_d128,3118432,127.99073895427358,31.39,0.14103800887516882,0.0,228072,0.003322157586614291,0.0025125758140347896
scifact,kmeans,token,0,q32_d128,3118432,127.99073895427358,31.39,0.14103800887516882,0.0,228432,0.003084980794228613,0.002321744833607227
scifact,kmeans,token,0,q32_d128,3118432,127.99073895427358,31.39,0.14103800887516882,0.0,226280,0.0024096625631985567,0.00243620175945883
scifact,kmeans,token,0,q32_d128,3118432,127.99073895427358,31.39,0.14103800887516882,0.0,227452,0.0025691874278709293,0.0022390544895703594
scifact,kmeans,token,0,q32_d128,3118432,127.99073895427358,31.39,0.14103800887516882,0.0,226424,0.002652115060482174,0.002477799691259861
scifact,kmeans,token,0,q64_d256,5986904,246.37063476750916,48.483333333333334,0.14103800887516882,0.0,266072,0.0029153300837303203,0.0032442033655631047
scifact,kmeans,token,1,q32_d128,3103386,127.98649430831564,31.38,0.14103800887516882,0.0,226560,0.0030852228162499763,0.002619292826081316
scifact,kmeans,token,2,q32_d128,3116216,127.98803781593672,31.426666666666666,0.14103800887516882,0.0,227824,0.0030495889709951977,0.002919929135435571
scifact,pca,pooled,0,native,8706702,384.0,384.0,0.14103800887516882,0.0,312676,0.013516749559591213,0.012406385467232516
scifact,pca,pooled,0,q16_d64,1564835,64.0,16.0,0.14103800887516882,0.0,207304,0.0028415496468854446,0.002590043405070901
scifact,pca,pooled,0,q32_d128,3099019,128.0,32.0,0.14103800887516882,0.0,226200,0.0025745450053364038,0.002729094203095883
scifact,pca,pooled,0,q32_d128,3099019,128.0,32.0,0.14103800887516882,0.0,227684,0.0027006119637129206,0.0025220665560724835
scifact,pca,pooled,0,q32_d128,3099019,128.0,32.0,0.14103800887516882,0.0,226872,0.0026194750765959423,0.0027701831857363385
scifact,pca,pooled,0,q32_d128,3099019,128.0,32.0,0.14103800887516882,0.0,227200,0.00264436486021926,0.002703758256975561
scifact,pca,pooled,0,q32_d128,3099019,128.0,32.0,0.14103800887516882,0.0,227192,0.0028405211035472653,0.002706709953490645
scifact,pca,pooled,0,q32_d128,3099019,128.0,32.0,0.14103800887516882,0.0,226836,0.002451586548704654,0.0019198141177184879
scifact,pca,pooled,0,q32_d128,3099019,128.0,32.0,0.14103800887516882,0.0,227896,0.0033635385738064847,0.0024852074535253147
scifact,pca,pooled,0,q32_d128,3099019,128.0,32.0,0.14103800887516882,0.0,226488,0.003424043629784137,0.003098575426265597
scifact,pca,pooled,0,q32_d128,3099019,128.0,32.0,0.14103800887516882,0.0,227644,0.0030156215412231783,0.002793656697807213
scifact,pca,pooled,0,q32_d128,3099019,128.0,32.0,0.14103800887516882,0.0,227328,0.002424913262948394,0.0025522857966522377
scifact,pca,pooled,0,q32_d128,3099019,128.0,32.0,0.14103800887516882,0.0,226580,0.0027757186830664675,0.0025659227937770385
scifact,pca,pooled,0,q64_d256,5943547,256.0,64.0,0.14103800887516882,0.0,266092,0.003818590537024041,0.0038362035838266214
scifact,pca,token,0,native,14649451,756.1545437005595,657.16,0.14103800887516882,0.0,418792,0.02996113009052351,0.03332385509585341
scifact,pca,token,0,q16_d64,1564638,64.0,16.0,0.14103800887516882,0.0,208760,0.0022135875777651868,0.00233536540530622
scifact,pca,token,0,q32_d128,3067450,128.0,32.0,0.14103800887516882,0.0,228984,0.0026829595413679877,0.002502282918430865
scifact,pca,token,0,q32_d128,3067450,128.0,32.0,0.14103800887516882,0.0,229420,0.0027494778336646657,0.002680678082785259
scifact,pca,token,0,q32_d128,3067450,128.0,32.0,0.14103800887516882,0.0,228636,0.0026827749245179194,0.002535884079212944
scifact,pca,token,0,q32_d128,3067450,128.0,32.0,0.14103800887516882,0.0,229060,0.0026131126595040164,0.0026249810541048644
scifact,pca,token,0,q32_d128,3067450,128.0,32.0,0.14103800887516882,0.0,229612,0.0026566630392335353,0.0024644570712310573
scifact,pca,token,0,q32_d128,3067450,128.0,32.0,0.14103800887516882,0.0,227276,0.002376731970192244,0.0019137289196563263
scifact,pca,token,0,q32_d128,3067450,128.0,32.0,0.14103800887516882,0.0,228812,0.0037656829211240015,0.0028813865214275818
scifact,pca,token,0,q32_d128,3067450,128.0,32.0,0.14103800887516882,0.0,228892,0.004002800659121324,0.0029914937059705455
scifact,pca,token,0,q32_d128,3067450,128.0,32.0,0.14103800887516882,0.0,229028,0.002707068646947543,0.002470520722369353
scifact,pca,token,0,q32_d128,3067450,128.0,32.0,0.14103800887516882,0.0,228772,0.002760891960157702,0.0023916660939964154
scifact,pca,token,0,q32_d128,3067450,128.0,32.0,0.14103800887516882,0.0,228628,0.002632945244355748,0.002371283903873215
scifact,pca,token,0,q64_d256,5933909,256.0,64.0,0.14103800887516882,0.0,268216,0.004391608180788656,0.0043167008087038996
scifact,pq,pooled,0,native,37922,8.0,8.0,0.14103800887516882,0.0,188980,0.0019260944930526117,0.0018376964377239346
scifact,pq,pooled,0,q16_d64,37922,8.0,8.0,0.14103800887516882,0.0,189348,0.002021180836794277,0.001769041094618539
scifact,pq,pooled,0,q32_d128,37922,8.0,8.0,0.14103800887516882,0.0,188932,0.0017560949238638083,0.0015581657046762605
scifact,pq,pooled,0,q32_d128,37922,8.0,8.0,0.14103800887516882,0.0,189496,0.0018683608667925,0.0016688683116808534
scifact,pq,pooled,0,q32_d128,37922,8.0,8.0,0.14103800887516882,0.0,189428,0.0017071273162340124,0.0016818518571866056
scifact,pq,pooled,0,q32_d128,37922,8.0,8.0,0.14103800887516882,0.0,189504,0.0018900204069601993,0.0017721481334107617
scifact,pq,pooled,0,q32_d128,37922,8.0,8.0,0.14103800887516882,0.0,188924,0.001769044614241769,0.0017893116090757152
scifact,pq,pooled,0,q32_d128,37922,8.0,8.0,0.14103800887516882,0.0,188464,0.0014780540376280744,0.0015730807472330828
scifact,pq,pooled,0,q32_d128,37922,8.0,8.0,0.14103800887516882,0.0,189544,0.0021551018495423097,0.0019326652850334843
scifact,pq,pooled,0,q32_d128,37922,8.0,8.0,0.14103800887516882,0.0,189096,0.002282255170866847,0.0018432578002102672
scifact,pq,pooled,0,q32_d128,37922,8.0,8.0,0.14103800887516882,0.0,189032,0.0019815201700354615,0.0016174706094898284
scifact,pq,pooled,0,q32_d128,37922,8.0,8.0,0.14103800887516882,0.0,189056,0.0017253324203193188,0.001656562143471092
scifact,pq,pooled,0,q32_d128,37922,8.0,8.0,0.14103800887516882,0.0,188476,0.001678541589062661,0.0015011200580435495
scifact,pq,pooled,0,q64_d256,37922,8.0,8.0,0.14103800887516882,0.0,188688,0.002007860482359926,0.0018776802827293673
scifact,pq,pooled,1,q32_d128,39359,8.0,8.0,0.14103800887516882,0.0,189564,0.0025928329668628673,0.0018705554337551196
scifact,pq,pooled,2,q32_d128,39678,8.0,8.0,0.14103800887516882,0.0,189720,0.002511924916567902,0.0018273619872828325
scifact,pq,token,0,native,4068602,421.25139880378157,95.42666666666666,0.14103800887516882,0.0,323104,0.005052350092834483,0.005865072845481336
scifact,pq,token,0,q16_d64,752356,64.0,16.0,0.14103800887516882,0.0,206072,0.002207332516554743,0.0019212362340961893
scifact,pq,token,0,q32_d128,1458950,128.0,32.0,0.14103800887516882,0.0,227836,0.0023504560502866905,0.0024927978380583225
scifact,pq,token,0,q32_d128,1458950,128.0,32.0,0.14103800887516882,0.0,227288,0.0023255748224134246,0.002472387528202186
scifact,pq,token,0,q32_d128,1458950,128.0,32.0,0.14103800887516882,0.0,227252,0.0027070837863720954,0.0024048383712458113
scifact,pq,token,0,q32_d128,1458950,128.0,32.0,0.14103800887516882,0.0,226884,0.0028096499270759525,0.0023132003634236753
scifact,pq,token,0,q32_d128,1458950,128.0,32.0,0.14103800887516882,0.0,225804,0.0024187874188646673,0.0021000931163628897
scifact,pq,token,0,q32_d128,1458950,128.0,32.0,0.14103800887516882,0.0,226780,0.002188600319592903,0.0017739443038590251
scifact,pq,token,0,q32_d128,1458950,128.0,32.0,0.14103800887516882,0.0,228992,0.002983849444426596,0.0024706276009480157
scifact,pq,token,0,q32_d128,1458950,128.0,32.0,0.14103800887516882,0.0,227180,0.0028439513399886587,0.0027055600805518526
scifact,pq,token,0,q32_d128,1458950,128.0,32.0,0.14103800887516882,0.0,227960,0.002568441612335543,0.0023249844073628388
scifact,pq,token,0,q32_d128,1458950,128.0,32.0,0.14103800887516882,0.0,226596,0.0025205972348339854,0.0024231678387150167
scifact,pq,token,0,q32_d128,1458950,128.0,32.0,0.14103800887516882,0.0,227460,0.002415743782185018,0.002451660286169499
scifact,pq,token,0,q64_d256,2700598,255.92668338799922,62.343333333333334,0.14103800887516882,0.0,268528,0.0036968331861620147,0.0031739838359256586
scifact,pq,token,1,q32_d128,1455690,128.0,32.0,0.14103800887516882,0.0,226624,0.0028074784801962473,0.002843280222732574
scifact,pq,token,2,q32_d128,1457160,128.0,32.0,0.14103800887516882,0.0,226508,0.0027771508134901523,0.003786077667027712
scifact,rq,pooled,0,native,54837,8.0,8.0,0.14103800887516882,0.0,193840,0.0019980116250614324,0.001767428652383387
scifact,rq,pooled,0,q16_d64,54837,8.0,8.0,0.14103800887516882,0.0,194004,0.002034433885322263,0.0017984795935141545
scifact,rq,pooled,0,q32_d128,54837,8.0,8.0,0.14103800887516882,0.0,193772,0.0018286699537808696,0.0020880282072660824
scifact,rq,pooled,0,q32_d128,54837,8.0,8.0,0.14103800887516882,0.0,194636,0.001944270005915314,0.0018490163042830924
scifact,rq,pooled,0,q32_d128,54837,8.0,8.0,0.14103800887516882,0.0,193484,0.0017172600041764478,0.0018477881482491891
scifact,rq,pooled,0,q32_d128,54837,8.0,8.0,0.14103800887516882,0.0,193724,0.0018522803353456158,0.0018926469058108827
scifact,rq,pooled,0,q32_d128,54837,8.0,8.0,0.14103800887516882,0.0,193948,0.0015134379624699554,0.0017702832096256316
scifact,rq,pooled,0,q32_d128,54837,8.0,8.0,0.14103800887516882,0.0,193712,0.0014752321457490326,0.0014065415823521713
scifact,rq,pooled,0,q32_d128,54837,8.0,8.0,0.14103800887516882,0.0,193956,0.00232996701883773,0.0018450015240038435
scifact,rq,pooled,0,q32_d128,54837,8.0,8.0,0.14103800887516882,0.0,193932,0.0021689221356064083,0.0019870474895772833
scifact,rq,pooled,0,q32_d128,54837,8.0,8.0,0.14103800887516882,0.0,193200,0.001947778279427439,0.0018233512078101436
scifact,rq,pooled,0,q32_d128,54837,8.0,8.0,0.14103800887516882,0.0,193464,0.0019072099798358977,0.0016995043439480167
scifact,rq,pooled,0,q32_d128,54837,8.0,8.0,0.14103800887516882,0.0,193092,0.002100359540587912,0.0018095767288468778
scifact,rq,pooled,0,q64_d256,54837,8.0,8.0,0.14103800887516882,0.0,194204,0.0020247917148905497,0.0018741307655970256
scifact,rq,pooled,1,q32_d128,54464,8.0,8.0,0.14103800887516882,0.0,194720,0.0020244778941075005,0.002206460442394018
scifact,rq,pooled,2,q32_d128,53500,8.0,8.0,0.14103800887516882,0.0,194096,0.0028067036756935218,0.0032672201291037103
scifact,rq,token,0,native,2678778,275.02720432182133,79.81,0.14103800887516882,0.0,274396,0.004436090880384048,0.005139712733216584
scifact,rq,token,0,q16_d64,779712,64.0,16.0,0.14103800887516882,0.0,206664,0.0022877552973416945,0.0023141163300412397
scifact,rq,token,0,q32_d128,1441491,128.0,31.98,0.14103800887516882,0.0,226628,0.0029383055997701983,0.002399692441492031
scifact,rq,token,0,q32_d128,1441491,128.0,31.98,0.14103800887516882,0.0,227732,0.003027920136228204,0.0025925034028477967
scifact,rq,token,0,q32_d128,1441491,128.0,31.98,0.14103800887516882,0.0,228512,0.0030076533912991484,0.0025554944334241253
scifact,rq,token,0,q32_d128,1441491,128.0,31.98,0.14103800887516882,0.0,227788,0.0026958972898622354,0.002461894806474447
scifact,rq,token,0,q32_d128,1441491,128.0,31.98,0.14103800887516882,0.0,227740,0.0027611338851662973,0.0023210025446799894
scifact,rq,token,0,q32_d128,1441491,128.0,31.98,0.14103800887516882,0.0,226540,0.0021604715675736467,0.002932275239533434
scifact,rq,token,0,q32_d128,1441491,128.0,31.98,0.14103800887516882,0.0,227840,0.0036050328340691824,0.002938245745996634
scifact,rq,token,0,q32_d128,1441491,128.0,31.98,0.14103800887516882,0.0,226852,0.002586211790330708,0.0028214529467125733
scifact,rq,token,0,q32_d128,1441491,128.0,31.98,0.14103800887516882,0.0,227596,0.0026828167603040734,0.0024084635730832814
scifact,rq,token,0,q32_d128,1441491,128.0,31.98,0.14103800887516882,0.0,227548,0.002747036051005125,0.002398575150873512
scifact,rq,token,0,q32_d128,1441491,128.0,31.98,0.14103800887516882,0.0,228660,0.002684890117185811,0.0024388694072452685
scifact,rq,token,0,q64_d256,2476713,247.95890410958904,60.17333333333333,0.14103800887516882,0.0,266772,0.003943283245898783,0.004130925968444596
scifact,rq,token,1,q32_d128,1447509,128.0,31.996666666666666,0.14103800887516882,0.0,227248,0.0033899428121124705,0.003493151127671202
scifact,rq,token,2,q32_d128,1447643,128.0,31.99,0.14103800887516882,0.0,227844,0.0033287037823659677,0.0028289188025519252
scifact,sae,pooled,0,native,837523,32.0,32.0,0.14103800887516882,0.0,238568,0.0022372883201266327,0.002225180284585804
scifact,sae,pooled,0,q16_d64,837523,32.0,16.0,0.14103800887516882,0.0,242000,0.0024255015530313053,0.0021580174231591322
scifact,sae,pooled,0,q32_d128,837523,32.0,32.0,0.14103800887516882,0.0,242620,0.0024448640116800863,0.002155868272917966
scifact,sae,pooled,0,q32_d128,837523,32.0,32.0,0.14103800887516882,0.0,242928,0.0023472914891317486,0.0020895344694145026
scifact,sae,pooled,0,q32_d128,837523,32.0,32.0,0.14103800887516882,0.0,243444,0.002528844307331989,0.002098145093768835
scifact,sae,pooled,0,q32_d128,837523,32.0,32.0,0.14103800887516882,0.0,242704,0.0024355122664322455,0.001893802050035447
scifact,sae,pooled,0,q32_d128,837523,32.0,32.0,0.14103800887516882,0.0,241764,0.0023505447494486967,0.002084504789672792
scifact,sae,pooled,0,q32_d128,837523,32.0,32.0,0.14103800887516882,0.0,241440,0.001644764629503091,0.002132051493196438
scifact,sae,pooled,0,q32_d128,837523,32.0,32.0,0.14103800887516882,0.0,243528,0.0021871423092670737,0.002279867338947952
scifact,sae,pooled,0,q32_d128,837523,32.0,32.0,0.14103800887516882,0.0,242656,0.002679858891448627,0.002465260917476068
scifact,sae,pooled,0,q32_d128,837523,32.0,32.0,0.14103800887516882,0.0,242008,0.0021659207918370764,0.0019506021356210112
scifact,sae,pooled,0,q32_d128,837523,32.0,32.0,0.14103800887516882,0.0,242480,0.00208416435867548,0.001998464256369819
scifact,sae,pooled,0,q32_d128,837523,32.0,32.0,0.14103800887516882,0.0,242556,0.0022651695599779486,0.0021001618231336274
scifact,sae,pooled,0,q64_d256,837523,32.0,32.0,0.14103800887516882,0.0,242860,0.0026200808639017244,0.0023418161226436496
scifact,sae,pooled,1,q32_d128,834679,32.0,32.0,0.14103800887516882,0.0,243300,0.003138713949204733,0.002452034946375837
scifact,sae,pooled,2,q32_d128,836916,32.0,32.0,0.14103800887516882,0.0,242552,0.003044864912517369,0.002278696894645691
scifact,sae,token,0,native,22532182,844.7005595215127,196.43666666666667,0.14103800887516882,0.0,461764,0.008159814869674544,0.008609711948471765
scifact,sae,token,0,q16_d64,1645705,64.0,16.0,0.14103800887516882,0.0,248720,0.002595805985232194,0.002287483151691655
scifact,sae,token,0,q32_d128,3347948,128.0,32.0,0.14103800887516882,0.0,262756,0.0027546067947211363,0.0024306613695807755
scifact,sae,token,0,q32_d128,3347948,128.0,32.0,0.14103800887516882,0.0,252688,0.0026298122488272687,0.0024177421963152788
scifact,sae,token,0,q32_d128,3347948,128.0,32.0,0.14103800887516882,0.0,260284,0.002656938722357154,0.002471574741260459
scifact,sae,token,0,q32_d128,3347948,128.0,32.0,0.14103800887516882,0.0,262332,0.0023411934597728154,0.002307530849551161
scifact,sae,token,0,q32_d128,3347948,128.0,32.0,0.14103800887516882,0.0,258948,0.0024750599397035935,0.002643494086805731
scifact,sae,token,0,q32_d128,3347948,128.0,32.0,0.14103800887516882,0.0,261832,0.0019367095509854456,0.002681570032145828
scifact,sae,token,0,q32_d128,3347948,128.0,32.0,0.14103800887516882,0.0,247272,0.0030854003185716767,0.00366039861459285
scifact,sae,token,0,q32_d128,3347948,128.0,32.0,0.14103800887516882,0.0,263096,0.003223300370542953,0.002589125601419558
scifact,sae,token,0,q32_d128,3347948,128.0,32.0,0.14103800887516882,0.0,260112,0.002499218243950357,0.0027510074595920742
scifact,sae,token,0,q32_d128,3347948,128.0,32.0,0.14103800887516882,0.0,262644,0.0025124901277013122,0.0025357072893530132
scifact,sae,token,0,q32_d128,3347948,128.0,32.0,0.14103800887516882,0.0,252684,0.0028004949532138804,0.0025942107165853184
scifact,sae,token,0,q64_d256,6772042,256.0,64.0,0.14103800887516882,0.0,283640,0.004124715583554158,0.004062212162340681
scifact,sae,token,1,q32_d128,3366735,128.0,32.0,0.14103800887516882,0.0,262172,0.0034996076975949107,0.0028491051921931405
scifact,sae,token,2,q32_d128,3338990,128.0,32.0,0.14103800887516882,0.0,252452,0.0030639686008604866,0.0032813913615730903
scifact,sae_shared,pooled,0,q32_d128,821663,32.0,32.0,0.14103800887516882,0.0,242540,0.002310845795242737,0.002383021650991092
scifact,sae_shared,token,0,q32_d128,3347843,128.0,32.0,0.14103800887516882,0.0,252832,0.0030723450519144534,0.0026702030228140453
trec_covid,gaussian,pooled,0,q16_d64,46418933,63.99962645623701,16.0,0.10088599911283357,0.0,477208,0.06013870043680072,0.06147687200456858
trec_covid,gaussian,pooled,0,q32_d128,93456681,127.99925291247402,32.0,0.10088599911283357,0.0,695864,0.10152689025737345,0.09418776349630206
trec_covid,gaussian,pooled,0,q64_d256,185530812,255.99850582494804,64.0,0.10088599911283357,0.0,1130740,0.2143386308569461,0.20793874467723072
trec_covid,gaussian,token,0,q16_d64,47643430,63.99962645623701,16.0,0.10088599911283357,0.0,473680,0.06076883059926331,0.06710747056175023
trec_covid,gaussian,token,0,q32_d128,94660254,127.99925291247402,32.0,0.10088599911283357,0.0,696576,0.08546954958233983,0.11860160812269896
trec_covid,gaussian,token,0,q64_d256,187589734,255.99850582494804,64.0,0.10088599911283357,0.0,1131072,0.24523282340262084,0.2339469619607553
trec_covid,identity,pooled,0,q16_d64,48379451,63.99962645623701,16.0,0.10088599911283357,0.0,477036,0.06234302754048258,0.05600835218094289
trec_covid,identity,pooled,0,q32_d128,96628453,127.99925291247402,32.0,0.10088599911283357,0.0,695668,0.09332041509915143,0.13122796872165055
trec_covid,identity,pooled,0,q64_d256,189001774,255.99850582494804,64.0,0.10088599911283357,0.0,1130200,0.15941209842450918,0.18977298852056265
trec_covid,identity,token,0,q16_d64,49008659,63.99962645623701,16.0,0.10088599911283357,0.0,476928,0.05470803897827864,0.0671002670377493
trec_covid,identity,token,0,q32_d128,97629559,127.99925291247402,32.0,0.10088599911283357,0.0,710960,0.08834911685902626,0.11279907358344644
trec_covid,identity,token,0,q64_d256,191381191,255.99850582494804,64.0,0.10088599911283357,0.0,1131416,0.17458402235992254,0.19307025643996895
trec_covid,kmeans,pooled,0,q16_d64,2988260,4.0,4.0,0.10088599911283357,0.0,216436,0.02517537516076118,0.03737633245997131
trec_covid,kmeans,pooled,0,q32_d128,2988260,4.0,4.0,0.10088599911283357,0.0,219896,0.03552344135940075,0.03566787175834179
trec_covid,kmeans,pooled,0,q64_d256,2988260,4.0,4.0,0.10088599911283357,0.0,218760,0.026290332237258553,0.026656790981069208
trec_covid,kmeans,token,0,q16_d64,47351400,57.14998365746037,15.92,0.10088599911283357,0.0,427364,0.038223898401483894,0.045399875142611575
trec_covid,kmeans,token,0,q32_d128,87052183,105.32888777344571,26.9,0.10088599911283357,0.0,628364,0.058501324485987424,0.06739777385722846
trec_covid,kmeans,token,0,q64_d256,154786036,189.09158826138724,30.86,0.10088599911283357,0.0,853036,0.08789261140394956,0.09197513220366091
trec_covid,pca,pooled,0,q16_d64,51757385,64.0,16.0,0.10088599911283357,0.0,484676,0.040584062058478594,0.048228048202581704
trec_covid,pca,pooled,0,q32_d128,102500908,128.0,32.0,0.10088599911283357,0.0,689624,0.0857207511225715,0.0975163975218311
trec_covid,pca,pooled,0,q64_d256,196950939,256.0,64.0,0.10088599911283357,0.0,1130644,0.15591214735992254,0.21013532096520066
trec_covid,pca,token,0,q16_d64,52547833,63.99962645623701,16.0,0.10088599911283357,0.0,476592,0.05176072741858661,0.05512617541942746
trec_covid,pca,token,0,q32_d128,103323537,127.99925291247402,32.0,0.10088599911283357,0.0,711484,0.09626906133722514,0.09668150960002095
trec_covid,pca,token,0,q64_d256,199045306,255.99850582494804,64.0,0.10088599911283357,0.0,1130604,0.15719291752204298,0.1732896183989942
trec_covid,pq,pooled,0,q16_d64,1357830,8.0,8.0,0.10088599911283357,0.0,226720,0.021583268856629735,0.029046834958717228
trec_covid,pq,pooled,0,q32_d128,1357830,8.0,8.0,0.10088599911283357,0.0,228608,0.021444894317537547,0.028508928320370615
trec_covid,pq,pooled,0,q64_d256,1357830,8.0,8.0,0.10088599911283357,0.0,228264,0.02099077814258635,0.017140908879227937
trec_covid,pq,token,0,q16_d64,24715500,61.95104242056358,16.0,0.10088599911283357,0.0,454640,0.036449590059928594,0.040410064877942214
trec_covid,pq,token,0,q32_d128,43935162,113.7183538393295,31.94,0.10088599911283357,0.0,662056,0.059993350142613054,0.05011980599723756
trec_covid,pq,token,0,q64_d256,74901518,209.461320710667,54.8,0.10088599911283357,0.0,931096,0.10415016138460487,0.0915252144401893
trec_covid,rq,pooled,0,q16_d64,1853220,8.0,8.0,0.10088599911283357,0.0,227020,0.02843821150250733,0.026237429999746383
trec_covid,rq,pooled,0,q32_d128,1853220,8.0,8.0,0.10088599911283357,0.0,226988,0.029911545463837685,0.021416643224656588
trec_covid,rq,pooled,0,q64_d256,1853220,8.0,8.0,0.10088599911283357,0.0,228684,0.02275145294144749,0.026188081903383134
trec_covid,rq,token,0,q16_d64,24712104,61.41461606705111,16.0,0.10088599911283357,0.0,449576,0.044600521200336515,0.03529061408247799
trec_covid,rq,token,0,q32_d128,41862131,112.06987603016366,32.0,0.10088599911283357,0.0,662464,0.08368489608168601,0.06407268927898258
trec_covid,rq,token,0,q64_d256,66430246,198.02685429458595,54.84,0.10088599911283357,0.0,890788,0.09986237389966846,0.0959495441801846
trec_covid,sae,pooled,0,q16_d64,28193236,32.0,16.0,0.10088599911283357,0.0,323760,0.032325959498994056,0.02743493840098381
trec_covid,sae,pooled,0,q32_d128,28193236,32.0,32.0,0.10088599911283357,0.0,327364,0.03203805092256516,0.046266731820069254
trec_covid,sae,pooled,0,q64_d256,28193236,32.0,32.0,0.10088599911283357,0.0,327492,0.03963627543766052,0.025195143781602383
trec_covid,sae,token,0,q16_d64,55695813,63.9552156047907,16.0,0.10088599911283357,0.0,466300,0.04123753326013685,0.03840721205808222
trec_covid,sae,token,0,q32_d128,111148771,126.12444260266616,32.0,0.10088599911283357,0.0,761856,0.07527221708092839,0.07337096194270998
trec_covid,sae,token,0,q64_d256,204970764,231.7046961454953,64.0,0.10088599911283357,0.0,1030060,0.09046554219909013,0.10560722433496267
trec_covid,sae_shared,pooled,0,q32_d128,27327731,32.0,32.0,0.10088599911283357,0.0,328900,0.0212934858025983,0.030076275812461972
trec_covid,sae_shared,token,0,q32_d128,111148859,126.12444260266616,32.0,0.10088599911283357,0.0,760720,0.05867882414255291,0.06666901237796992
