row_id,collection,corpus_id,language,basis,granularity,seed,budget,k1,b,control,ndcg_off,ndcg_on,raw_delta,margin,responsive_switches,p_value,holm_p,bootstrap_samples,fixture
fb6e1585f9efe1219864dcfa2be93432228ff18518874ecb42c9692fcc5338cf,arguana,beir/arguana,en,gaussian,pooled,0,native,1.2,0.75,,0.0,0.30409148411971254,0.30409148411971254,2.651633947186588,3,9.999000099990002e-05,,10000,False
d24da5311a0e2593ee146c79d8a95933afd65b7bd0b9697b17e3454824040e2d,arguana,beir/arguana,en,gaussian,pooled,0,q16_d64,1.2,0.75,,0.0007652550295158628,0.036998422221898995,0.036233167192383134,2.5241046838648376,3,9.999000099990002e-05,,10000,False
5de1b3cd8bfae4329359445d9dcfeea0cb6e68233d77a5f9a79f1acec3225a5c,arguana,beir/arguana,en,gaussian,pooled,0,q32_d128,1.2,0.75,,0.0,0.07226488866590271,0.07226488866590271,2.3933539508618815,3,9.999000099990002e-05,0.013998600139986002,10000,False
fec9a68432a6f876474b18dbba77a76537ae29aae668570af48424f8006ae757,arguana,beir/arguana,en,gaussian,pooled,0,q32_d128,1.2,0.75,shuffled_idf,0.0,0.06763417240599932,0.06763417240599932,2.340891169605166,3,9.999000099990002e-05,,10000,False
69b2515e8a46bacadb74da97462ef37eac57fee547e48045e567207095d0ff81,arguana,beir/arguana,en,gaussian,pooled,0,q32_d128,1.2,0.75,uniform_frequency,0.0,0.08120765677089627,0.08120765677089627,2.6088527068209104,2,9.999000099990002e-05,,10000,False
6ee6d3f34417eea72d7e587c8ba6892cdefa04ba60dc63ea8218e7a1d8696703,arguana,beir/arguana,en,gaussian,pooled,0,q64_d256,1.2,0.75,,0.00021410383759884864,0.12182325002541851,0.12160914618781966,2.1571589070534225,3,9.999000099990002e-05,,10000,False
d92b404dd3a95ce7929e95d58c66de5db6f22cf97b05aa4b8cef1e6b7c4b035c,arguana,beir/arguana,en,gaussian,token,0,native,1.2,0.75,,0.0011701792414124538,0.08936474445638512,0.08819456521497267,2.9139158030407004,3,9.999000099990002e-05,,10000,False
24c2caadb857287984fa3f9bb11a337e9f6bc4e188426dd48bcdfc4437ba0719,arguana,beir/arguana,en,gaussian,token,0,q16_d64,1.2,0.75,,0.0038907500910930117,0.02739975101093691,0.023509000919843898,2.7535287824139054,3,9.999000099990002e-05,,10000,False
c1830c9f05724fc3cd743bfce0b3e448f342eeff7842ed137c8fdb04ad62831c,arguana,beir/arguana,en,gaussian,token,0,q32_d128,1.2,0.75,,0.0026424779681716868,0.05586953257736971,0.05322705460919802,2.8870225140169032,3,9.999000099990002e-05,0.013998600139986002,10000,False
df03508a265eb9f8911bbd04448ecf4b00121251ec75976fd2ad62886b1b1ea3,arguana,beir/arguana,en,gaussian,token,0,q32_d128,1.2,0.75,shuffled_idf,0.0026424779681716868,0.044967924195577116,0.04232544622740543,2.4751121608905735,3,9.999000099990002e-05,,10000,False
8891ded75d5ed45f4a45d2a5077352f39444fea911423902e878a2dfda7986f7,arguana,beir/arguana,en,gaussian,token,0,q32_d128,1.2,0.75,uniform_frequency,0.0026424779681716868,0.05391681749274802,0.051274339524576336,2.790478351967955,3,9.999000099990002e-05,,10000,False
3084bcf0c30c8d7a4d548ef24e647d19b6b4ee4e9932ba23b3cb337d904a2243,arguana,beir/arguana,en,gaussian,token,0,q64_d256,1.2,0.75,,0.002892616273009465,0.0887242534317119,0.08583163715870244,2.893636680778884,3,9.999000099990002e-05,,10000,False
c55c780be2bea17532111c6a7fc9edf282d6e069487b8730fb2a598e9076e1b8,arguana,beir/arguana,en,identity,pooled,0,native,1.2,0.75,,0.0,0.2652817486596275,0.2652817486596275,2.465250083298351,3,9.999000099990002e-05,,10000,False
c30a724cd7660f72f61f375e7790dabf30e4725509332eb9d72dda22230ac856,arguana,beir/arguana,en,identity,pooled,0,q16_d64,1.2,0.75,,0.0,0.027588534286925787,0.027588534286925787,2.6642047528821107,3,9.999000099990002e-05,,10000,False
bcd3c5c1641367115dac11ee62a52c12b273863b146bec6d7c348f078f1eb431,arguana,beir/arguana,en,identity,pooled,0,q32_d128,1.2,0.75,,0.0,0.0925138183621866,0.0925138183621866,2.4428664671865774,3,9.999000099990002e-05,0.013998600139986002,10000,False
36e4c7c5f977b4e682f01aa92b06b6289fc9e24e220c7b90d054bf4fb77ef55b,arguana,beir/arguana,en,identity,pooled,0,q32_d128,1.2,0.75,shuffled_idf,0.0,0.0869372038937869,0.0869372038937869,2.444721740833327,3,9.999000099990002e-05,,10000,False
bcfcb13dbc3535144a02a4f7790ce87033d24e376fbd612a74a9ead4330e6add,arguana,beir/arguana,en,identity,pooled,0,q32_d128,1.2,0.75,uniform_frequency,0.0,0.10231006447790797,0.10231006447790797,2.703626097834807,2,9.999000099990002e-05,,10000,False
d879ce3ea41d752ce2b62b385b40c2dbf71c473aceb64b072ab5705d6ed25d12,arguana,beir/arguana,en,identity,pooled,0,q64_d256,1.2,0.75,,0.0,0.1898633679900512,0.1898633679900512,2.334719225532935,3,9.999000099990002e-05,,10000,False
a7a5397805ece164b6046e750cd2b827cf7aeda7ad778580c63c78cf06c03ad6,arguana,beir/arguana,en,identity,token,0,native,1.2,0.75,,0.0009370763622389294,0.1417067910361144,0.14076971467387545,3.1673468527298403,3,9.999000099990002e-05,,10000,False
28a1cd4b957e2049be947e546f721b58b7f1d66df7e8879c65fa7bf4fa347078,arguana,beir/arguana,en,identity,token,0,q16_d64,1.2,0.75,,0.00035561877667140827,0.0191767868569282,0.01882116808025679,2.910592475959781,3,9.999000099990002e-05,,10000,False
5cd381d1dd6c3b082b21e40146067d3bb68b557cbafa64c7b43c07b1df8cd9b0,arguana,beir/arguana,en,identity,token,0,q32_d128,1.2,0.75,,0.0018197189695080315,0.07985636165266054,0.07803664268315251,2.658124996628512,3,9.999000099990002e-05,0.013998600139986002,10000,False
96d29dc90d20b0a647fc3b734aec078a2fd776279f45140d655d4e46afa04206,arguana,beir/arguana,en,identity,token,0,q32_d128,1.2,0.75,shuffled_idf,0.0018197189695080315,0.0640051240605866,0.06218540509107857,2.3305351969229164,3,9.999000099990002e-05,,10000,False
fefa8b7eb5691ba3ee7ad267fd9cc2918cc916431645ccb00b9096562e852ffa,arguana,beir/arguana,en,identity,token,0,q32_d128,1.2,0.75,uniform_frequency,0.0018197189695080315,0.07710097309633865,0.07528125412683062,2.6243996705625907,3,9.999000099990002e-05,,10000,False
ed42d32e2e750d89c8d72e144fb8fa23b85759c3ccf1eaeb2148162a411f1898,arguana,beir/arguana,en,identity,token,0,q64_d256,1.2,0.75,,0.003304471178566422,0.15420512881361292,0.1509006576350465,2.7218496554008986,3,9.999000099990002e-05,,10000,False
e944c8b151cd14b92a8405b0b58cfe594e88fe9be52aeb11d508efd646251045,arguana,beir/arguana,en,kmeans,pooled,0,native,1.2,0.75,,0.032621358903402675,0.034886254002916554,0.002264895099513879,2.171920232905359,2,0.27777222277772223,,10000,False
98face8b869a2a4f4c473dba74c16c4457fbbd20f342524e97c15748b7279a09,arguana,beir/arguana,en,kmeans,pooled,0,q16_d64,1.2,0.75,,0.032621358903402675,0.034886254002916554,0.002264895099513879,2.171920232905359,2,0.27777222277772223,,10000,False
6b3dea4874564457a29346ac0b447dbfcb7b27722193fd697c90d8dd0637128e,arguana,beir/arguana,en,kmeans,pooled,0,q32_d128,1.2,0.75,,0.032621358903402675,0.034886254002916554,0.002264895099513879,2.171920232905359,2,0.27777222277772223,1.0,10000,False
6c4fac140492dcf917fec457d6ccd1338aec6d36c2bbb5b1568bffdbdd4b3c35,arguana,beir/arguana,en,kmeans,pooled,0,q32_d128,1.2,0.75,shuffled_idf,0.032621358903402675,0.03172994980831237,-0.0008914090950903064,-1.3284163113584728,2,0.44295570442955706,,10000,False
e041221e2a4d029fb4857c8a50335bb264e736e09821995369b83ba69efd5f9f,arguana,beir/arguana,en,kmeans,pooled,0,q32_d128,1.2,0.75,uniform_frequency,0.032621358903402675,0.032969513108293484,0.000348154204890809,2.0,1,0.6071392860713929,,10000,False
e251a7d8839af6c9c49046c66fc1c5c341942efe68b42353d6240c424c9ade00,arguana,beir/arguana,en,kmeans,pooled,0,q64_d256,1.2,0.75,,0.032621358903402675,0.034886254002916554,0.002264895099513879,2.171920232905359,2,0.27777222277772223,,10000,False
971c47af46c21ad41aeaa8af2e3fce97d95ebf1724f3e3744fa6863a0ec93e57,arguana,beir/arguana,en,kmeans,token,0,native,1.2,0.75,,0.002507730724430755,0.14883109854262458,0.14632336781819383,3.2331764472638245,3,9.999000099990002e-05,,10000,False
1172673e00bb3e1b9186602582062d650c2879d0b832450fa7960ae981d7bbb4,arguana,beir/arguana,en,kmeans,token,0,q16_d64,1.2,0.75,,0.0026456197613024756,0.0446360733474763,0.04199045358617383,3.0120309163610215,3,9.999000099990002e-05,,10000,False
695410b466d7d4efa71a0d1eee639f2afee77fcfc9803566ada7638b6c705dd6,arguana,beir/arguana,en,kmeans,token,0,q32_d128,1.2,0.75,,0.0024070111428123307,0.07427742888458418,0.07187041774177184,3.078989830519814,3,9.999000099990002e-05,0.013998600139986002,10000,False
e4bb3d55455a7b9c5a08bb8749caf8c9b6c69f3c04a9056b48b88f7cf451c740,arguana,beir/arguana,en,kmeans,token,0,q32_d128,1.2,0.75,shuffled_idf,0.0024070111428123307,0.027871846416587402,0.02546483527377507,2.732171048561521,3,9.999000099990002e-05,,10000,False
172548d2d9ac2fd20e72c066f747c42853ba5b9af8b997aa232c6ad92c800371,arguana,beir/arguana,en,kmeans,token,0,q32_d128,1.2,0.75,uniform_frequency,0.0024070111428123307,0.02624933809713678,0.023842326954324446,2.54164867691332,2,9.999000099990002e-05,,10000,False
40ef8d6083da238607622d6b94ab3981222b59a702b0911049d86d0021a3c9c4,arguana,beir/arguana,en,kmeans,token,0,q64_d256,1.2,0.75,,0.002569683784695767,0.12360550586246022,0.12103582207776445,3.1240063089954937,3,9.999000099990002e-05,,10000,False
1cc8bb315b1b7a1968784efe2f76fbd765ce9fd710583ab1a173c011d2879aea,arguana,beir/arguana,en,pca,pooled,0,native,1.2,0.75,,0.18728784041679417,0.4070113403832858,0.21972349996649163,1.7624064949814928,3,9.999000099990002e-05,,10000,False
5044f19fe8347e8380ec4ee0974a8700db75c48929dcac30f3258d94526be8fd,arguana,beir/arguana,en,pca,pooled,0,q16_d64,1.2,0.75,,0.024969756834701085,0.14512882927038126,0.12015907243568018,2.546280991185264,3,9.999000099990002e-05,,10000,False
c2c4053be56f9fd493212720f5cc17feab9ae407c578459da9393152498d85de,arguana,beir/arguana,en,pca,pooled,0,q32_d128,1.2,0.75,,0.07115902182076696,0.2674722518645621,0.19631323004379514,2.353162696807809,3,9.999000099990002e-05,0.013998600139986002,10000,False
4543c7a42f67dd9e61c651b6a69e4a2c38e405588decae377a912424d7bb0fa6,arguana,beir/arguana,en,pca,pooled,0,q32_d128,1.2,0.75,shuffled_idf,0.07115902182076696,0.2515522031808939,0.18039318136012694,1.7736938900745587,3,9.999000099990002e-05,,10000,False
089faf1f87572a4d5da2399526db2706f650c6964c8f08d6c792e3687d16ab2b,arguana,beir/arguana,en,pca,pooled,0,q32_d128,1.2,0.75,uniform_frequency,0.07115902182076696,0.2697059706363354,0.19854694881556845,2.0390900088315367,2,9.999000099990002e-05,,10000,False
2b3ac0a808402681161bd619904aa06af699514f4efab304c2ce93b24fa606af,arguana,beir/arguana,en,pca,pooled,0,q64_d256,1.2,0.75,,0.14400927784471695,0.3563873081836252,0.21237803033890823,2.0558919660863824,3,9.999000099990002e-05,,10000,False
18f5022f8051b853357d089a9978c3a426fcd072a634df0e9f83de8545f560c6,arguana,beir/arguana,en,pca,token,0,native,1.2,0.75,,0.006512659425406187,0.1714916630150233,0.16497900358961712,2.5057815979498868,3,9.999000099990002e-05,,10000,False
af0a76d91b6f74d027002aff10586d7f0dd12ba412965757d9e97d90dfc457ed,arguana,beir/arguana,en,pca,token,0,q16_d64,1.2,0.75,,0.0024838427238394337,0.10126258214848845,0.09877873942464901,2.5636106034616497,3,9.999000099990002e-05,,10000,False
3b207be6953019699a55ea78c918e41990019944d061482156058fbb7aa06d53,arguana,beir/arguana,en,pca,token,0,q32_d128,1.2,0.75,,0.0034890182779285903,0.23605663146855563,0.23256761319062705,2.52794078167518,3,9.999000099990002e-05,0.013998600139986002,10000,False
51282ea5d4624d1c9220667bfaeaac21eabe8eb933178c64b4b86e6eae9b30c8,arguana,beir/arguana,en,pca,token,0,q32_d128,1.2,0.75,shuffled_idf,0.0034890182779285903,0.18781208343909847,0.1843230651611699,2.0822832379768275,3,9.999000099990002e-05,,10000,False
1575955f249b497e8b0d1af951b2a05cae55ebf2aa2a2ca0239c9fae3eb68851,arguana,beir/arguana,en,pca,token,0,q32_d128,1.2,0.75,uniform_frequency,0.0034890182779285903,0.209221677828391,0.2057326595504624,2.2062687775135306,3,9.999000099990002e-05,,10000,False
b80feb9c863f711fd109cc9cad1212f740f0f35435d6fd4178f6e60699939612,arguana,beir/arguana,en,pca,token,0,q64_d256,1.2,0.75,,0.004987913470290983,0.3240863859811671,0.31909847251087614,2.53922729160391,3,9.999000099990002e-05,,10000,False
f9eb0cd84b1bbda1797c6372abf3e1b5810f2a2cf4fa86f0a27c0eeefa2e7cee,arguana,beir/arguana,en,pq,pooled,0,native,1.2,0.75,,0.017536095676905256,0.014805281131262279,-0.002730814545642977,-2.0,1,0.1653834616538346,,10000,False
12b6cb341b3074aa57732a7c45616fafc02b6ad1e6b3946ef9d554c34669b96c,arguana,beir/arguana,en,pq,pooled,0,q16_d64,1.2,0.75,,0.017536095676905256,0.014805281131262279,-0.002730814545642977,-2.0,1,0.1653834616538346,,10000,False
9fcd20bf7702d1ef4bb423d40945e458f6f963c13eb0b7dd286df4d91a1547a8,arguana,beir/arguana,en,pq,pooled,0,q32_d128,1.2,0.75,,0.017536095676905256,0.014805281131262279,-0.002730814545642977,-2.0,1,0.1653834616538346,1.0,10000,False
aefad6b079efa411560ef052d9a053a3a0b5d5152d5db7e3009ee3148924bec0,arguana,beir/arguana,en,pq,pooled,0,q32_d128,1.2,0.75,shuffled_idf,0.017536095676905256,0.011430446189628688,-0.0061056494872765675,-2.0,1,0.00019998000199980003,,10000,False
946b8bf5ab9b1c3b667d93c8a010ba3688619d7508d925c6b088e167e5079221,arguana,beir/arguana,en,pq,pooled,0,q32_d128,1.2,0.75,uniform_frequency,0.017536095676905256,0.017536095676905256,0.0,,0,1.0,,10000,False
6b6179359011c58da7623c446df274f4db56f3833ec3f3fd22c62e5616b5de63,arguana,beir/arguana,en,pq,pooled,0,q64_d256,1.2,0.75,,0.017536095676905256,0.014805281131262279,-0.002730814545642977,-2.0,1,0.1653834616538346,,10000,False
23dabaf26ad297059e8fb938b0a7a761d2b91e7a115855c20a4aea892870edfb,arguana,beir/arguana,en,pq,token,0,native,1.2,0.75,,0.0030580192126733463,0.1497305755031899,0.14667255629051656,3.317723424966524,3,9.999000099990002e-05,,10000,False
c2d7fa06d4280cc438cea9712d6d9ea30b447c1c5e5c3adfa8d67d94f9700b5a,arguana,beir/arguana,en,pq,token,0,q16_d64,1.2,0.75,,0.0033725263045957447,0.04633621515958479,0.042963688854989045,3.04451670661233,3,9.999000099990002e-05,,10000,False
4bd08a48b2ce645255bb6e39fb822c92e690895e1b3ba8a21c22749cfcde73c2,arguana,beir/arguana,en,pq,token,0,q32_d128,1.2,0.75,,0.003301100511383356,0.07562716963947054,0.07232606912808719,3.166120306801315,3,9.999000099990002e-05,0.013998600139986002,10000,False
8f3ca6afcc88826526dd7cd1e34be5c17d39b6386cdb8373efdd27262fd099dc,arguana,beir/arguana,en,pq,token,0,q32_d128,1.2,0.75,shuffled_idf,0.003301100511383356,0.04394926621601143,0.04064816570462808,2.5109994180158783,3,9.999000099990002e-05,,10000,False
8b6445462d384840ae8bc8ea4268f9951d72e4bc3fbe25f38679ede211727d19,arguana,beir/arguana,en,pq,token,0,q32_d128,1.2,0.75,uniform_frequency,0.003301100511383356,0.04361797264891161,0.040316872137528256,2.509449313693127,2,9.999000099990002e-05,,10000,False
137ae3ebc4b5d213e347c173c15d492d819c9a23c8b981494d960c4cab8a2006,arguana,beir/arguana,en,pq,token,0,q64_d256,1.2,0.75,,0.003034131212082025,0.11907563611780914,0.11604150490572711,3.233481376164452,3,9.999000099990002e-05,,10000,False
a02889b4818a95b57d956b80917388f73b417b32bdc97aab605196eb4970ef34,arguana,beir/arguana,en,rq,pooled,0,native,1.2,0.75,,0.047851340410346485,0.05355116182061773,0.005699821410271248,2.0,1,0.06109389061093891,,10000,False
3df0f231dba90d2bb3c9c1eded6aacb8738826e7dcccb61329df521e275ef776,arguana,beir/arguana,en,rq,pooled,0,q16_d64,1.2,0.75,,0.047851340410346485,0.05355116182061773,0.005699821410271248,2.0,1,0.06109389061093891,,10000,False
72855f800717bd9864aa5b599776039d0aea7a98ab6ba4c019121f0ad55b9fa6,arguana,beir/arguana,en,rq,pooled,0,q32_d128,1.2,0.75,,0.047851340410346485,0.05355116182061773,0.005699821410271248,2.0,1,0.06109389061093891,1.0,10000,False
ddbbd623c9b653dca0665eaf472c45a8168d474f4554f1ac12f6757935a1e024,arguana,beir/arguana,en,rq,pooled,0,q32_d128,1.2,0.75,shuffled_idf,0.047851340410346485,0.034504643019816685,-0.0133466973905298,-2.0,1,9.999000099990002e-05,,10000,False
a23389143f3830e6757fb224e81f5ac7005400915725e66c4b79ef4ae83de3e2,arguana,beir/arguana,en,rq,pooled,0,q32_d128,1.2,0.75,uniform_frequency,0.047851340410346485,0.047851340410346485,0.0,,0,1.0,,10000,False
795e732b2ae8a24ea169ff18a1cd0af4119090c26f691832c8ec7e2a5ac4a670,arguana,beir/arguana,en,rq,pooled,0,q64_d256,1.2,0.75,,0.047851340410346485,0.05355116182061773,0.005699821410271248,2.0,1,0.06109389061093891,,10000,False
de08748a73ac1cf45c8083affa97212c0f1fe9d3315f1da04b50b52b690b5b3e,arguana,beir/arguana,en,rq,token,0,native,1.2,0.75,,0.0008043597109327578,0.30263869258004567,0.30183433286911293,3.1121622560039617,3,9.999000099990002e-05,,10000,False
96c051afdadd8cb4e85328617cd11172f05f4fb6ddf92157205b256a1d623449,arguana,beir/arguana,en,rq,token,0,q16_d64,1.2,0.75,,0.0005814575855675212,0.1887834117606782,0.18820195417511068,2.807188136858494,3,9.999000099990002e-05,,10000,False
ab2696ed71a029b024063279868efb27fcdd7bc345a0f389f85cbfab8927c21d,arguana,beir/arguana,en,rq,token,0,q32_d128,1.2,0.75,,0.0008043597109327578,0.2604775646276618,0.2596732049167291,2.934425360398973,3,9.999000099990002e-05,0.013998600139986002,10000,False
5adf7b7bbda01dfca6e0c58e8ba2984669843f56b2557816596cfb39b602a762,arguana,beir/arguana,en,rq,token,0,q32_d128,1.2,0.75,shuffled_idf,0.0008043597109327578,0.11399728032490812,0.11319292061397536,2.099644367317814,3,9.999000099990002e-05,,10000,False
4d62351368502e45337fc336686d24744fc5fd9940869a7dedd453523cff8c1a,arguana,beir/arguana,en,rq,token,0,q32_d128,1.2,0.75,uniform_frequency,0.0008043597109327578,0.13663733614105034,0.13583297643011757,2.314340836478357,2,9.999000099990002e-05,,10000,False
a8908b480fafad8f6ab7522af4e5015949303dca8ddf3fb7c0069a6dbca98e65,arguana,beir/arguana,en,rq,token,0,q64_d256,1.2,0.75,,0.0008043597109327578,0.2945199990834573,0.29371563937252454,3.0254258796989686,3,9.999000099990002e-05,,10000,False
bda0fb5e247a4d8bf4208d7eab07548cfbde424bb814b214c43e7d134553026d,arguana,beir/arguana,en,sae,pooled,0,native,1.2,0.75,,0.11065419100033137,0.12809715531777963,0.017442964317448253,2.4631039859535613,3,9.999000099990002e-05,,10000,False
fcb53a2851a3ae1cd0f36eab9c40b3d5f63be53984806a6506fd51bb06bf3b9e,arguana,beir/arguana,en,sae,pooled,0,q16_d64,1.2,0.75,,0.08026705345827576,0.08986298948599315,0.009595936027717397,1.730815843746075,3,0.004199580041995801,,10000,False
a1c1f26702a1248249f2706b73fe9abe9de8a52dc24d8e62ff9141c85bb32a27,arguana,beir/arguana,en,sae,pooled,0,q32_d128,1.2,0.75,,0.11065419100033137,0.12809715531777963,0.017442964317448253,2.4631039859535613,3,9.999000099990002e-05,0.013998600139986002,10000,False
474efadb06658275e9ea7d8dc77dc46309c141573aaa5b36422b47fb11b3a416,arguana,beir/arguana,en,sae,pooled,0,q32_d128,1.2,0.75,shuffled_idf,0.11065419100033137,0.1145400942595251,0.003885903259193732,0.4870879448737486,3,0.18668133186681332,,10000,False
4347021d98a4bac539d55a8d9e8da757f8c2cba3d56eece9b10ecd06662a84f0,arguana,beir/arguana,en,sae,pooled,0,q32_d128,1.2,0.75,uniform_frequency,0.11065419100033137,0.12667490979207965,0.01602071879174828,2.4890919790672887,2,9.999000099990002e-05,,10000,False
82d444b73185636ad0a4f22398a2afa638e66721e34da219267a3609f655d06f,arguana,beir/arguana,en,sae,pooled,0,q64_d256,1.2,0.75,,0.11065419100033137,0.12809715531777963,0.017442964317448253,2.4631039859535613,3,9.999000099990002e-05,,10000,False
e370bc0cc4fa0ffc34c24718a72cda43ff3666611fb07256aa1bc0df5c96f611,arguana,beir/arguana,en,sae,token,0,native,1.2,0.75,,0.0013655722474319669,0.38719863089913625,0.3858330586517043,2.8574865943274443,3,9.999000099990002e-05,,10000,False
92008f56f77b14b16c01d5ec36a2bdc9e4f1a306f84e42ec890eace9bc13094d,arguana,beir/arguana,en,sae,token,0,q16_d64,1.2,0.75,,0.0011599784876041661,0.3312507456792476,0.33009076719164343,2.636398653527079,3,9.999000099990002e-05,,10000,False
821dc11f3ef89c2bb277c4e9cd69e412c3f1a04ab34dad4f66b1aaf00671fdf8,arguana,beir/arguana,en,sae,token,0,q32_d128,1.2,0.75,,0.0011599784876041661,0.3730187385466374,0.37185876005903323,2.593135139442933,3,9.999000099990002e-05,0.013998600139986002,10000,False
54dc57a3b2b30115a11535ac20ca09f321fe6906763b7434984ea61a871f6a65,arguana,beir/arguana,en,sae,token,0,q32_d128,1.2,0.75,shuffled_idf,0.0011599784876041661,0.26548365156572346,0.26432367307811927,1.9728454448931054,3,9.999000099990002e-05,,10000,False
0a3f8b1cc375ad0a23ba133bdee9adc298c1bcb60105b2feddf73916afb1c963,arguana,beir/arguana,en,sae,token,0,q32_d128,1.2,0.75,uniform_frequency,0.0011599784876041661,0.28740582702675066,0.2862458485391465,2.0684118335948436,3,9.999000099990002e-05,,10000,False
2c83dd3b6d22917589e8748656e6a48651a9ce48a7f656590cb6ba801c896312,arguana,beir/arguana,en,sae,token,0,q64_d256,1.2,0.75,,0.0011599784876041661,0.4051930555760528,0.4040330770884486,2.6221820810840324,3,9.999000099990002e-05,,10000,False
204e63cecdf56b229ddfee214821a60c496adcea6d554c0048128eeb39d5446d,arguana,beir/arguana,en,sae_shared,pooled,0,q32_d128,1.2,0.75,shared_dictionary,0.06535960758499898,0.3828733857105546,0.31751377812555565,2.6543730604638562,3,9.999000099990002e-05,,10000,False
38da88ad56766af38b96849143c0547abde212973b2d704494577b66128f6f3d,arguana,beir/arguana,en,sae_shared,token,0,q32_d128,1.2,0.75,shared_dictionary,0.0011599784876041661,0.37298518845380446,0.3718252099662003,2.5930100677252694,3,9.999000099990002e-05,,10000,False
c7b1dea21c0c8244afaedc9f18d5ebee17a0385b7388c120e6a0d5ed795c00a9,fiqa,beir/fiqa,en,gaussian,pooled,0,q16_d64,1.2,0.75,,0.002622827094410613,0.017640584566520748,0.015017757472110135,2.6838215087593165,3,9.999000099990002e-05,,10000,False
3c9c799484303da805b9c981d970af7d41bee2ad82ed6728fab8e18afdd8c69d,fiqa,beir/fiqa,en,gaussian,pooled,0,q32_d128,0.6,0.0,,0.0017665609922432378,0.022846405132574334,0.021079844140331094,2.748068593235705,2,9.999000099990002e-05,,10000,False
bb9d6f2b73226062d4056e48adb3334171cc224c796e811fcc80ad7ca5b1296e,fiqa,beir/fiqa,en,gaussian,pooled,0,q32_d128,0.6,0.5,,0.0017665609922432378,0.032500072554418724,0.030733511562175485,3.095330094817719,3,9.999000099990002e-05,,10000,False
6ed453e44305024ee7b5472c560785f216cbbb61823243dd44965cd406dffb90,fiqa,beir/fiqa,en,gaussian,pooled,0,q32_d128,0.6,0.75,,0.0017665609922432378,0.038920008237991445,0.037153447245748206,2.6914629100969822,3,9.999000099990002e-05,,10000,False
5525ce43c9e85f730ea36d664772ed688192926bd7bcba8351d6429263eebbc4,fiqa,beir/fiqa,en,gaussian,pooled,0,q32_d128,1.2,0.0,,0.0017665609922432378,0.017430517903351116,0.015663956911107876,2.818878346284101,2,9.999000099990002e-05,,10000,False
c098be09bacd4fb1b75692e9131f5372247212756d2e555a5735932653031ccd,fiqa,beir/fiqa,en,gaussian,pooled,0,q32_d128,1.2,0.5,,0.0017665609922432378,0.02929673668979107,0.02753017569754783,3.2761862419057937,3,9.999000099990002e-05,,10000,False
2cb4c3b33bcde98ff6a1160d8b65b06b61c37ac9d96d8cc44dd230fd1a3261f7,fiqa,beir/fiqa,en,gaussian,pooled,0,q32_d128,1.2,0.75,,0.0017665609922432378,0.03925318698828665,0.03748662599604341,2.6239859784915236,3,9.999000099990002e-05,0.013998600139986002,10000,False
7587777dd61a8dcc9be6aa5154e545f9c7a28aa4e3d3845fd833776e0497bcfc,fiqa,beir/fiqa,en,gaussian,pooled,0,q32_d128,2.4,0.0,,0.0017665609922432378,0.013565820101552188,0.01179925910930895,2.766723981776379,2,0.0004999500049995,,10000,False
2f11a8c37ed4788499ae73791f54420e23c22bac78a7c257b11aed3de8ad8471,fiqa,beir/fiqa,en,gaussian,pooled,0,q32_d128,2.4,0.5,,0.0017665609922432378,0.0277554413126512,0.02598888032040796,3.3179158703313423,3,9.999000099990002e-05,,10000,False
d093babcbd11feb86a800e6ba280f7c10f0ab9c8b97ce65c528b4902f158df2b,fiqa,beir/fiqa,en,gaussian,pooled,0,q32_d128,2.4,0.75,,0.0017665609922432378,0.038548892154166715,0.036782331161923476,2.5520468348738157,3,9.999000099990002e-05,,10000,False
0edd588a9649cca1fad18dd0e163ccf42fa56dad681b8ee3f888f564919dd305,fiqa,beir/fiqa,en,gaussian,pooled,0,q64_d256,1.2,0.75,,0.003483410011304421,0.06838658068338722,0.0649031706720828,2.33776160312599,3,9.999000099990002e-05,,10000,False
18d042f9ac0c8a2e04c9403dc3a15751d57f99b8ecc6ed6c6edd23ef520a012b,fiqa,beir/fiqa,en,gaussian,pooled,1,q32_d128,1.2,0.75,,0.0032414092760318747,0.02589253585802652,0.022651126581994644,2.2876323783826362,3,9.999000099990002e-05,,10000,False
adfafd3e9a2d24eab716d520939613b6abdf8d367c5cb1a4321b6e7b3265a75f,fiqa,beir/fiqa,en,gaussian,pooled,2,q32_d128,1.2,0.75,,0.005035671694329153,0.03558696547274085,0.0305512937784117,1.974699837338897,3,9.999000099990002e-05,,10000,False
419d0a31d12cdebc9174ea6dc5743270855670796c0496e11eb6e55bc555f986,fiqa,beir/fiqa,en,gaussian,token,0,q16_d64,1.2,0.75,,0.0,0.015309031834391404,0.015309031834391404,3.060885002464302,3,9.999000099990002e-05,,10000,False
707064d17eb4d394d6c85c45dbdd054809557898c8dc1182a4e788642c9d032f,fiqa,beir/fiqa,en,gaussian,token,0,q32_d128,0.6,0.0,,0.0,0.03164488515663768,0.03164488515663768,2.391660170457719,2,9.999000099990002e-05,,10000,False
f983da93916baf442b04f2de10c6cbb93e4bfaefdb8a59662bd762b29f78c81f,fiqa,beir/fiqa,en,gaussian,token,0,q32_d128,0.6,0.5,,0.0,0.033033681172985,0.033033681172985,2.6211685102665827,3,9.999000099990002e-05,,10000,False
7479dd069d9b0a3a2d4d2be76a8ec17bc93f812028759f6b93c6b6864b8199db,fiqa,beir/fiqa,en,gaussian,token,0,q32_d128,0.6,0.75,,0.0,0.035223064838595025,0.035223064838595025,2.6025053562076472,3,9.999000099990002e-05,,10000,False
7b66b9c81286bf71fb80ddd49b873108d87dd28434364060d05e33930938c5a1,fiqa,beir/fiqa,en,gaussian,token,0,q32_d128,1.2,0.0,,0.0,0.029825056090526755,0.029825056090526755,2.4881389702991967,2,9.999000099990002e-05,,10000,False
2654020750a59b6c83f4511ce266da8a72e6dc79f0327753e335b0fa979951cd,fiqa,beir/fiqa,en,gaussian,token,0,q32_d128,1.2,0.5,,0.0,0.03353987716786834,0.03353987716786834,2.884458696459781,3,9.999000099990002e-05,,10000,False
419f7cb731e17ee4c198fc97cac9d700fdcaa3f7620c22f390538823169ec46c,fiqa,beir/fiqa,en,gaussian,token,0,q32_d128,1.2,0.75,,0.0,0.03612758954321653,0.03612758954321653,2.642428359946289,3,9.999000099990002e-05,0.013998600139986002,10000,False
c227202e2fe6f8fe9416f0d8a68b6324ba01480c32246402307e0af09d578dcf,fiqa,beir/fiqa,en,gaussian,token,0,q32_d128,2.4,0.0,,0.0,0.02620644564142074,0.02620644564142074,2.708380381946308,2,9.999000099990002e-05,,10000,False
a68baf45fdc9cb488cdb4aceb3389f049a69da08c2c4ff8d0527545a54432aa2,fiqa,beir/fiqa,en,gaussian,token,0,q32_d128,2.4,0.5,,0.0,0.0316859041320102,0.0316859041320102,3.040562417535352,3,9.999000099990002e-05,,10000,False
ddd945109f06dd316b713941294dd2db4ef6c13de0888cd0859c79aa4872e26e,fiqa,beir/fiqa,en,gaussian,token,0,q32_d128,2.4,0.75,,0.0,0.03801842970992358,0.03801842970992358,2.7328411233367556,3,9.999000099990002e-05,,10000,False
10e60eb60a57f100c98415c3394df5399277a01c4030288ba8625d286d4e84e8,fiqa,beir/fiqa,en,gaussian,token,0,q64_d256,1.2,0.75,,0.00012313972000377804,0.06415349414864248,0.0640303544286387,2.745546556088285,3,9.999000099990002e-05,,10000,False
b9ae1109f0afa74cecee34320fe389a436f4effddd779bb58241a5236217ddc5,fiqa,beir/fiqa,en,gaussian,token,1,q32_d128,1.2,0.75,,0.000662537076469031,0.023821783306471125,0.023159246230002095,2.153237647958408,3,9.999000099990002e-05,,10000,False
65934d2c85da9550bd13544b91198160c8a258abf450817a2a71f310f7ecd911,fiqa,beir/fiqa,en,gaussian,token,2,q32_d128,1.2,0.75,,0.0018413394535790962,0.036423318255407164,0.03458197880182807,2.1315724955032884,3,9.999000099990002e-05,,10000,False
973f4166fdeb1377950dd2c9c7a40712e7caa38b9972131487be4a5ea14a6db8,fiqa,beir/fiqa,en,identity,pooled,0,q16_d64,1.2,0.75,,0.0006460143282505918,0.0172445051237382,0.01659849079548761,2.7960458510016344,3,0.00019998000199980003,,10000,False
a326a80fba0f348097ba8b5e6c29d263002329a5d6dc589d5be6962b6e7e34f9,fiqa,beir/fiqa,en,identity,pooled,0,q32_d128,0.6,0.0,,0.002390991407373515,0.04383797210468576,0.04144698069731225,2.6360981837652813,2,9.999000099990002e-05,,10000,False
cfb32e353fbf288cf675d81c05bfae383ff4c6925ad3ccdbb317f46688fe81ef,fiqa,beir/fiqa,en,identity,pooled,0,q32_d128,0.6,0.5,,0.002390991407373515,0.04800282504005822,0.04561183363268471,2.5429918298412053,3,9.999000099990002e-05,,10000,False
5f1342d9da35535634d287001e6faff50fd5af7fe0518f0a260d4e50a618778b,fiqa,beir/fiqa,en,identity,pooled,0,q32_d128,0.6,0.75,,0.002390991407373515,0.05118480352908724,0.04879381212171373,2.3251855540662763,3,9.999000099990002e-05,,10000,False
efdf45123944a6d37dffc5fd0f02d79e228cde3a99ee649bd27d8b9e5716ef79,fiqa,beir/fiqa,en,identity,pooled,0,q32_d128,1.2,0.0,,0.002390991407373515,0.037950765282769215,0.0355597738753957,2.8158501872594894,2,9.999000099990002e-05,,10000,False
eafd1089d59e9941d9d8e3b92337ccb6098f6d3f1a360366bd444f0df784435e,fiqa,beir/fiqa,en,identity,pooled,0,q32_d128,1.2,0.5,,0.002390991407373515,0.04839498059929643,0.04600398919192292,2.774885412656363,3,9.999000099990002e-05,,10000,False
c30d59846cac90de300cd6c75568b069e8925bacce094b7e58f228d3e0240e1c,fiqa,beir/fiqa,en,identity,pooled,0,q32_d128,1.2,0.75,,0.002390991407373515,0.05355970825902033,0.05116871685164682,2.4093679733095534,3,9.999000099990002e-05,0.013998600139986002,10000,False
acbc2da7bc895ab337f0900c9d3a92aed23d95598e5d1412a526e2e297c2062d,fiqa,beir/fiqa,en,identity,pooled,0,q32_d128,2.4,0.0,,0.002390991407373515,0.03330327112739784,0.030912279720024322,2.778831721773593,2,9.999000099990002e-05,,10000,False
52c2a37c31e0c66830e4243447a1cb06bed95f5c73d6983fc09739aa2db52400,fiqa,beir/fiqa,en,identity,pooled,0,q32_d128,2.4,0.5,,0.002390991407373515,0.04695955042657212,0.04456855901919861,2.9022629773008655,3,9.999000099990002e-05,,10000,False
85eb6c82e55e6e018fa8dd72dbf45d78f1e959f275ca226206620c4e61972033,fiqa,beir/fiqa,en,identity,pooled,0,q32_d128,2.4,0.75,,0.002390991407373515,0.05400043074061946,0.051609439333245945,2.5332829311155898,3,9.999000099990002e-05,,10000,False
6acc4c48dd4688e9a219acadcfd6b339561f91e9105efe7f64edf398ab83d9e2,fiqa,beir/fiqa,en,identity,pooled,0,q64_d256,1.2,0.75,,0.003654372500135103,0.11056822196597095,0.10691384946583585,2.2895924083324104,3,9.999000099990002e-05,,10000,False
73f7846755461578ab83c28c9b812160b6ebe43cd801ef863a50a6f4e9bec778,fiqa,beir/fiqa,en,identity,token,0,q16_d64,1.2,0.75,,0.0,0.017393859864845086,0.017393859864845086,2.7435690699394635,3,9.999000099990002e-05,,10000,False
5e29cf975fae12d2b7ee0f96733a4ba75e805d0ec7f9866357fac2fbbceafe3c,fiqa,beir/fiqa,en,identity,token,0,q32_d128,0.6,0.0,,0.0,0.04972291718081457,0.04972291718081457,2.3484012836139465,2,9.999000099990002e-05,,10000,False
8ed2eab26250485901e7c79b983f794ada9a9ef1f7b70edc3402cec1bb9bc88e,fiqa,beir/fiqa,en,identity,token,0,q32_d128,0.6,0.5,,0.0,0.04915001249353534,0.04915001249353534,2.431867760854838,3,9.999000099990002e-05,,10000,False
afe2096ce03056910f88ce30d872bd38ec51a31d659e8ae8057592367d12f97a,fiqa,beir/fiqa,en,identity,token,0,q32_d128,0.6,0.75,,0.0,0.048272839537296795,0.048272839537296795,2.4247252778844754,3,9.999000099990002e-05,,10000,False
45682f29173d83f0a64df1ee320f8401185cb0218b8c5b3dbaa147d62cba1557,fiqa,beir/fiqa,en,identity,token,0,q32_d128,1.2,0.0,,0.0,0.047505652327759225,0.047505652327759225,2.575540509596954,2,9.999000099990002e-05,,10000,False
3f1bb1d156e5f25bd7bba4e278a25c6f53d3db32974c38024125a33be584f4b8,fiqa,beir/fiqa,en,identity,token,0,q32_d128,1.2,0.5,,0.0,0.05027355640954563,0.05027355640954563,2.653103839651215,3,9.999000099990002e-05,,10000,False
2e29618289572e906634c87297bd8c4bce9fe6a755b2fd4ab116b25cd7e5cb91,fiqa,beir/fiqa,en,identity,token,0,q32_d128,1.2,0.75,,0.0,0.05063553801696482,0.05063553801696482,2.618975263394934,3,9.999000099990002e-05,0.013998600139986002,10000,False
0c79ecc174bb7fa7492b883004eb8892580d9b34147afeeb9981ee4e8d421233,fiqa,beir/fiqa,en,identity,token,0,q32_d128,2.4,0.0,,0.0,0.03931392585937061,0.03931392585937061,2.701944330643978,2,9.999000099990002e-05,,10000,False
2f9d272155730753f314b85f629b41708c88c6811c8c0af49994aa65ea638b75,fiqa,beir/fiqa,en,identity,token,0,q32_d128,2.4,0.5,,0.0,0.0496786044104507,0.0496786044104507,2.9498823895916697,3,9.999000099990002e-05,,10000,False
1d31a94965691ce241ca31435a9ec17786d22d43cbb261d72308ce1d7cdde2b8,fiqa,beir/fiqa,en,identity,token,0,q32_d128,2.4,0.75,,0.0,0.05250328163957443,0.05250328163957443,2.694081501558577,3,9.999000099990002e-05,,10000,False
3f5eeae67058e50dd3f59a39ce380e730c3fabf0b2d7f488ed1242b2a7b6e901,fiqa,beir/fiqa,en,identity,token,0,q64_d256,1.2,0.75,,0.0,0.10750754252173302,0.10750754252173302,2.3904494985914955,3,9.999000099990002e-05,,10000,False
8d46ec6ec0eea0bee5ed108502c63fc19c5c74fcff9507cd4a7539289756cd94,fiqa,beir/fiqa,en,kmeans,pooled,0,q16_d64,1.2,0.75,,0.013612016646725539,0.010628531192846971,-0.0029834854538785677,-2.0625832993831605,2,0.045495450454954504,,10000,False
d0181945d1d6b41dbd3fbc6747f86d957225665c351dc9d2d7c935c642394f03,fiqa,beir/fiqa,en,kmeans,pooled,0,q32_d128,0.6,0.0,,0.013612016646725539,0.010628531192846971,-0.0029834854538785677,-2.190621824652246,2,0.045495450454954504,,10000,False
133400ced460a34485047d312dc5bd72d826a4c790e46a91b4d4ba128769161d,fiqa,beir/fiqa,en,kmeans,pooled,0,q32_d128,0.6,0.5,,0.013612016646725539,0.010628531192846971,-0.0029834854538785677,-2.190621824652246,2,0.045495450454954504,,10000,False
4a071b016dd671e39789ed06e0357c9c322d47944731335cb0012da42786866d,fiqa,beir/fiqa,en,kmeans,pooled,0,q32_d128,0.6,0.75,,0.013612016646725539,0.010628531192846971,-0.0029834854538785677,-2.190621824652246,2,0.045495450454954504,,10000,False
496d7cbef646a04f299b9586fa56439c591373c703d84f554f20da098e8bbf82,fiqa,beir/fiqa,en,kmeans,pooled,0,q32_d128,1.2,0.0,,0.013612016646725539,0.010628531192846971,-0.0029834854538785677,-2.0625832993831605,2,0.045495450454954504,,10000,False
5687e243a88a99e03c54401919c1e938808aa945205ad2a349b60b37b0b2d2f0,fiqa,beir/fiqa,en,kmeans,pooled,0,q32_d128,1.2,0.5,,0.013612016646725539,0.010628531192846971,-0.0029834854538785677,-2.0625832993831605,2,0.045495450454954504,,10000,False
dc1c3a85483915c5b4db4b993b4d2968141feb1f6c816de07f38cccf7276248e,fiqa,beir/fiqa,en,kmeans,pooled,0,q32_d128,1.2,0.75,,0.013612016646725539,0.010628531192846971,-0.0029834854538785677,-2.0625832993831605,2,0.045495450454954504,1.0,10000,False
a50e2e89b85740ac84a1d6a9c862bd99345ec22221c73383fdb6f2b9523c0708,fiqa,beir/fiqa,en,kmeans,pooled,0,q32_d128,2.4,0.0,,0.013612016646725539,0.010989165852204694,-0.0026228507945208444,-1.9968993834825675,2,0.06259374062593741,,10000,False
e99f20940d622507eb402d81b67a203f21c60e1f5dab65567284a1829705b645,fiqa,beir/fiqa,en,kmeans,pooled,0,q32_d128,2.4,0.5,,0.013612016646725539,0.010989165852204694,-0.0026228507945208444,-1.9968993834825675,2,0.06259374062593741,,10000,False
2193376a76112efe9814d9e65572c5a5d4c06763b4f6d5f587f0993820d6f574,fiqa,beir/fiqa,en,kmeans,pooled,0,q32_d128,2.4,0.75,,0.013612016646725539,0.010989165852204694,-0.0026228507945208444,-1.9968993834825675,2,0.06259374062593741,,10000,False
337d6fa77f97e313c86cfe14647dc682ec1c6573b9b4f7835566e9281f8a0ddd,fiqa,beir/fiqa,en,kmeans,pooled,0,q64_d256,1.2,0.75,,0.013612016646725539,0.010628531192846971,-0.0029834854538785677,-2.0625832993831605,2,0.045495450454954504,,10000,False
681101201623fcc87879c3245cb90607d5f174c62ca6b7f8ad2aa9acc482dabe,fiqa,beir/fiqa,en,kmeans,pooled,1,q32_d128,1.2,0.75,,0.014723200500198055,0.01269087156744896,-0.002032328932749095,-1.8889525349814231,2,0.023797620237976203,,10000,False
7a7c4dcaec3444f2b0f2cbd16bf3e5dbdfe8611d85c7aaa262d84042b3ec010e,fiqa,beir/fiqa,en,kmeans,pooled,2,q32_d128,1.2,0.75,,0.00967452805657944,0.008271635690084687,-0.001402892366494754,-2.6663264457641658,2,0.12138786121387861,,10000,False
b2775dbfc7ed480441492b35005511bb69b86047ff73c9fd0aa2898ab4ec5053,fiqa,beir/fiqa,en,kmeans,token,0,q16_d64,1.2,0.75,,0.011440715868285838,0.09190382518903495,0.08046310932074911,2.3497589864144377,3,9.999000099990002e-05,,10000,False
672390c5aa4fb5db12b2f6c4667b8eb96185c3bb995cf62d16e12534953928eb,fiqa,beir/fiqa,en,kmeans,token,0,q32_d128,0.6,0.0,,0.012541816320347189,0.14400938700933716,0.13146757068898998,2.249318881012743,2,9.999000099990002e-05,,10000,False
2ccc6d7f9c2229e7d8dd4ccfd7ea6a520b21baea38d168c6f16bee7ded46aea7,fiqa,beir/fiqa,en,kmeans,token,0,q32_d128,0.6,0.5,,0.012541816320347189,0.14864183016587504,0.13610001384552786,2.328978983600506,3,9.999000099990002e-05,,10000,False
064f743f21aca1def319b802953ba22235028b3bd06a8bb0af30163bc8def6ef,fiqa,beir/fiqa,en,kmeans,token,0,q32_d128,0.6,0.75,,0.012541816320347189,0.1439567908509219,0.1314149745305747,2.3103609478554,3,9.999000099990002e-05,,10000,False
ee39a88bdc15fd09112d7ef9953d0d3736880020e8517ee88a6d0cb818dc899e,fiqa,beir/fiqa,en,kmeans,token,0,q32_d128,1.2,0.0,,0.012541816320347189,0.1340534308891716,0.12151161456882441,2.2754908759529537,2,9.999000099990002e-05,,10000,False
454ef3c4b0f6aa2546c25807bbefbb56ae676675c39537c0916521a19b9d47b9,fiqa,beir/fiqa,en,kmeans,token,0,q32_d128,1.2,0.5,,0.012541816320347189,0.14458875349114172,0.13204693717079455,2.385403943996003,3,9.999000099990002e-05,,10000,False
af87d3af19c6f48d447f519be97a226880a758c5a34b539d7ea043a86fe9562f,fiqa,beir/fiqa,en,kmeans,token,0,q32_d128,1.2,0.75,,0.012541816320347189,0.1391551436420356,0.12661332732168842,2.37186523206154,3,9.999000099990002e-05,0.013998600139986002,10000,False
7721784b46bf60f82de50a2b0d1ffaffd5155407cb14a4cd335a63a0fe5c370d,fiqa,beir/fiqa,en,kmeans,token,0,q32_d128,2.4,0.0,,0.012541816320347189,0.1241149865524266,0.11157317023207941,2.319497655922944,2,9.999000099990002e-05,,10000,False
193efe1625fd3001c835d84b9bdde471303dc3dfd7805515e4b1221021dddac3,fiqa,beir/fiqa,en,kmeans,token,0,q32_d128,2.4,0.5,,0.012541816320347189,0.1368766016216017,0.12433478530125451,2.4571167884889644,3,9.999000099990002e-05,,10000,False
2d75f4eaae61b93095022bac5a211a4aecbd92c8dc6868b9bd7d6c744cae58b7,fiqa,beir/fiqa,en,kmeans,token,0,q32_d128,2.4,0.75,,0.012541816320347189,0.12951769280897146,0.11697587648862427,2.3946139934495725,3,9.999000099990002e-05,,10000,False
d1ed313caae15aa493b914306ea70aa98e20abb85eb1bd0c57659bafb99733b7,fiqa,beir/fiqa,en,kmeans,token,0,q64_d256,1.2,0.75,,0.012976292465723044,0.15935531752415083,0.1463790250584278,2.400195207905669,3,9.999000099990002e-05,,10000,False
d08e94476bd2ea74e4be0da8e0a328d8af62c4d551b6f5958c455462fef04fb7,fiqa,beir/fiqa,en,kmeans,token,1,q32_d128,1.2,0.75,,0.013553289924802996,0.14299630267688004,0.12944301275207704,2.31207996352071,3,9.999000099990002e-05,,10000,False
249c140fda4884ae67f3563b7b1ef83762842b96b6d158135df77080c8f74f5a,fiqa,beir/fiqa,en,kmeans,token,2,q32_d128,1.2,0.75,,0.011630405240543781,0.14375633285954387,0.13212592761900008,2.3217651815661817,3,9.999000099990002e-05,,10000,False
c7996af47f1c4e3b7f33f3a3ca279f838a66d2f1d1bc29fb1f136c5133047817,fiqa,beir/fiqa,en,pca,pooled,0,q16_d64,1.2,0.75,,0.0012638760614808514,0.02155918251056186,0.020295306449081008,2.3836773659040875,3,9.999000099990002e-05,,10000,False
de6165531700e04056d3d8923361a4cbb6376356ce986a39fa128ecfdb32a2dc,fiqa,beir/fiqa,en,pca,pooled,0,q32_d128,0.6,0.0,,0.002176082184645344,0.05963859214051475,0.057462509955869406,2.2377762604540283,2,9.999000099990002e-05,,10000,False
5ace3a1190c54791913b2430df83d0e03befb8d33a3f79de6b35f743c7f46be4,fiqa,beir/fiqa,en,pca,pooled,0,q32_d128,0.6,0.5,,0.002176082184645344,0.06768993492135054,0.0655138527367052,2.428359302093132,3,9.999000099990002e-05,,10000,False
4976c8356e511d803a67ec935576360a4784c57144eb71ec7cf18f9d99e38eeb,fiqa,beir/fiqa,en,pca,pooled,0,q32_d128,0.6,0.75,,0.002176082184645344,0.07069254490717655,0.0685164627225312,2.507030230539232,3,9.999000099990002e-05,,10000,False
0649fa44f49348ff1186a63bbc58ce27de2c421d26d6f7c3e66f4696b6de6f88,fiqa,beir/fiqa,en,pca,pooled,0,q32_d128,1.2,0.0,,0.002176082184645344,0.04901655812494192,0.046840475940296576,2.2219572512832757,2,9.999000099990002e-05,,10000,False
f3632781148c2c31a4431d499a5c9297e0e543ccd3badbee871ca992926de703,fiqa,beir/fiqa,en,pca,pooled,0,q32_d128,1.2,0.5,,0.002176082184645344,0.06161612888853361,0.059440046703888264,2.547223005756792,3,9.999000099990002e-05,,10000,False
5b837b5a0d6ee4b871c353a1dc3ce29e0a06879809aae12d06d455f13774eb64,fiqa,beir/fiqa,en,pca,pooled,0,q32_d128,1.2,0.75,,0.002176082184645344,0.06722370146621695,0.0650476192815716,2.6460343657371372,3,9.999000099990002e-05,0.013998600139986002,10000,False
277f1176bcddcd7ef570ef93e02e8b2d5dc3a5a30d7bf13cb7c67276bcabfdf6,fiqa,beir/fiqa,en,pca,pooled,0,q32_d128,2.4,0.0,,0.002176082184645344,0.03784235571636924,0.0356662735317239,2.2693028972349905,2,9.999000099990002e-05,,10000,False
915a23cf6d2853e4978c7a8f63f8cfe615716b897b07d98a301c523948ecd096,fiqa,beir/fiqa,en,pca,pooled,0,q32_d128,2.4,0.5,,0.002176082184645344,0.04974240645052436,0.04756632426587901,2.5889886088828806,3,9.999000099990002e-05,,10000,False
7d0c6e699e8e0e70f2affc1229ef04860f91bf8ed1d917c86c860728bdd31079,fiqa,beir/fiqa,en,pca,pooled,0,q32_d128,2.4,0.75,,0.002176082184645344,0.059639398964296916,0.05746331677965157,2.7858798859524083,3,9.999000099990002e-05,,10000,False
25f397823f05df3610737ff3f08317b497d7b429b1e41542e79d93f05a9a0230,fiqa,beir/fiqa,en,pca,pooled,0,q64_d256,1.2,0.75,,0.005142769633859773,0.1048940965645777,0.09975132693071792,2.3586701594041695,3,9.999000099990002e-05,,10000,False
2cdca8159093d7616328c36b334256a5640407961a65f2de1e5a104f23e1cfb0,fiqa,beir/fiqa,en,pca,token,0,q16_d64,1.2,0.75,,0.005180152156295727,0.0860786245468185,0.08089847239052278,2.441487930132975,3,9.999000099990002e-05,,10000,False
a12adfca4b1e45cb368c31123841eceda59df4dbd735f467c892c1feb6c4b174,fiqa,beir/fiqa,en,pca,token,0,q32_d128,0.6,0.0,,0.008964487038255932,0.17783834113636038,0.16887385409810446,2.224688522503257,2,9.999000099990002e-05,,10000,False
43b5040fcf850aa64757bb9b5ddca768d469f18af37642bf901909e8c738c5bc,fiqa,beir/fiqa,en,pca,token,0,q32_d128,0.6,0.5,,0.008964487038255932,0.17379153755565918,0.16482705051740326,2.3620941948847842,3,9.999000099990002e-05,,10000,False
1d03e9c970b9e33cb3c7254ed0ab3d30056bd81ed8d7a1bd66e4ed1f61202b5b,fiqa,beir/fiqa,en,pca,token,0,q32_d128,0.6,0.75,,0.008964487038255932,0.17021394450605618,0.16124945746780026,2.3048381649958096,3,9.999000099990002e-05,,10000,False
33a139da90bcd5fb087b5cc1ff5312422fbb7f032fd245c1e93d243718f18eae,fiqa,beir/fiqa,en,pca,token,0,q32_d128,1.2,0.0,,0.008964487038255932,0.1787551963711215,0.16979070933286558,2.276767796993126,2,9.999000099990002e-05,,10000,False
300669067ef4f11610a3350a3cb2550ed8bbbfdba556c43396296a9688bf4d37,fiqa,beir/fiqa,en,pca,token,0,q32_d128,1.2,0.5,,0.008964487038255932,0.18128200235254135,0.17231751531428544,2.4612877194399894,3,9.999000099990002e-05,,10000,False
c7809bb7d788af095032994549075b4bf5302acf430f5f7f067a7bbc5ec6e809,fiqa,beir/fiqa,en,pca,token,0,q32_d128,1.2,0.75,,0.008964487038255932,0.1768649075173824,0.16790042047912648,2.3898189398446394,3,9.999000099990002e-05,0.013998600139986002,10000,False
2f0fc3720cddf374ad8c89002daa1f234361e06a13870ab08e7c44a0c895dff7,fiqa,beir/fiqa,en,pca,token,0,q32_d128,2.4,0.0,,0.008964487038255932,0.17148986567706,0.1625253786388041,2.426173539858715,2,9.999000099990002e-05,,10000,False
b294c550597bfe19da0213f1b06161b8727b588ea36e674ce3f9a94e0f0c6b40,fiqa,beir/fiqa,en,pca,token,0,q32_d128,2.4,0.5,,0.008964487038255932,0.18425030718865298,0.17528582015039706,2.6194609868767973,3,9.999000099990002e-05,,10000,False
669615f82688b84f4015c09c09f05dfa9a17f8b192fb7c5a6d0820bd78775323,fiqa,beir/fiqa,en,pca,token,0,q32_d128,2.4,0.75,,0.008964487038255932,0.1820139501810179,0.17304946314276198,2.5103808920315327,3,9.999000099990002e-05,,10000,False
3f0c750e819994253b2cd4760060b169aeeaf3b183092a669a5aee16f1d7ed27,fiqa,beir/fiqa,en,pca,token,0,q64_d256,1.2,0.75,,0.014502025793437056,0.24434684840922352,0.22984482261578645,2.5826841993990453,3,9.999000099990002e-05,,10000,False
844cf425009c1118cde1cd0f83a476712c8875c5652787aa0b5ae565d79da30b,fiqa,beir/fiqa,en,pq,pooled,0,q16_d64,1.2,0.75,,0.00397429338564063,0.005236548316481833,0.0012622549308412027,2.0,1,0.0683931606839316,,10000,False
a060c0b8c7833f42e2695c846553177a5a5ede3eeaed1c7940d4c136ecb2c6c3,fiqa,beir/fiqa,en,pq,pooled,0,q32_d128,0.6,0.0,,0.00397429338564063,0.005236548316481833,0.0012622549308412027,2.0,1,0.0683931606839316,,10000,False
0fa4fd4450edac6a80ce132afedbc6479206a92eb7d7a2aac6a4b622ff5c3ae5,fiqa,beir/fiqa,en,pq,pooled,0,q32_d128,0.6,0.5,,0.00397429338564063,0.005236548316481833,0.0012622549308412027,2.0,1,0.0683931606839316,,10000,False
7933407a71e68152405537b82c093ba3faaedf6b4d0f125ecfa2711076fbbd69,fiqa,beir/fiqa,en,pq,pooled,0,q32_d128,0.6,0.75,,0.00397429338564063,0.005236548316481833,0.0012622549308412027,2.0,1,0.0683931606839316,,10000,False
0ec70889c552e1b912c5370150b1030557f3087d962e04d951a14e15da39a088,fiqa,beir/fiqa,en,pq,pooled,0,q32_d128,1.2,0.0,,0.00397429338564063,0.005236548316481833,0.0012622549308412027,2.0,1,0.0683931606839316,,10000,False
24fec4d587428240b7c1e40e376126e9e2c98275033efbc418cf60bf4748437a,fiqa,beir/fiqa,en,pq,pooled,0,q32_d128,1.2,0.5,,0.00397429338564063,0.005236548316481833,0.0012622549308412027,2.0,1,0.0683931606839316,,10000,False
d393b88251503016ebe7c10efd9b3d8e735b3794998ccbfbe2ebbfcf3c5e4e20,fiqa,beir/fiqa,en,pq,pooled,0,q32_d128,1.2,0.75,,0.00397429338564063,0.005236548316481833,0.0012622549308412027,2.0,1,0.0683931606839316,1.0,10000,False
9e429edc9a0d6ee89b268414270f7b1c879c4750c5ae2f831eadc1767275c70c,fiqa,beir/fiqa,en,pq,pooled,0,q32_d128,2.4,0.0,,0.00397429338564063,0.005236548316481833,0.0012622549308412027,2.0,1,0.0683931606839316,,10000,False
6769341b83b8fd2f8c2f322395d72c150d4ea0177b3c2050362c475731f47492,fiqa,beir/fiqa,en,pq,pooled,0,q32_d128,2.4,0.5,,0.00397429338564063,0.005236548316481833,0.0012622549308412027,2.0,1,0.0683931606839316,,10000,False
88e4680de142571651850b0e9e70207097c1ffdfadd26c11378d03f1c09ad844,fiqa,beir/fiqa,en,pq,pooled,0,q32_d128,2.4,0.75,,0.00397429338564063,0.005236548316481833,0.0012622549308412027,2.0,1,0.0683931606839316,,10000,False
cee0813f268fa95d3a4fdf857ccb84c937c1620dbf3de240db8e88eaf9747e65,fiqa,beir/fiqa,en,pq,pooled,0,q64_d256,1.2,0.75,,0.00397429338564063,0.005236548316481833,0.0012622549308412027,2.0,1,0.0683931606839316,,10000,False
8edd220ac798d3857f86c4ac133f810ada311fc0bacd5c8e75c611aead913d19,fiqa,beir/fiqa,en,pq,pooled,1,q32_d128,1.2,0.75,,0.004391758521878321,0.004364174625730686,-2.7583896147634693e-05,-2.0,1,0.9771022897710229,,10000,False
a6eabe40d0fc6bd534a4796dde2e3c38aaf8b7e10d5c27746d873364f140caf3,fiqa,beir/fiqa,en,pq,pooled,2,q32_d128,1.2,0.75,,0.0035925104020260094,0.004741128845258886,0.0011486184432328767,2.0,1,0.5047495250474953,,10000,False
e84051d728a96cc1ec3933165f9c0cf71ae5c8757665b40f3737d68aad799c0c,fiqa,beir/fiqa,en,pq,token,0,q16_d64,1.2,0.75,,0.011191703644356147,0.03593508366070188,0.024743380016345733,2.2227551363296865,3,9.999000099990002e-05,,10000,False
592077d8f26412add8408ba188c6528a1a8bba2e310370f7c8a93bb50ea958d6,fiqa,beir/fiqa,en,pq,token,0,q32_d128,0.6,0.0,,0.014211296498423913,0.07110950345724047,0.05689820695881656,2.232609216900279,2,9.999000099990002e-05,,10000,False
9731bbf4cb90ffba2058b202cd7d730bf5c28df2cc7399f33e35113b13496c19,fiqa,beir/fiqa,en,pq,token,0,q32_d128,0.6,0.5,,0.014211296498423913,0.0713575510403358,0.057146254541911884,2.269282312485447,3,9.999000099990002e-05,,10000,False
d5320ce4ad9932426009706973cbad36bcd7bff44f6a9eba350db45249910e47,fiqa,beir/fiqa,en,pq,token,0,q32_d128,0.6,0.75,,0.014211296498423913,0.0673886344881422,0.053177337989718285,2.1284683417313515,3,9.999000099990002e-05,,10000,False
fa8b1b0a0399f7e4085505d94264b0101ab40d1e544ecfa0e85905f01f64cdff,fiqa,beir/fiqa,en,pq,token,0,q32_d128,1.2,0.0,,0.014211296498423913,0.0718269248805365,0.057615628382112594,2.279506156489932,2,9.999000099990002e-05,,10000,False
d9b86ebd8b6f1b6937822c2cc3912345d855d831733971410c006cdb78fb099a,fiqa,beir/fiqa,en,pq,token,0,q32_d128,1.2,0.5,,0.014211296498423913,0.07653379285357989,0.06232249635515598,2.3842669503309666,3,9.999000099990002e-05,,10000,False
4a263bf6d2c8af90f68a382766fc116eb5864d2f0ec3fa35c06ad9c4da5a2fea,fiqa,beir/fiqa,en,pq,token,0,q32_d128,1.2,0.75,,0.014211296498423913,0.07016567772402663,0.055954381225602715,2.168995627101048,3,9.999000099990002e-05,0.013998600139986002,10000,False
24a5f0c1232c94d2b5668d3da62df1a5e9895de8c970c977311ef0a44fdd0d1a,fiqa,beir/fiqa,en,pq,token,0,q32_d128,2.4,0.0,,0.014211296498423913,0.06424464477315298,0.050033348274729064,2.228465113481616,2,9.999000099990002e-05,,10000,False
ee216a72a995ee065cc2d498a9120c9f26f1fbcc5df63c7010294abc62cae61e,fiqa,beir/fiqa,en,pq,token,0,q32_d128,2.4,0.5,,0.014211296498423913,0.07499054802908167,0.06077925153065776,2.5084570567424582,3,9.999000099990002e-05,,10000,False
e0fe06190c2fe269275d6f0735a11052a81f69880fa788d94752f85eb23fb93c,fiqa,beir/fiqa,en,pq,token,0,q32_d128,2.4,0.75,,0.014211296498423913,0.07061390214738252,0.056402605648958604,2.3351632493712646,3,9.999000099990002e-05,,10000,False
ab9e3e0b092f779039b773e2c01fbc05f97645af72cee91b6525ff0fbc95ad8c,fiqa,beir/fiqa,en,pq,token,0,q64_d256,1.2,0.75,,0.015248675254381186,0.10889838760953706,0.09364971235515587,2.2983840654196066,3,9.999000099990002e-05,,10000,False
a08ba0aacb1621e8de20c908411ca8185d20f9e7c891a9c991f1ec4e54203a0e,fiqa,beir/fiqa,en,pq,token,1,q32_d128,1.2,0.75,,0.009417319309816489,0.06192740802272178,0.05251008871290529,2.0324328821078272,3,9.999000099990002e-05,,10000,False
15980143225f449b3a2adae220f0f2caa30e31891845692fd47bdf90489c0057,fiqa,beir/fiqa,en,pq,token,2,q32_d128,1.2,0.75,,0.010691077281396396,0.0760371379877377,0.0653460607063413,2.1006941341058982,3,9.999000099990002e-05,,10000,False
1dfebf38f156bd75dca54e6782fe742242919181ba84f6c0e1d8ef7b382fa33e,fiqa,beir/fiqa,en,rq,pooled,0,q16_d64,1.2,0.75,,0.00996181254529893,0.01647912626459544,0.00651731371929651,2.0,1,0.022097790220977902,,10000,False
6a435a5a84599a3542a764df5073220312b3118fad32fda75dad6fa02706225d,fiqa,beir/fiqa,en,rq,pooled,0,q32_d128,0.6,0.0,,0.00996181254529893,0.01647912626459544,0.00651731371929651,2.0,1,0.022097790220977902,,10000,False
451b4f1a3fc723243decd434788461542f4ebd59c6ae39f1ef573057c4e93d31,fiqa,beir/fiqa,en,rq,pooled,0,q32_d128,0.6,0.5,,0.00996181254529893,0.01647912626459544,0.00651731371929651,2.0,1,0.022097790220977902,,10000,False
1cdbaaffe344700733da859388fe49ed52b79dfc50379275634db03f7a631611,fiqa,beir/fiqa,en,rq,pooled,0,q32_d128,0.6,0.75,,0.00996181254529893,0.01647912626459544,0.00651731371929651,2.0,1,0.022097790220977902,,10000,False
6e8fcfe66fe8c04296fe68b55716709fa387d81d4c25c330292911655f1a7e3b,fiqa,beir/fiqa,en,rq,pooled,0,q32_d128,1.2,0.0,,0.00996181254529893,0.01647912626459544,0.00651731371929651,2.0,1,0.022097790220977902,,10000,False
0006f356658381ec34ce3c492e1ea98e2b41956d3f063f77c76b9762079d9e0d,fiqa,beir/fiqa,en,rq,pooled,0,q32_d128,1.2,0.5,,0.00996181254529893,0.01647912626459544,0.00651731371929651,2.0,1,0.022097790220977902,,10000,False
327de2c4d88cadf13bad1231ae6c1827446f2c9163dac97df711149af6b41f5f,fiqa,beir/fiqa,en,rq,pooled,0,q32_d128,1.2,0.75,,0.00996181254529893,0.01647912626459544,0.00651731371929651,2.0,1,0.022097790220977902,0.7955204479552045,10000,False
1384a1a9bd64f53ee1087257d1bbb473599d3a4f142debdb5eff82cba59a1909,fiqa,beir/fiqa,en,rq,pooled,0,q32_d128,2.4,0.0,,0.00996181254529893,0.01647912626459544,0.00651731371929651,2.0,1,0.022097790220977902,,10000,False
ab92eebf3126864784e5ba1abd9d08b4afb4f7cc99da76c717860448828a5c14,fiqa,beir/fiqa,en,rq,pooled,0,q32_d128,2.4,0.5,,0.00996181254529893,0.01647912626459544,0.00651731371929651,2.0,1,0.022097790220977902,,10000,False
2a1360da048e9b7f8a2cf45ecf93c8f7146b7e1ee3b5614429df33a5482cba0b,fiqa,beir/fiqa,en,rq,pooled,0,q32_d128,2.4,0.75,,0.00996181254529893,0.01647912626459544,0.00651731371929651,2.0,1,0.022097790220977902,,10000,False
31239f5dfa8d54b34fac30dfa6235e5cd7bcc0c5d9c7bfd657e8d814ee0fb009,fiqa,beir/fiqa,en,rq,pooled,0,q64_d256,1.2,0.75,,0.00996181254529893,0.01647912626459544,0.00651731371929651,2.0,1,0.022097790220977902,,10000,False
7c7af0e30ccd0a99becd396e5f7749da3b12cc33dbafaaed1366d748af537c09,fiqa,beir/fiqa,en,rq,pooled,1,q32_d128,1.2,0.75,,0.010735097728896073,0.01904472903449648,0.008309631305600406,2.0,1,0.006099390060993901,,10000,False
74fc3317f760a98b34e4f61190eee7d582d3253f3c7e885db4400976fceb7c72,fiqa,beir/fiqa,en,rq,pooled,2,q32_d128,1.2,0.75,,0.01120965584208135,0.021108494172439846,0.009898838330358496,2.0,1,0.0005999400059994001,,10000,False
7c14e23d0204470437a5b085cfc963434bf99bf748a9b054a56ca42153e9282c,fiqa,beir/fiqa,en,rq,token,0,q16_d64,1.2,0.75,,0.028873312000262094,0.15824913383759157,0.12937582183732949,2.3897657847435063,3,9.999000099990002e-05,,10000,False
4856e631b169fc612e7906dfeeab26a02713c7d6be01c1a6641933ea27e5acf6,fiqa,beir/fiqa,en,rq,token,0,q32_d128,0.6,0.0,,0.031188207370728943,0.20089995662298865,0.1697117492522597,2.1909869429482756,2,9.999000099990002e-05,,10000,False
8379f7d90588f91e1f19b2c0a92fb870c93cfca6db4591cc1b3b310059b53c1f,fiqa,beir/fiqa,en,rq,token,0,q32_d128,0.6,0.5,,0.031188207370728943,0.20508658014465747,0.17389837277392853,2.346508244590122,3,9.999000099990002e-05,,10000,False
e07432f728def0d787e9947b56b8e9ee54fcff8738d9425821a7955a52fdbc23,fiqa,beir/fiqa,en,rq,token,0,q32_d128,0.6,0.75,,0.031188207370728943,0.2004914086663498,0.16930320129562085,2.352600523800937,3,9.999000099990002e-05,,10000,False
553747c50d120e873ab51a1b2c4d987f6aa6f452f8003a65bf10d243066d697a,fiqa,beir/fiqa,en,rq,token,0,q32_d128,1.2,0.0,,0.031188207370728943,0.19671389762272576,0.16552569025199682,2.2185901375699264,2,9.999000099990002e-05,,10000,False
8caf8e59dfdf15c2582833a8a1a6206859a59b6fadb4eb7bc935fcb1720f5abf,fiqa,beir/fiqa,en,rq,token,0,q32_d128,1.2,0.5,,0.031188207370728943,0.20865007101314545,0.1774618636424165,2.414173834484183,3,9.999000099990002e-05,,10000,False
f024d7ef1208ae841cd08271df5bdaf4748efb039c141f38972e9b1fcca56b7e,fiqa,beir/fiqa,en,rq,token,0,q32_d128,1.2,0.75,,0.031188207370728943,0.2011825155054407,0.16999430813471175,2.390936637624075,3,9.999000099990002e-05,0.013998600139986002,10000,False
212336b513d2233007acb496d7f6e6c582d4dcb66d31a362482c03a4f4d9f1fb,fiqa,beir/fiqa,en,rq,token,0,q32_d128,2.4,0.0,,0.031188207370728943,0.1854719483896366,0.15428374101890766,2.224258820049609,2,9.999000099990002e-05,,10000,False
7cf71473b815171f3a82a085ba860069ed962e8647dd4e61c66a4f6fe4204afc,fiqa,beir/fiqa,en,rq,token,0,q32_d128,2.4,0.5,,0.031188207370728943,0.20196349365736233,0.17077528628663338,2.449302829594758,3,9.999000099990002e-05,,10000,False
9b509bed9e656b7572893a28ad3eeeb96d7fd1cf19c6d2d19dc96186b83346cc,fiqa,beir/fiqa,en,rq,token,0,q32_d128,2.4,0.75,,0.031188207370728943,0.19479170136300142,0.16360349399227248,2.434676873548024,3,9.999000099990002e-05,,10000,False
f5ed09fad2f3f277ab58557ea700b9db17380da0cc612a817e24297b8be14c18,fiqa,beir/fiqa,en,rq,token,0,q64_d256,1.2,0.75,,0.03201646648793569,0.22944702082926388,0.1974305543413282,2.5466704524077506,3,9.999000099990002e-05,,10000,False
74aa333e17f2487127a205b3dc8eb4c66f5e6aa75826de116b955bb5ae4e10aa,fiqa,beir/fiqa,en,rq,token,1,q32_d128,1.2,0.75,,0.035603821203573124,0.20481345758686503,0.1692096363832919,2.376782905365135,3,9.999000099990002e-05,,10000,False
e3f6bf274b1214f7d38b53120201466d308b0ab12cdb259da78d96deb0462105,fiqa,beir/fiqa,en,rq,token,2,q32_d128,1.2,0.75,,0.030623475021320092,0.20833509193337757,0.17771161691205747,2.4332143544491673,3,9.999000099990002e-05,,10000,False
339db0af16e09a5d1e02b611550c2de199195e2fb04131c6c533094d2e96413e,fiqa,beir/fiqa,en,sae,pooled,0,q16_d64,1.2,0.75,,0.02400008878882763,0.037120714683669606,0.013120625894841975,2.7963668256415057,3,0.000999900009999,,10000,False
bf65336172f8f3ad729a136eddbf021cc370a9f72405233eb5ea21e79097abca,fiqa,beir/fiqa,en,sae,pooled,0,q32_d128,0.6,0.0,,0.027836551931605672,0.042169021941538876,0.014332470009933203,2.093532618408692,2,9.999000099990002e-05,,10000,False
b84ce2cb90e0d8b61bb78eb34ee798db080cae3d891b78c3a7ab79b3c4006216,fiqa,beir/fiqa,en,sae,pooled,0,q32_d128,0.6,0.5,,0.027836551931605672,0.04660571262354726,0.01876916069194159,2.8311809970061366,3,9.999000099990002e-05,,10000,False
16a353ea23bdf578787647f346725f9e97580fe4afb8d855bbe0d57b231fa27e,fiqa,beir/fiqa,en,sae,pooled,0,q32_d128,0.6,0.75,,0.027836551931605672,0.04807152772887715,0.020234975797271477,2.7298066543777795,3,9.999000099990002e-05,,10000,False
3d2a02f2c0d10abb9641e0f948f568f1c404e6de07991b57dd5750795870b727,fiqa,beir/fiqa,en,sae,pooled,0,q32_d128,1.2,0.0,,0.027836551931605672,0.038843081704863204,0.011006529773257532,2.1002199690863574,2,0.00019998000199980003,,10000,False
c7b8bcd0e268c0c3914c185c6cb73aa02baaa7a0988bdbf7f9402be9db277365,fiqa,beir/fiqa,en,sae,pooled,0,q32_d128,1.2,0.5,,0.027836551931605672,0.04534167758856572,0.01750512565696005,2.869062551587014,3,9.999000099990002e-05,,10000,False
58ffe82d1737860101bb786be41deb6074e04d0dcea91c98c8315f6d11f8b633,fiqa,beir/fiqa,en,sae,pooled,0,q32_d128,1.2,0.75,,0.027836551931605672,0.04821758137064499,0.020381029439039317,2.7464242412903768,3,9.999000099990002e-05,0.013998600139986002,10000,False
78b70a254d92d0a3f167cde92b046c558328223e3c0bb2d5f68f009d76a1ec44,fiqa,beir/fiqa,en,sae,pooled,0,q32_d128,2.4,0.0,,0.027836551931605672,0.03629548282182643,0.008458930890220758,2.1774020970607912,2,0.0013998600139986002,,10000,False
73139f2268281c49c008476ca04e118bb1b35a1fbfca5d377196c1eb23031568,fiqa,beir/fiqa,en,sae,pooled,0,q32_d128,2.4,0.5,,0.027836551931605672,0.042658974301351446,0.014822422369745774,2.753566884754569,3,9.999000099990002e-05,,10000,False
64a26f9c5a69aca0fbf9a55174cf9aa3ed9d91db7b74f175c0b7aa77c91779c4,fiqa,beir/fiqa,en,sae,pooled,0,q32_d128,2.4,0.75,,0.027836551931605672,0.04681403396677426,0.01897748203516859,2.6183167837844064,3,9.999000099990002e-05,,10000,False
d9584062df4f620ddabba5c496fc0d462a44b4c16bef18055a5c091380a23615,fiqa,beir/fiqa,en,sae,pooled,0,q64_d256,1.2,0.75,,0.027836551931605672,0.04821758137064499,0.020381029439039317,2.7464242412903768,3,9.999000099990002e-05,,10000,False
2eac8d354c99dd8ee5347dd9f1fffd280896842161b3eefc0826065356e6bfb1,fiqa,beir/fiqa,en,sae,pooled,1,q32_d128,1.2,0.75,,0.022633207276852,0.04322026817831297,0.02058706090146097,2.675026187005493,3,9.999000099990002e-05,,10000,False
4a3b410f95b04a17110369873e9bb439fe022d81c189e0d416cbe92ab2168ac9,fiqa,beir/fiqa,en,sae,pooled,2,q32_d128,1.2,0.75,,0.02455947047617937,0.042961908135688516,0.018402437659509146,2.871072793683136,3,9.999000099990002e-05,,10000,False
bad83fe115bf1e3bb26e977c275d1231e2dc1a04051672ef7e65a4dac0ac9420,fiqa,beir/fiqa,en,sae,token,0,q16_d64,1.2,0.75,,0.049227270087099734,0.21833418146809155,0.16910691138099182,2.660735302543003,3,9.999000099990002e-05,,10000,False
5bffd398f1c536f8e566a8b3341f27056ebeb8fce01bbd48d0dac645478b0923,fiqa,beir/fiqa,en,sae,token,0,q32_d128,0.6,0.0,,0.05199310033702441,0.2609477627439119,0.20895466240688748,2.179843708724131,2,9.999000099990002e-05,,10000,False
922c5916627ee4cbca2828b02a178fa03255895cdbb26dc9cb900e5449c40d9a,fiqa,beir/fiqa,en,sae,token,0,q32_d128,0.6,0.5,,0.05199310033702441,0.2583193337343551,0.2063262333973307,2.5057099711385336,3,9.999000099990002e-05,,10000,False
2cfdd553461a9e699ee3edc13543778202c9443562358b22102a25d55460d672,fiqa,beir/fiqa,en,sae,token,0,q32_d128,0.6,0.75,,0.05199310033702441,0.25529863801078984,0.2033055376737654,2.5949840251272107,3,9.999000099990002e-05,,10000,False
3ca774b6cbf2601a314b5e1643f0c7c678361399fe986e3d6ae4c48d5120a577,fiqa,beir/fiqa,en,sae,token,0,q32_d128,1.2,0.0,,0.05199310033702441,0.26978043094356446,0.21778733060654004,2.1703215837715506,2,9.999000099990002e-05,,10000,False
052efebb2b8ac9746fcad2d41974871242dd4d478736a913a4277fa269d94dbc,fiqa,beir/fiqa,en,sae,token,0,q32_d128,1.2,0.5,,0.05199310033702441,0.26842927233946445,0.21643617200244003,2.491798141112785,3,9.999000099990002e-05,,10000,False
7cb0a21b66d0fce8fb27b49af856569f4c98019132d45e747cd2bcfc2bf58489,fiqa,beir/fiqa,en,sae,token,0,q32_d128,1.2,0.75,,0.05199310033702441,0.264929464427949,0.2129363640909246,2.5935242208697393,3,9.999000099990002e-05,0.013998600139986002,10000,False
25c1fb2b789086d8c81d88c889d134881bae06a4ca8fc2d2fe919e8d553cf7bb,fiqa,beir/fiqa,en,sae,token,0,q32_d128,2.4,0.0,,0.05199310033702441,0.2801542033404862,0.22816110300346176,2.1924505954900897,2,9.999000099990002e-05,,10000,False
b0567671f3c3c1e8424029e25d98f9c7160ee250313c3c2c477bcb8557ca4e38,fiqa,beir/fiqa,en,sae,token,0,q32_d128,2.4,0.5,,0.05199310033702441,0.2800400736647449,0.2280469733277205,2.47896196614881,3,9.999000099990002e-05,,10000,False
1c78c228b3043d60db0125713dcedaf23f1b3ec4826ee26c1cbd81b4f32a6eac,fiqa,beir/fiqa,en,sae,token,0,q32_d128,2.4,0.75,,0.05199310033702441,0.2758691560788104,0.22387605574178598,2.5746986245380814,3,9.999000099990002e-05,,10000,False
3df02bb9816b7073404e8093a4ac42bc07e2916b3dc99b51ebd92a339fa5527b,fiqa,beir/fiqa,en,sae,token,0,q64_d256,1.2,0.75,,0.05157228119895563,0.30490624244287784,0.2533339612439222,2.6137259061120233,3,9.999000099990002e-05,,10000,False
6c2ba6ecaa698915a2becbee323ac670eb976b20365669b1e1cba4570c4e9dea,fiqa,beir/fiqa,en,sae,token,1,q32_d128,1.2,0.75,,0.05110772617175072,0.2737838032289904,0.22267607705723966,2.667910870723974,3,9.999000099990002e-05,,10000,False
b79cb1d7dc92648ac01668e55b21f64a421073641f684094ef1d111efb838f7f,fiqa,beir/fiqa,en,sae,token,2,q32_d128,1.2,0.75,,0.05176067048230994,0.2629480869038628,0.21118741642155286,2.572520386282185,3,9.999000099990002e-05,,10000,False
0673f44aeb3022ff5b476ae40df0fa0be449456ff4443735940358ea2bc818b8,fiqa,beir/fiqa,en,sae_shared,pooled,0,q32_d128,1.2,0.75,shared_dictionary,0.07301530027571505,0.22090414812834788,0.14788884785263284,3.0962332155089425,3,9.999000099990002e-05,,10000,False
c81caf13215791623c63d447829aef266b5bbc217c9a22d89d37b3bb97d53a23,fiqa,beir/fiqa,en,sae_shared,token,0,q32_d128,1.2,0.75,shared_dictionary,0.05199310033702441,0.264929464427949,0.2129363640909246,2.5935242208697393,3,9.999000099990002e-05,,10000,False
7fb14bd33230911f93ee8d140b5673a1a59a59ea974b06f3979754faa4f7b8c2,limit,limit,en,gaussian,pooled,0,q16_d64,1.2,0.75,,0.00026406812257259086,0.0003868528072345416,0.00012278468466195075,0.594129105550009,3,0.8682131786821318,,10000,False
8868d710bca3ff65e22115d26bbacb140dfef03e7042519096e043b46151a03a,limit,limit,en,gaussian,pooled,0,q32_d128,1.2,0.75,,0.0006000291211906981,0.0003978088012057569,-0.00020222031998494118,-0.5409333556744864,3,0.656934306569343,1.0,10000,False
e25f117c5a66ddd054905d4099131e9aaf401164ee35ca025b80a7d2f0806e8e,limit,limit,en,gaussian,pooled,0,q64_d256,1.2,0.75,,0.0002043823975884861,0.0003868528072345416,0.0001824704096460555,0.5623650221653635,3,0.8526147385261473,,10000,False
b1ada5bc57bf7a61145c3bd42dc75a2d7bf68171fd4a693d3e437fe8ac24bab1,limit,limit,en,gaussian,token,0,q16_d64,1.2,0.75,,0.0006151998131661352,0.0003868528072345416,-0.0002283470059315936,-1.102237491361153,3,0.6544345565443456,,10000,False
6a28643e354690c6d7fa42171c09be7c0c447b048847ddc4a796e3cb1b0aed21,limit,limit,en,gaussian,token,0,q32_d128,1.2,0.75,,0.00041443699955334397,0.00036181498356361593,-5.262201598972804e-05,-0.16883653225427708,3,0.9136086391360864,1.0,10000,False
cdeeaf2bbb726d56bfdf7bbbeec1f3e09e12ce7aeada7e91724e89ea0a6e894b,limit,limit,en,gaussian,token,0,q64_d256,1.2,0.75,,0.0,0.00023719771276929622,0.00023719771276929622,0.7360005953469206,3,0.6268373162683731,,10000,False
7bbe0cf0edcd3b2472cc8e4f94a2ceddfb603961a507067d5a5a8251667b1b40,limit,limit,en,identity,pooled,0,q16_d64,1.2,0.75,,0.0,0.00018457569677956818,0.00018457569677956818,0.5867992617657645,3,0.6372362763723628,,10000,False
f963a60ad7d9728c8bbdff4e79caaaa61ca528ce62b46729dae42fac5c67624c,limit,limit,en,identity,pooled,0,q32_d128,1.2,0.75,,0.0,0.0008315546295836226,0.0008315546295836226,1.4238207580529716,3,0.1131886811318868,1.0,10000,False
0348018946235b0cf5dce6372f9a290a84c58708ac0d060613a8d38061606971,limit,limit,en,identity,pooled,0,q64_d256,1.2,0.75,,0.0001934264036172708,0.0010815977129265354,0.0008881713093092646,1.822301300975866,3,0.19318068193180682,,10000,False
a320f565bfd5cb7102618754d4b80cf15e816cead9e74f36010eeff9a61d085f,limit,limit,en,identity,token,0,q16_d64,1.2,0.75,,0.0,0.0,0.0,0.0,3,1.0,,10000,False
dd0febcb938f7eb6a1bc9e741a350b1d497558c7a7ac14dee08d07139839f04f,limit,limit,en,identity,token,0,q32_d128,1.2,0.75,,0.0,0.0007293634307893794,0.0007293634307893794,1.3892759953082647,3,0.10778922107789221,1.0,10000,False
3fcdb4529353c3020ef958baeae2217a86844c6d9b530c6fa5dc93e0adb10010,limit,limit,en,identity,token,0,q64_d256,1.2,0.75,,0.0,0.0017903864795495062,0.0017903864795495062,3.062451448611903,3,0.06209379062093791,,10000,False
47bb6264cf09899e2df882d2e1c59df33781a1cd88ae655a15c8d43f2457c593,limit,limit,en,kmeans,pooled,0,q16_d64,1.2,0.75,,0.0,0.0,0.0,,0,1.0,,10000,False
9b7c87617b83b62bede686d39d4d9f175ba9676a5fa29b4ce7b904fb36cf0135,limit,limit,en,kmeans,pooled,0,q32_d128,1.2,0.75,,0.0,0.0,0.0,,0,1.0,1.0,10000,False
7ca45120ebcaa1bbd935edac129b0c1a899faae1069ff1fb8e36882efb98a650,limit,limit,en,kmeans,pooled,0,q64_d256,1.2,0.75,,0.0,0.0,0.0,,0,1.0,,10000,False
171e634e260a81a193282d9207f8dd6edba1efc5dd3011c696ec739f8008e6d0,limit,limit,en,kmeans,token,0,q16_d64,1.2,0.75,,0.0038430043718020376,0.001265333957914478,-0.0025776704138875594,-2.097047163930756,3,0.08739126087391261,,10000,False
3270cfbf2a7e513d8873876c4ffb6ea1e540b62f4dd48508c82b9bdd42036e3a,limit,limit,en,kmeans,token,0,q32_d128,1.2,0.75,,0.004725450810002094,0.03262352481980623,0.02789807400980414,2.7398119761161728,3,9.999000099990002e-05,0.013998600139986002,10000,False
8a25a34b5f408c2800373ce9d356640ad0cd744f774093eda1b27336a96977f9,limit,limit,en,kmeans,token,0,q64_d256,1.2,0.75,,0.004545142477959585,0.04451644536713305,0.039971302889173464,2.6815425337071925,3,9.999000099990002e-05,,10000,False
96e92967c212026d2f78ddfa713f217a9f37d45b58de3f97e4393d97e65cb7b0,limit,limit,en,pca,pooled,0,q16_d64,1.2,0.75,,0.0008772153153380493,0.0,-0.0008772153153380493,-2.5924490864967997,3,0.2582741725827417,,10000,False
941c17fa2e6fd776a654c00e3e07d9110832f67a9f28734c7288c0f2ea648211,limit,limit,en,pca,pooled,0,q32_d128,1.2,0.75,,0.0014634920983002129,0.0017621787459701894,0.0002986866476699765,1.7959910529960563,3,0.796020397960204,1.0,10000,False
25f170033222557ce9a7afc3d2c189e844f909df8db4280455b46c44a6b49410,limit,limit,en,pca,pooled,0,q64_d256,1.2,0.75,,0.003247809517305233,0.0027787542775849407,-0.00046905523972029213,-0.6169171494082585,3,0.7142285771422858,,10000,False
5e4df2c8bc12f1030f504fe296a1fa1de5d01a271e377220e2a2beb2f881f450,limit,limit,en,pca,token,0,q16_d64,1.2,0.75,,0.0,0.001204382397588486,0.001204382397588486,1.7175799865705053,3,0.12188781121887811,,10000,False
aa226f13bd40fcd8bc667238d24d34a4f1dfbbb8c94fa0990ee18590b8ea8355,limit,limit,en,pca,token,0,q32_d128,1.2,0.75,,0.00039564672360221194,0.0003065735963827292,-8.907312721948273e-05,-0.09899951056407452,3,0.8282171782821718,1.0,10000,False
c7d7126184bbcf5b0caafc2fcdf8226a9eb1ebdfdddec0baa0214798b535b976,limit,limit,en,pca,token,0,q64_d256,1.2,0.75,,0.00132366768087087,0.004451141990082943,0.0031274743092120734,1.8518161718511403,3,0.026297370262973702,,10000,False
9b09fd51f7d3556534ba3a91aa97036137396bc8325eef9cdfc0fac789b4b898,limit,limit,en,pq,pooled,0,q16_d64,1.2,0.75,,0.0,0.0,0.0,,0,1.0,,10000,False
5767d1904a6a5138584c6c707b6e918bb2f1df2de0ed61e3b5a2bd7b3e1ffe98,limit,limit,en,pq,pooled,0,q32_d128,1.2,0.75,,0.0,0.0,0.0,,0,1.0,1.0,10000,False
85d3fd5ae58d535a53c271df6387e3f366df18c80287b2d46aae3cf6fad26868,limit,limit,en,pq,pooled,0,q64_d256,1.2,0.75,,0.0,0.0,0.0,,0,1.0,,10000,False
17b60626e93f187a0f5aaa9084d3c9584342104462a76d0104e5eeaf3a0b774e,limit,limit,en,pq,token,0,q16_d64,1.2,0.75,,0.0,0.0003868528072345416,0.0003868528072345416,1.6049029598108964,3,0.6337366263373663,,10000,False
2f142210ce65c5e21eb7bff85658524a67a3297f72eed22c67b2b8e62768aae6,limit,limit,en,pq,token,0,q32_d128,1.2,0.75,,0.00038162168437253386,0.0,-0.00038162168437253386,-1.1762265174506155,3,0.25417458254174585,1.0,10000,False
c053aeb744c5272212bc2a466021b64485db7053f2b01dc7bb37b4835c270d0d,limit,limit,en,pq,token,0,q64_d256,1.2,0.75,,0.00023719771276929622,0.0009924151285041845,0.0007552174157348882,1.347270807206507,3,0.1718828117188281,,10000,False
1d51d302b90ca9d5658deed34b3411146a0309609b318538bbb6b93113274057,limit,limit,en,rq,pooled,0,q16_d64,1.2,0.75,,0.0,0.0,0.0,,0,1.0,,10000,False
3acd498ef663295391107f1ac8d2daddb8ca315d37c1020076076dbb9f0a3655,limit,limit,en,rq,pooled,0,q32_d128,1.2,0.75,,0.0,0.0,0.0,,0,1.0,1.0,10000,False
9834b8aef67c64bf20cb2f74837df3108034cce37117d06b9a0048fbe9956305,limit,limit,en,rq,pooled,0,q64_d256,1.2,0.75,,0.0,0.0,0.0,,0,1.0,,10000,False
89f7c944daa37db93125922450408b735f8c73fd234990083c423a29d590e1c4,limit,limit,en,rq,token,0,q16_d64,1.2,0.75,,0.0,0.002125096321077417,0.002125096321077417,2.897519906727868,3,0.028097190280971903,,10000,False
3bf33b1148d47b08764769c952198b0a7f84261657bbc8649de48e7b5266c93f,limit,limit,en,rq,token,0,q32_d128,1.2,0.75,,0.0006131471927654584,0.008214691904860691,0.007601544712095233,2.5992740495736437,3,0.00039996000399960006,0.019198080191980802,10000,False
5ee6a5befecc308a7612f474e9c9c770f6f2d88707ad851d21022f1ac4e99e0f,limit,limit,en,rq,token,0,q64_d256,1.2,0.75,,0.0006131471927654584,0.015627792700500583,0.015014645507735125,2.509487643276339,3,9.999000099990002e-05,,10000,False
25b5e2bf800a92303cef4da617270cd004a915eff75abb035074cd4c3ee8194c,limit,limit,en,sae,pooled,0,q16_d64,1.2,0.75,,0.0,0.0,0.0,,0,1.0,,10000,False
1bea12d9e5a9a12d6ebd40941ef0e52aeaef6a27af16369ef8eef74418f4468f,limit,limit,en,sae,pooled,0,q32_d128,1.2,0.75,,0.0006131471927654584,0.0003065735963827292,-0.0003065735963827292,-2.0,1,0.630936906309369,1.0,10000,False
6b7fc37fd19cdd87f3117878f470e8a8dbdcf43dfc70034cf310d63bf40cc8d2,limit,limit,en,sae,pooled,0,q64_d256,1.2,0.75,,0.0006131471927654584,0.0003065735963827292,-0.0003065735963827292,-2.0,1,0.630936906309369,,10000,False
7e84e9ac7c7e17b931ff18cf162cb29eceab5777837b8c388295cbfa7504c2ae,limit,limit,en,sae,token,0,q16_d64,1.2,0.75,,0.0012459916291369664,0.004361028198504827,0.00311503656936786,2.7907952359541666,3,0.017698230176982303,,10000,False
7bffb043df0f4a64f97533d994532ea4e512d650822bf71f0976653c5dfaef50,limit,limit,en,sae,token,0,q32_d128,1.2,0.75,,0.001054674636390405,0.008208387786717659,0.007153713150327254,2.7604216557270247,3,0.0005999400059994001,0.0263973602639736,10000,False
60384a7f9ccfe5374120a29da14e66c9bf69e765483cb41314362fc6878fd073,limit,limit,en,sae,token,0,q64_d256,1.2,0.75,,0.0012721183150836187,0.01770583625241952,0.0164337179373359,2.4227971577359955,3,9.999000099990002e-05,,10000,False
aa3f971bd2636a9439a134c1120d20508fb9fe14a0cadba623d9fffd7d434941,limit,limit,en,sae_shared,pooled,0,q32_d128,1.2,0.75,shared_dictionary,0.0023802275701264794,0.0011938674851316347,-0.0011863600849948447,-1.2784019332273842,3,0.18498150184981502,,10000,False
c639753367e79fd6606851b5e166959ab01e3885b3061d0da6242c063c1944aa,limit,limit,en,sae_shared,token,0,q32_d128,1.2,0.75,shared_dictionary,0.001054674636390405,0.008208387786717659,0.007153713150327254,2.7604216557270247,3,0.0005999400059994001,,10000,False
0dc1a0846b63c8eb30f0b5ba18575dc006d1786fbd435f0115bc9cbea08410b5,miracl_bn,miracl/bn,bn,gaussian,pooled,0,q16_d64,1.2,0.75,,0.0006425015147751603,0.08503382229886784,0.08439132078409269,2.3770196013581817,3,9.999000099990002e-05,,10000,False
629e8fd6bbc38d5e422c21b7c6e4c184082b658ab243374573252cae7730d28e,miracl_bn,miracl/bn,bn,gaussian,pooled,0,q32_d128,0.6,0.0,,0.0014394202300035085,0.10430007872786141,0.1028606584978579,2.2763335170250283,2,9.999000099990002e-05,,10000,False
2f8290bdc927f5f0373a47c7c4cef315b9b665d453b66f39126a8fed89106ec3,miracl_bn,miracl/bn,bn,gaussian,pooled,0,q32_d128,0.6,0.5,,0.0014394202300035085,0.13970377598731637,0.13826435575731286,2.4557335795661706,3,9.999000099990002e-05,,10000,False
10df0758eac3212c3cb90de33f269ab0e805083a80fa460d252707b25c084634,miracl_bn,miracl/bn,bn,gaussian,pooled,0,q32_d128,0.6,0.75,,0.0014394202300035085,0.1584697373933014,0.15703031716329788,2.2748206699252065,3,9.999000099990002e-05,,10000,False
11e8597cc1ea9bb9cb107405763db51845394f52b60dc646725e859f9b7b3293,miracl_bn,miracl/bn,bn,gaussian,pooled,0,q32_d128,1.2,0.0,,0.0014394202300035085,0.08542520225054774,0.08398578202054423,2.6485708326114334,2,9.999000099990002e-05,,10000,False
faa80c1b39d12afaf3d95e43de6f3483cfd691ebb8c3431be97c2ef1102ec794,miracl_bn,miracl/bn,bn,gaussian,pooled,0,q32_d128,1.2,0.5,,0.0014394202300035085,0.13412219015292065,0.13268276992291714,2.6901276949571162,3,9.999000099990002e-05,,10000,False
94eb3cef9cc9650e7f7971bf1d9b44dc755474fd6039419d6b226c77b48df505,miracl_bn,miracl/bn,bn,gaussian,pooled,0,q32_d128,1.2,0.75,,0.0014394202300035085,0.16935205633277128,0.16791263610276777,2.236954974825398,3,9.999000099990002e-05,0.013998600139986002,10000,False
bae49adb6281f25d21af31e14a3f6956dee433a1871e8fa39a1afa229f643fd8,miracl_bn,miracl/bn,bn,gaussian,pooled,0,q32_d128,2.4,0.0,,0.0014394202300035085,0.05358860746541955,0.05214918723541604,2.7278094399348496,2,9.999000099990002e-05,,10000,False
93d32828fce709c140354323affa09d5a3f3eb69d92167bf7a1fbffa85fcfede,miracl_bn,miracl/bn,bn,gaussian,pooled,0,q32_d128,2.4,0.5,,0.0014394202300035085,0.12437570541136928,0.12293628518136576,2.878870045054429,3,9.999000099990002e-05,,10000,False
9fc2426481b4f86cb5b2fe45e7bc2d5a51edfa8c04933e22ef69ef3c80e5ceb8,miracl_bn,miracl/bn,bn,gaussian,pooled,0,q32_d128,2.4,0.75,,0.0014394202300035085,0.17330094521574002,0.1718615249857365,2.2152583824456054,3,9.999000099990002e-05,,10000,False
079123f5abb644f4dde79f8afadba2ba144d509af85713a3c1772e19bb51e286,miracl_bn,miracl/bn,bn,gaussian,pooled,0,q64_d256,1.2,0.75,,0.0014918423181641324,0.27910432539034224,0.2776124830721781,2.3425103285571582,3,9.999000099990002e-05,,10000,False
ca37bc0e3bb0abb49e401199f469f7599b5227661a450623ae15cc03b70ffbc1,miracl_bn,miracl/bn,bn,gaussian,pooled,1,q32_d128,1.2,0.75,,0.003323886835320975,0.1754456058928584,0.17212171905753743,2.3357713738299326,3,9.999000099990002e-05,,10000,False
5c13920a3c977dbedadd6dd7fe9c6bef61c45ea9e0b522cd1fa686e522ef7356,miracl_bn,miracl/bn,bn,gaussian,pooled,2,q32_d128,1.2,0.75,,0.004590981461800094,0.19864795238966507,0.19405697092786497,2.343480778895499,3,9.999000099990002e-05,,10000,False
768e09075baa9ba11d67abb8b625bc7561a01f27a75595bf1ba623d890a0bb9d,miracl_bn,miracl/bn,bn,gaussian,token,0,q16_d64,1.2,0.75,,0.006534963750665555,0.10045197759009675,0.09391701383943118,2.3867347585170715,3,9.999000099990002e-05,,10000,False
b8340ee7e1a0e9be31e8998932fee5272db84bb0e588ac66a89815db61064a6b,miracl_bn,miracl/bn,bn,gaussian,token,0,q32_d128,0.6,0.0,,0.004082086008028461,0.13866835564949326,0.1345862696414648,1.936447487541684,2,9.999000099990002e-05,,10000,False
91f1ccff9c91f598de179a3b14be7812836656dbff4b965cb7e60ede0f4922f2,miracl_bn,miracl/bn,bn,gaussian,token,0,q32_d128,0.6,0.5,,0.004082086008028461,0.14421044210085535,0.1401283560928269,2.2385548188376676,3,9.999000099990002e-05,,10000,False
5495b7eb1a1e7436a9a36d2f55ae08ff70fced3b5a5b50b278ab5aa5a7e51b97,miracl_bn,miracl/bn,bn,gaussian,token,0,q32_d128,0.6,0.75,,0.004082086008028461,0.15078662807478926,0.1467045420667608,2.0413582367879495,3,9.999000099990002e-05,,10000,False
045853a610fc67c140505760fa2c640bceb2064b96fb3a8befa2cba36d0bb609,miracl_bn,miracl/bn,bn,gaussian,token,0,q32_d128,1.2,0.0,,0.004082086008028461,0.1271043404325324,0.12302225442450394,2.099784575500377,2,9.999000099990002e-05,,10000,False
05c84dcd2d80ee2b98fa97eb1a57e6e48292c4e65612b5b209fff10d2791655b,miracl_bn,miracl/bn,bn,gaussian,token,0,q32_d128,1.2,0.5,,0.004082086008028461,0.14704804314809475,0.1429659571400663,2.4247266782342325,3,9.999000099990002e-05,,10000,False
bde50e2922a012a1588f43308b68f2cffec46b9f20a71ad0bc039d5aab05e35c,miracl_bn,miracl/bn,bn,gaussian,token,0,q32_d128,1.2,0.75,,0.004082086008028461,0.15824499938533768,0.15416291337730922,2.1192067424869396,3,9.999000099990002e-05,0.013998600139986002,10000,False
a751e2d3a69677980bb6de2ffbe7569974a8b3b9da33c8aa598ebd4feecf0593,miracl_bn,miracl/bn,bn,gaussian,token,0,q32_d128,2.4,0.0,,0.004082086008028461,0.10815865591363856,0.1040765699056101,2.418479913509999,2,9.999000099990002e-05,,10000,False
a817e84f707a30a46117a5fca95e9c7a9b13d3117e3006eb1a8cd3f33f9179b2,miracl_bn,miracl/bn,bn,gaussian,token,0,q32_d128,2.4,0.5,,0.004082086008028461,0.14991054754248243,0.14582846153445397,2.659328181982526,3,9.999000099990002e-05,,10000,False
a6145bad3102e45de7d4650a0e68081e958d1b52ac0287a77587367a491dde30,miracl_bn,miracl/bn,bn,gaussian,token,0,q32_d128,2.4,0.75,,0.004082086008028461,0.171996151944475,0.16791406593644656,2.1853472041683406,3,9.999000099990002e-05,,10000,False
2b492c63b89aa9f06f3271d2d773a92201c73b02906b1ec785ef3ca31ba5c312,miracl_bn,miracl/bn,bn,gaussian,token,0,q64_d256,1.2,0.75,,0.0024330900243309003,0.28409364651047053,0.28166055648613963,2.2143560923877854,3,9.999000099990002e-05,,10000,False
b12b3087e1ed996c74ba6f5cd0ad9acf8ab400ef26e0e143a4153aa006470087,miracl_bn,miracl/bn,bn,gaussian,token,1,q32_d128,1.2,0.75,,0.0034740734337666244,0.18018300994963474,0.1767089365158681,2.122321514267771,3,9.999000099990002e-05,,10000,False
60706f5d15990d8bc69ae91da2995db275ac09dbce9830c2a690a290fae896e1,miracl_bn,miracl/bn,bn,gaussian,token,2,q32_d128,1.2,0.75,,0.011156072725356049,0.19909798020744884,0.1879419074820928,2.071294721063434,3,9.999000099990002e-05,,10000,False
c196b83f0db753112474bfd395408dcf3bbdd7c9661ff4e2e5eac1c54fd494c7,miracl_bn,miracl/bn,bn,identity,pooled,0,q16_d64,1.2,0.75,,0.0,0.07162072318460198,0.07162072318460198,2.6082167569771437,3,9.999000099990002e-05,,10000,False
a0c848ed106e807a0140f85cac22543e457f1b61c6149a0653419a815743914c,miracl_bn,miracl/bn,bn,identity,pooled,0,q32_d128,0.6,0.0,,0.0004312391405937901,0.18812592257795396,0.18769468343736018,2.5252979951628602,2,9.999000099990002e-05,,10000,False
8e460c33c9adeb154e822597f02fa3723bfa1ae6e86e0fcf1cdc4ebacd7cb997,miracl_bn,miracl/bn,bn,identity,pooled,0,q32_d128,0.6,0.5,,0.0004312391405937901,0.22696467228710218,0.2265334331465084,2.6059308681090707,3,9.999000099990002e-05,,10000,False
82d6eb87b62ca514686ea9073205c209251255900213b2476e8a39b11948b263,miracl_bn,miracl/bn,bn,identity,pooled,0,q32_d128,0.6,0.75,,0.0004312391405937901,0.2366016850057508,0.236170445865157,2.419930609632561,3,9.999000099990002e-05,,10000,False
7ce2c24065403a8d338ae7a73119361c90c83226b568db310b2bc524c087906a,miracl_bn,miracl/bn,bn,identity,pooled,0,q32_d128,1.2,0.0,,0.0004312391405937901,0.1526872639136849,0.1522560247730911,2.7390112674565095,2,9.999000099990002e-05,,10000,False
8b4b5992aea45efaabb1d4da4a6c033b95828cd6a188363014a2b9d10a75991a,miracl_bn,miracl/bn,bn,identity,pooled,0,q32_d128,1.2,0.5,,0.0004312391405937901,0.21724960377271227,0.21681836463211848,2.8479997269175636,3,9.999000099990002e-05,,10000,False
17a9c737c00786bb07654f0edeaeacad05ca08c4f8a95301815f4f0d5caffce5,miracl_bn,miracl/bn,bn,identity,pooled,0,q32_d128,1.2,0.75,,0.0004312391405937901,0.24995198719053344,0.24952074804993965,2.4568172602610208,3,9.999000099990002e-05,0.013998600139986002,10000,False
1a6e9162515f3ae035997fb34a074f3f57930061cf87a122d5e6e95c2a8fa056,miracl_bn,miracl/bn,bn,identity,pooled,0,q32_d128,2.4,0.0,,0.0004312391405937901,0.11137821786644256,0.11094697872584877,2.7494643763765607,2,9.999000099990002e-05,,10000,False
5cfe53cbbba48f0227cf162ea59027eb861abc54c588b9976ac54cd4ac91fbaf,miracl_bn,miracl/bn,bn,identity,pooled,0,q32_d128,2.4,0.5,,0.0004312391405937901,0.20737206794735433,0.20694082880676054,3.0332244975771685,3,9.999000099990002e-05,,10000,False
cdb9e022f24ed0e125d55d6a484ae07de2c08f6f24714d314403fab840347737,miracl_bn,miracl/bn,bn,identity,pooled,0,q32_d128,2.4,0.75,,0.0004312391405937901,0.2584932930990186,0.2580620539584248,2.5272955788646114,3,9.999000099990002e-05,,10000,False
63317e56f048a01f363b0e3133e87f9f7249ad01b3346e859d580923268ad108,miracl_bn,miracl/bn,bn,identity,pooled,0,q64_d256,1.2,0.75,,0.0016452000015282587,0.41199603831105436,0.4103508383095261,2.580958164454909,3,9.999000099990002e-05,,10000,False
a6ce0b24d6d789403c50ece928c87c7052c143f03c7e05a556f4211b2963239d,miracl_bn,miracl/bn,bn,identity,token,0,q16_d64,1.2,0.75,,0.000941247706166768,0.09166451076972612,0.09072326306355935,2.6527969682500165,3,9.999000099990002e-05,,10000,False
141833adc558b8a9da238ca2ecfa4e5921119871569f53dd93d8bb80663f26c9,miracl_bn,miracl/bn,bn,identity,token,0,q32_d128,0.6,0.0,,0.0008666841535474992,0.23545168334566913,0.23458499919212164,2.1361287608193575,2,9.999000099990002e-05,,10000,False
7048d3b86c098f0ecf36b9773eccb045124e9397488e7fccba6e3946411f45d3,miracl_bn,miracl/bn,bn,identity,token,0,q32_d128,0.6,0.5,,0.0008666841535474992,0.24199031002917784,0.24112362587563035,2.301880183210377,3,9.999000099990002e-05,,10000,False
f08c38c48c13023d562f741105c7d43c2ca19dbfe9b51d357ebc11297fed227b,miracl_bn,miracl/bn,bn,identity,token,0,q32_d128,0.6,0.75,,0.0008666841535474992,0.23722074833124912,0.23635406417770163,2.159821913767403,3,9.999000099990002e-05,,10000,False
7655eaecfe6155139d3be6696b82b84867835c1fc98ffcefb51e5a1369e6a3b9,miracl_bn,miracl/bn,bn,identity,token,0,q32_d128,1.2,0.0,,0.0008666841535474992,0.22569414850828504,0.22482746435473755,2.4014774186487307,2,9.999000099990002e-05,,10000,False
c0ccfa38ad6046d13f8b5f0868d871fd19a6729316d3254c393ff890928a684f,miracl_bn,miracl/bn,bn,identity,token,0,q32_d128,1.2,0.5,,0.0008666841535474992,0.24906676200740352,0.24820007785385603,2.5223795839806757,3,9.999000099990002e-05,,10000,False
01a2edd157f410af7270da545f7005dc6fa9195c7ad803d9b3b05f393ccbd6a3,miracl_bn,miracl/bn,bn,identity,token,0,q32_d128,1.2,0.75,,0.0008666841535474992,0.2536025299812783,0.2527358458277308,2.3223643246931975,3,9.999000099990002e-05,0.013998600139986002,10000,False
9eb014c9fbccd0581222b31846745fb01014110a078f5a09ef046024a3970ef8,miracl_bn,miracl/bn,bn,identity,token,0,q32_d128,2.4,0.0,,0.0008666841535474992,0.19379423234592394,0.19292754819237645,2.6151563109200757,2,9.999000099990002e-05,,10000,False
4eb94600eb9cd0c9fc2ca6a1082c3704bd1736c65c0fe625967265cf530cebb7,miracl_bn,miracl/bn,bn,identity,token,0,q32_d128,2.4,0.5,,0.0008666841535474992,0.25218729587215805,0.25132061171861053,2.783665648130403,3,9.999000099990002e-05,,10000,False
dc62839c5879f3536450b9a03cd8740af599cdc622c13044db166b3ee2208961,miracl_bn,miracl/bn,bn,identity,token,0,q32_d128,2.4,0.75,,0.0008666841535474992,0.2685673711356871,0.2677006869821396,2.405590971926025,3,9.999000099990002e-05,,10000,False
aa4a693cbf61c636876f7e5b84c8abaaa57c2153d0a2d2d3affe84463f7a7ba5,miracl_bn,miracl/bn,bn,identity,token,0,q64_d256,1.2,0.75,,0.0007324330794744068,0.44661135933255947,0.44587892625308506,2.3903585432359806,3,9.999000099990002e-05,,10000,False
4eb3c1853bfe66a35c427ad3ce7f4347bb71211066c7665b151eba1977546d9a,miracl_bn,miracl/bn,bn,kmeans,pooled,0,q16_d64,1.2,0.75,,0.006046066904870194,0.006977460395776559,0.000931393490906365,1.7552796911241895,2,0.27517248275172485,,10000,False
436a29eca8bb5df8555c00b44f841740d78fb4422a92ca728bd22c5f138edc15,miracl_bn,miracl/bn,bn,kmeans,pooled,0,q32_d128,0.6,0.0,,0.006046066904870194,0.007043396023887929,0.0009973291190177357,2.316858154243793,2,0.2812718728127187,,10000,False
562f4bde1637c71c92cb8441f8ff1cb9222b1a6dd83d103cc80a67f981cd95e9,miracl_bn,miracl/bn,bn,kmeans,pooled,0,q32_d128,0.6,0.5,,0.006046066904870194,0.007043396023887929,0.0009973291190177357,2.316858154243793,2,0.2812718728127187,,10000,False
c0516d7dab1e7b965d1c0f04828375a6ede47fac1a7b24d743f077d591f4ba43,miracl_bn,miracl/bn,bn,kmeans,pooled,0,q32_d128,0.6,0.75,,0.006046066904870194,0.007043396023887929,0.0009973291190177357,2.316858154243793,2,0.2812718728127187,,10000,False
ac891359004edc09217e6ede7fb31dd60175d931bbd6502ce6a3032d0330f564,miracl_bn,miracl/bn,bn,kmeans,pooled,0,q32_d128,1.2,0.0,,0.006046066904870194,0.006977460395776559,0.000931393490906365,1.7552796911241895,2,0.27517248275172485,,10000,False
904c0b17331d40af3bd7a3e05dbb4e7acaf71bf4746f892d561a75e3e05ac086,miracl_bn,miracl/bn,bn,kmeans,pooled,0,q32_d128,1.2,0.5,,0.006046066904870194,0.006977460395776559,0.000931393490906365,1.7552796911241895,2,0.27517248275172485,,10000,False
29d9569bfd931c409a9576c87c8dc3b2adb4073d07b84c8c0672659a3e5aa227,miracl_bn,miracl/bn,bn,kmeans,pooled,0,q32_d128,1.2,0.75,,0.006046066904870194,0.006977460395776559,0.000931393490906365,1.7552796911241895,2,0.27517248275172485,1.0,10000,False
054b4d9c88a04bb2a07f5e3953293b8b2ee38795bf596bfdeab3be55df4fee7d,miracl_bn,miracl/bn,bn,kmeans,pooled,0,q32_d128,2.4,0.0,,0.006046066904870194,0.0066474069324372696,0.0006013400275670759,1.3428818323225185,2,0.5177482251774822,,10000,False
0559f3b39b49af641502cfb0e495f9874be7a5583c2ed6a6ba078a8eacc7b868,miracl_bn,miracl/bn,bn,kmeans,pooled,0,q32_d128,2.4,0.5,,0.006046066904870194,0.0066474069324372696,0.0006013400275670759,1.3428818323225185,2,0.5177482251774822,,10000,False
737ff707a8c60b06720e44d01f5a83ce3e9f4c5eed78c9395e08848e9b3cba5f,miracl_bn,miracl/bn,bn,kmeans,pooled,0,q32_d128,2.4,0.75,,0.006046066904870194,0.0066474069324372696,0.0006013400275670759,1.3428818323225185,2,0.5177482251774822,,10000,False
c2a90190bafa81ae3b89cd4965e408a0fcf8813497a544c0cd12bd53f0bdf18a,miracl_bn,miracl/bn,bn,kmeans,pooled,0,q64_d256,1.2,0.75,,0.006046066904870194,0.006977460395776559,0.000931393490906365,1.7552796911241895,2,0.27517248275172485,,10000,False
3e046aed83ac8a5c194606a67927802211db1dd22db87b8f61098028e30a9a89,miracl_bn,miracl/bn,bn,kmeans,pooled,1,q32_d128,1.2,0.75,,0.012664725965899772,0.015266517175714695,0.0026017912098149232,2.625036137782402,2,0.2542745725427457,,10000,False
71a1dde4305e7c39c9604525e15ebfda9e93d105586caa8378b10d97abac6931,miracl_bn,miracl/bn,bn,kmeans,pooled,2,q32_d128,1.2,0.75,,0.010445886925161586,0.011981727057801287,0.0015358401326397014,1.9679031409844323,2,0.565943405659434,,10000,False
c7d0b57416df2084af949724c5521ed156828ca1cf8e0a6fad7ab9604b66fb9f,miracl_bn,miracl/bn,bn,kmeans,token,0,q16_d64,1.2,0.75,,0.03283183475611869,0.10996643226993669,0.07713459751381799,1.6286276510777282,3,9.999000099990002e-05,,10000,False
4ba67fda1fa47ac7cb620a4e81fcf88f588509e43dc5760bfaaa20b70636bde4,miracl_bn,miracl/bn,bn,kmeans,token,0,q32_d128,0.6,0.0,,0.03268263105472619,0.23313848861419129,0.2004558575594651,2.16677729886176,2,9.999000099990002e-05,,10000,False
2f19049639818916b6d3f4c306287a7ebeb3e103b8e57369e96d85351abb87ea,miracl_bn,miracl/bn,bn,kmeans,token,0,q32_d128,0.6,0.5,,0.03268263105472619,0.22891312109800044,0.19623049004327425,2.169558051413143,3,9.999000099990002e-05,,10000,False
23b60ce7edc0c0226cbff96df3b4bc7b3d766cfe048d784654ed4a8cd8d75d84,miracl_bn,miracl/bn,bn,kmeans,token,0,q32_d128,0.6,0.75,,0.03268263105472619,0.19928501330351098,0.1666023822487848,1.9119393578171975,3,9.999000099990002e-05,,10000,False
605bc2f69533be847257eadcec118268f8a46b0ea9361b3b8bd8566632172b01,miracl_bn,miracl/bn,bn,kmeans,token,0,q32_d128,1.2,0.0,,0.03268263105472619,0.21481710564103487,0.1821344745863087,2.195370549471794,2,9.999000099990002e-05,,10000,False
2adfd0580830d9f35a987445abc9494bc56540712f07bc136dd9048d636d7b50,miracl_bn,miracl/bn,bn,kmeans,token,0,q32_d128,1.2,0.5,,0.03268263105472619,0.22517523169870884,0.19249260064398266,2.271230812859251,3,9.999000099990002e-05,,10000,False
992002384f7b6cb12f5cae54be80f7ef3e60c7fb24db03a068acf071313709c3,miracl_bn,miracl/bn,bn,kmeans,token,0,q32_d128,1.2,0.75,,0.03268263105472619,0.18588096152096312,0.15319833046623693,1.9332612991989582,3,9.999000099990002e-05,0.013998600139986002,10000,False
eedae856f70932e77181e7c417bad876568ead2547f6fd538f81d09fb4fcdfc0,miracl_bn,miracl/bn,bn,kmeans,token,0,q32_d128,2.4,0.0,,0.03268263105472619,0.1857050400056887,0.1530224089509625,2.2438994473220695,2,9.999000099990002e-05,,10000,False
d718ccac8f9922f814e1f6ce36a01e938017360abe149c5180766d723045e986,miracl_bn,miracl/bn,bn,kmeans,token,0,q32_d128,2.4,0.5,,0.03268263105472619,0.21686061260219736,0.18417798154747117,2.4671104333376745,3,9.999000099990002e-05,,10000,False
b5df9d4f548057b9a37d2ef5c1fad6299764b7ebe66e1359beb249cb25fe58e4,miracl_bn,miracl/bn,bn,kmeans,token,0,q32_d128,2.4,0.75,,0.03268263105472619,0.16152232847183606,0.12883969741710988,1.9728009620270937,3,9.999000099990002e-05,,10000,False
8a6e23477c342b9798f4d858d47e25f10906b5124de1912e0ce05f5be5bc6c1a,miracl_bn,miracl/bn,bn,kmeans,token,0,q64_d256,1.2,0.75,,0.03506164824744518,0.20461975062125343,0.16955810237380825,2.138281276814343,3,9.999000099990002e-05,,10000,False
ead296a8d05029c009de82cb71cb22cdd0a31648530f9f7ec7bc374f0f3486ea,miracl_bn,miracl/bn,bn,kmeans,token,1,q32_d128,1.2,0.75,,0.030743102107979568,0.18774123857164482,0.15699813646366526,1.9813016009660191,3,9.999000099990002e-05,,10000,False
43eeb6d66e516aa9c10e2d623d163fd173d0480b13a1080a2d8cfbb08b8b2e0a,miracl_bn,miracl/bn,bn,kmeans,token,2,q32_d128,1.2,0.75,,0.027926235283336123,0.19511635397662938,0.16719011869329325,1.9784803528795314,3,9.999000099990002e-05,,10000,False
6cbb156df02f8b876589fd94b6f646a5cea08baaf6ae4e2eecaa871dabb6b7d0,miracl_bn,miracl/bn,bn,pca,pooled,0,q16_d64,1.2,0.75,,0.0019937397275090916,0.14753128453641995,0.14553754480891085,3.076291047685861,3,9.999000099990002e-05,,10000,False
b2548bbb02991d7a4cc8083f108e3673172b2b7abe5a74075994f8779d305231,miracl_bn,miracl/bn,bn,pca,pooled,0,q32_d128,0.6,0.0,,0.011326933202599641,0.2857581497563535,0.27443121655375385,2.330273497412949,2,9.999000099990002e-05,,10000,False
bc6bc6c62e43c03d671aa708a47b8cb41c803051b3c2883039bc23fcfa617b2f,miracl_bn,miracl/bn,bn,pca,pooled,0,q32_d128,0.6,0.5,,0.011326933202599641,0.3125687103982414,0.30124177719564177,2.664457928258825,3,9.999000099990002e-05,,10000,False
1a97fcd8667ef5f378240d103c8ba15fcbe24d9b9710d697a32e95c5e509502a,miracl_bn,miracl/bn,bn,pca,pooled,0,q32_d128,0.6,0.75,,0.011326933202599641,0.3255812738980676,0.314254340695468,2.815993651542262,3,9.999000099990002e-05,,10000,False
8cf0cb4fdba6280b8a3019faa633a2f65abbccce4223835d8a02c8ca14e6bba7,miracl_bn,miracl/bn,bn,pca,pooled,0,q32_d128,1.2,0.0,,0.011326933202599641,0.25652190396171076,0.24519497075911112,2.396276302289406,2,9.999000099990002e-05,,10000,False
bfac9e8306d3d1038896791d28f63c2a323ee70d54fd358edb1abeef7993bd20,miracl_bn,miracl/bn,bn,pca,pooled,0,q32_d128,1.2,0.5,,0.011326933202599641,0.2964549651602943,0.28512803195769465,2.7968793211858864,3,9.999000099990002e-05,,10000,False
e540d9ffaac945327577da1ebc541501aad3589540056d29d69f00e621dfc016,miracl_bn,miracl/bn,bn,pca,pooled,0,q32_d128,1.2,0.75,,0.011326933202599641,0.31856782734269445,0.3072408941400948,2.951580148234434,3,9.999000099990002e-05,0.013998600139986002,10000,False
35eda70220d04323d397a578030f37c390fc7592f0bdcd2169033e5986c310cb,miracl_bn,miracl/bn,bn,pca,pooled,0,q32_d128,2.4,0.0,,0.011326933202599641,0.20236158613533903,0.19103465293273938,2.493055309380123,2,9.999000099990002e-05,,10000,False
ec4482054c01aa4d4a9acf9acda4f7d727ab90cf43f26c66aa0a6ef048bb979a,miracl_bn,miracl/bn,bn,pca,pooled,0,q32_d128,2.4,0.5,,0.011326933202599641,0.27276064642624787,0.2614337132236482,3.0674152162201835,3,9.999000099990002e-05,,10000,False
7aaea99ffd7c5e2c2bcc92885e237650f28476cbb0a4722024217014b69a1350,miracl_bn,miracl/bn,bn,pca,pooled,0,q32_d128,2.4,0.75,,0.011326933202599641,0.3012230915277509,0.28989615832515125,3.1297176726048095,3,9.999000099990002e-05,,10000,False
d132c6105b6f53df6779815a9c5d1530629ed06bec445c526d7be0e0c91261df,miracl_bn,miracl/bn,bn,pca,pooled,0,q64_d256,1.2,0.75,,0.02572632811266431,0.40248919242079184,0.37676286430812755,2.8846499070914957,3,9.999000099990002e-05,,10000,False
4471d569ba22df2839574d3938ab92e29f97b5d60d57ff2b9c185fe066a44040,miracl_bn,miracl/bn,bn,pca,token,0,q16_d64,1.2,0.75,,0.022722772876522922,0.25576273118837156,0.23303995831184865,2.2002344013176383,3,9.999000099990002e-05,,10000,False
aa14eb141be0f697d2d5258f781ef7dba6f9cfa9b3315c988ec39dd4c5ba0802,miracl_bn,miracl/bn,bn,pca,token,0,q32_d128,0.6,0.0,,0.042942144613932684,0.46901082469283173,0.42606868007889903,2.116507050912551,2,9.999000099990002e-05,,10000,False
5e552ecc1e5cad3ac3567997065007cdfa54ad1bb50a8df1f75bdf172bc01fca,miracl_bn,miracl/bn,bn,pca,token,0,q32_d128,0.6,0.5,,0.042942144613932684,0.45192428877117885,0.40898214415724615,2.3126357717597115,3,9.999000099990002e-05,,10000,False
28deaaa39a39dfb3cb82c496ba42c9f404268691f3908872bf819b85cf8b7189,miracl_bn,miracl/bn,bn,pca,token,0,q32_d128,0.6,0.75,,0.042942144613932684,0.4410693621682853,0.3981272175543526,2.2931679527101188,3,9.999000099990002e-05,,10000,False
8709c705c0040da35de1d7e9141344e35545784f5f60c84eb723a881f464d6d3,miracl_bn,miracl/bn,bn,pca,token,0,q32_d128,1.2,0.0,,0.042942144613932684,0.4794380807447761,0.4364959361308434,2.1336373978814,2,9.999000099990002e-05,,10000,False
8fd244bbd42ab4b5624a6f9eca2ec92d98d59f0886b30e614a0e7de623eaadf9,miracl_bn,miracl/bn,bn,pca,token,0,q32_d128,1.2,0.5,,0.042942144613932684,0.4726611405270395,0.4297189959131068,2.363429490819777,3,9.999000099990002e-05,,10000,False
ab0d04b3713bfd90c8665ad97b779f26f5d53c1435520ff0c1244a8c7d299a4a,miracl_bn,miracl/bn,bn,pca,token,0,q32_d128,1.2,0.75,,0.042942144613932684,0.4575969795508784,0.4146548349369457,2.350465499548381,3,9.999000099990002e-05,0.013998600139986002,10000,False
50846d102faa861acb97a665cf7511384f29b8f319e9770f5892ec9768757efa,miracl_bn,miracl/bn,bn,pca,token,0,q32_d128,2.4,0.0,,0.042942144613932684,0.48022716322891873,0.43728501861498603,2.170157166847905,2,9.999000099990002e-05,,10000,False
2eea61bd2fac91887ebb8a168d6be857a6a233de9eaf491ec72af535ac665527,miracl_bn,miracl/bn,bn,pca,token,0,q32_d128,2.4,0.5,,0.042942144613932684,0.4916317876390061,0.4486896430250734,2.438370315031273,3,9.999000099990002e-05,,10000,False
cc6c7792e3ad4d0961563ee9a979bc0fa54b47b540a9d37e4734218eec50c571,miracl_bn,miracl/bn,bn,pca,token,0,q32_d128,2.4,0.75,,0.042942144613932684,0.482664685795953,0.4397225411820203,2.45507733785076,3,9.999000099990002e-05,,10000,False
09a0759c777e0d4b37405dc84c61992ef5cfd70b7b9f4fbfebba9b778da9fd67,miracl_bn,miracl/bn,bn,pca,token,0,q64_d256,1.2,0.75,,0.05435262184746262,0.5663265466532698,0.5119739248058072,2.325428631765387,3,9.999000099990002e-05,,10000,False
8cfcadcc9dc34a63ef7d46d6314889151ab8455558379378754bf6cda66c0e1a,miracl_bn,miracl/bn,bn,pq,pooled,0,q16_d64,1.2,0.75,,0.005871653158487831,0.005671020963285868,-0.0002006321952019623,-2.0,1,0.9019098090190981,,10000,False
19a68c6f2ea1c99bc1fe44936f0d42b32af57e63e3782dc68c2d16712ed10c5f,miracl_bn,miracl/bn,bn,pq,pooled,0,q32_d128,0.6,0.0,,0.005871653158487831,0.005671020963285868,-0.0002006321952019623,-2.0,1,0.9019098090190981,,10000,False
f12cdfb78993589b4608c9d76ba09b82ee498df14849a08a72115c7d58a82849,miracl_bn,miracl/bn,bn,pq,pooled,0,q32_d128,0.6,0.5,,0.005871653158487831,0.005671020963285868,-0.0002006321952019623,-2.0,1,0.9019098090190981,,10000,False
5dfaca4483fe153e5ddb9c26bf08e61b18645ad27fe672e6af607ab3225864ef,miracl_bn,miracl/bn,bn,pq,pooled,0,q32_d128,0.6,0.75,,0.005871653158487831,0.005671020963285868,-0.0002006321952019623,-2.0,1,0.9019098090190981,,10000,False
69c612db694101a6058b7a8702cbd303e3d27ceaf41576603011d4c44d76e3fd,miracl_bn,miracl/bn,bn,pq,pooled,0,q32_d128,1.2,0.0,,0.005871653158487831,0.005671020963285868,-0.0002006321952019623,-2.0,1,0.9019098090190981,,10000,False
24dbf0f51a97c7ab34c9e3cfdd5b36e9d9967d7467f1cd2d6d52158586e0ffca,miracl_bn,miracl/bn,bn,pq,pooled,0,q32_d128,1.2,0.5,,0.005871653158487831,0.005671020963285868,-0.0002006321952019623,-2.0,1,0.9019098090190981,,10000,False
fa67e2f8e5610555063f86e8dc65655829c0a58fbd00d6ee1b64b622b125968d,miracl_bn,miracl/bn,bn,pq,pooled,0,q32_d128,1.2,0.75,,0.005871653158487831,0.005671020963285868,-0.0002006321952019623,-2.0,1,0.9019098090190981,1.0,10000,False
080451caa76fdb89d4fe03aa28ed08f33cbc5808cd677953da996254db3ca088,miracl_bn,miracl/bn,bn,pq,pooled,0,q32_d128,2.4,0.0,,0.005871653158487831,0.005671020963285868,-0.0002006321952019623,-2.0,1,0.9019098090190981,,10000,False
69020299f090621fa15b927d45d736dcdfad1b445e7a133482df96cdd9268c64,miracl_bn,miracl/bn,bn,pq,pooled,0,q32_d128,2.4,0.5,,0.005871653158487831,0.005671020963285868,-0.0002006321952019623,-2.0,1,0.9019098090190981,,10000,False
33686ce0e5768dd2e8f443270395a6085f8157bd1631ac5fc69292df863e39ed,miracl_bn,miracl/bn,bn,pq,pooled,0,q32_d128,2.4,0.75,,0.005871653158487831,0.005671020963285868,-0.0002006321952019623,-2.0,1,0.9019098090190981,,10000,False
949e53014dd7c15a97d39f6c3db7cacb6662d27bc5764856b3dc20ffd3b9f578,miracl_bn,miracl/bn,bn,pq,pooled,0,q64_d256,1.2,0.75,,0.005871653158487831,0.005671020963285868,-0.0002006321952019623,-2.0,1,0.9019098090190981,,10000,False
b8d79bafe1598b933f3857fd52d7d534eb3725d5a0f9fe35bbda030a4c4a8508,miracl_bn,miracl/bn,bn,pq,pooled,1,q32_d128,1.2,0.75,,0.006622228481157834,0.009258963005374507,0.0026367345242166726,2.0,1,0.1024897510248975,,10000,False
6e4cf47a81e52938b2ee8b303a05ed1aac98a3163a802ba77ae7c66cdd05f35d,miracl_bn,miracl/bn,bn,pq,pooled,2,q32_d128,1.2,0.75,,0.00555445642370944,0.008677333208436382,0.0031228767847269415,2.0,1,0.0627937206279372,,10000,False
f183338ebc58cf139dab7ac2b4c97a089320b14a4507d90bebc419caea6d59fe,miracl_bn,miracl/bn,bn,pq,token,0,q16_d64,1.2,0.75,,0.026665808229083276,0.09595313499915775,0.06928732677007447,1.956175279528792,3,9.999000099990002e-05,,10000,False
3b4f768cbf380c357a5ec1551cdaa4b9c80f95d86b223f00c103d45894a9641a,miracl_bn,miracl/bn,bn,pq,token,0,q32_d128,0.6,0.0,,0.031042506545565125,0.23140973466354264,0.20036722811797752,2.196812683244055,2,9.999000099990002e-05,,10000,False
d9f75a07f565f185cc2c1bf91e18484c1a92ab62dbd8b63eaf1461206b0ebcd4,miracl_bn,miracl/bn,bn,pq,token,0,q32_d128,0.6,0.5,,0.031042506545565125,0.21886683148993483,0.1878243249443697,2.2951586090698903,3,9.999000099990002e-05,,10000,False
a74c4fb65cc14b3c35b488abfc543885d3ef163acfae0eb412d85f5cd70b5f7a,miracl_bn,miracl/bn,bn,pq,token,0,q32_d128,0.6,0.75,,0.031042506545565125,0.1879434300098729,0.15690092346430778,1.927724945218826,3,9.999000099990002e-05,,10000,False
178a295cd9c36ae7bfcbadb8e42ff82a88c71d57efa5e83d3942cf2bfd1c6e3a,miracl_bn,miracl/bn,bn,pq,token,0,q32_d128,1.2,0.0,,0.031042506545565125,0.22880548195402214,0.19776297540845703,2.3018646885468295,2,9.999000099990002e-05,,10000,False
24c9c86f37ffcaf834c2eef99342216893685db4c54274258fa49976fd8bb822,miracl_bn,miracl/bn,bn,pq,token,0,q32_d128,1.2,0.5,,0.031042506545565125,0.22838534421494,0.19734283766937488,2.4127013969387057,3,9.999000099990002e-05,,10000,False
018a6101c491039b03d3ed918f37637b3867cb0593c43d9c6f1289e71e601588,miracl_bn,miracl/bn,bn,pq,token,0,q32_d128,1.2,0.75,,0.031042506545565125,0.19265966683139266,0.16161716028582754,2.046496660640428,3,9.999000099990002e-05,0.013998600139986002,10000,False
3017d797fceb6ef0846dcd7314af79de6f2d63bf43731fb334002961176753fc,miracl_bn,miracl/bn,bn,pq,token,0,q32_d128,2.4,0.0,,0.031042506545565125,0.20210206797340557,0.17105956142784046,2.390706983044336,2,9.999000099990002e-05,,10000,False
f906f85ef145c62bbbb9c560e2d892695448dbc4a74932cee155a6887011f28d,miracl_bn,miracl/bn,bn,pq,token,0,q32_d128,2.4,0.5,,0.031042506545565125,0.2251277301547013,0.1940852236091362,2.605567642633511,3,9.999000099990002e-05,,10000,False
4d61579c801f6fb4795b00804101f2cca8c1df23ee2c91b6833d599578a12e22,miracl_bn,miracl/bn,bn,pq,token,0,q32_d128,2.4,0.75,,0.031042506545565125,0.18670230729449838,0.15565980074893326,2.223946979303391,3,9.999000099990002e-05,,10000,False
c62d49369e55bebf4abca2bcd50b51bef295788d0266f8e7081927b894f16398,miracl_bn,miracl/bn,bn,pq,token,0,q64_d256,1.2,0.75,,0.030233549988244873,0.2900315592975138,0.2597980093092689,2.315719348638987,3,9.999000099990002e-05,,10000,False
5fbdb785232a7efc96b96bc9b77ca5a27d4565b774b564fa1c12ccf3e3261574,miracl_bn,miracl/bn,bn,pq,token,1,q32_d128,1.2,0.75,,0.028976241368847754,0.18673301874086523,0.1577567773720175,2.1326753364209887,3,9.999000099990002e-05,,10000,False
7f3808a5e2434d47abb90413791cb5a0fb62c9b968c4f30ea3e77acf12e95675,miracl_bn,miracl/bn,bn,pq,token,2,q32_d128,1.2,0.75,,0.031243559311175433,0.19134354520145566,0.16009998589028024,1.9534817217789378,3,9.999000099990002e-05,,10000,False
8ea70ee46921df90c974c9e8a86a5901e80d8ae55c4cb0794918cdc369c5bee2,miracl_bn,miracl/bn,bn,rq,pooled,0,q16_d64,1.2,0.75,,0.01839935869191485,0.035840913383792423,0.017441554691877574,2.0,1,0.00039996000399960006,,10000,False
183e6159ad04fcdbd43fc901356dcc422d3d2f6390d391f29f055e26d064f363,miracl_bn,miracl/bn,bn,rq,pooled,0,q32_d128,0.6,0.0,,0.01839935869191485,0.035840913383792423,0.017441554691877574,2.0,1,0.00039996000399960006,,10000,False
3553e1edc3da5550122bbd6e9220f5bf4760b94b4aeff04caea8370a71e790bf,miracl_bn,miracl/bn,bn,rq,pooled,0,q32_d128,0.6,0.5,,0.01839935869191485,0.035840913383792423,0.017441554691877574,2.0,1,0.00039996000399960006,,10000,False
e028dbf1851b4a8e781a18183c0b97bd0a6bb9ac79a5da9d7f42979c416ee394,miracl_bn,miracl/bn,bn,rq,pooled,0,q32_d128,0.6,0.75,,0.01839935869191485,0.035840913383792423,0.017441554691877574,2.0,1,0.00039996000399960006,,10000,False
0f414cfbbc97d9930f913bd53f219dd82a0f028bcdf18b14350398d5416b8cf6,miracl_bn,miracl/bn,bn,rq,pooled,0,q32_d128,1.2,0.0,,0.01839935869191485,0.035840913383792423,0.017441554691877574,2.0,1,0.00039996000399960006,,10000,False
442a8d804e9b3e10f6ac2b3db61a900a3f20b2f2e332fb481428943e1de1aac2,miracl_bn,miracl/bn,bn,rq,pooled,0,q32_d128,1.2,0.5,,0.01839935869191485,0.035840913383792423,0.017441554691877574,2.0,1,0.00039996000399960006,,10000,False
952e208ac8cdea1beb0b5060a0d3e8c9bf2f45fce31c7bf8ee0284103ff92573,miracl_bn,miracl/bn,bn,rq,pooled,0,q32_d128,1.2,0.75,,0.01839935869191485,0.035840913383792423,0.017441554691877574,2.0,1,0.00039996000399960006,0.019198080191980802,10000,False
4519c6face555b0fbe2644d3f089bbca7cb890e0c3f5dfa0593f89d741195900,miracl_bn,miracl/bn,bn,rq,pooled,0,q32_d128,2.4,0.0,,0.01839935869191485,0.035840913383792423,0.017441554691877574,2.0,1,0.00039996000399960006,,10000,False
0b57120c43c1b20fafdf4c17a61cbe241c541af555950e239b80a513be7fb885,miracl_bn,miracl/bn,bn,rq,pooled,0,q32_d128,2.4,0.5,,0.01839935869191485,0.035840913383792423,0.017441554691877574,2.0,1,0.00039996000399960006,,10000,False
0743d4d8b123676c8d7069042884a56070076d08489cc7ca88e6491d60bc0a5f,miracl_bn,miracl/bn,bn,rq,pooled,0,q32_d128,2.4,0.75,,0.01839935869191485,0.035840913383792423,0.017441554691877574,2.0,1,0.00039996000399960006,,10000,False
fb19c261106edad649efa9e52cc6ee51510bc0da2f90530c7154bcb05bee16a2,miracl_bn,miracl/bn,bn,rq,pooled,0,q64_d256,1.2,0.75,,0.01839935869191485,0.035840913383792423,0.017441554691877574,2.0,1,0.00039996000399960006,,10000,False
a4bab8863c6fc6d23ce5bb6d9f09b0cf2868e73079620c27defa232b144ed670,miracl_bn,miracl/bn,bn,rq,pooled,1,q32_d128,1.2,0.75,,0.0274983619505866,0.029613634497634326,0.0021152725470477245,2.0,1,0.5981401859814018,,10000,False
82c84fa5537d6c7d2b1d16b84ea8a101213164c5e8903daadfbee9f75fb6c627,miracl_bn,miracl/bn,bn,rq,pooled,2,q32_d128,1.2,0.75,,0.01471070748778356,0.025740205602906522,0.011029498115122962,2.0,1,0.003999600039996,,10000,False
f5736d8e9cbc53ad3447f57ad3ead85a4eeca78cddb17a1222b9310ef952b56f,miracl_bn,miracl/bn,bn,rq,token,0,q16_d64,1.2,0.75,,0.06666164347265788,0.2888036083962388,0.22214196492358093,2.145872742781787,3,9.999000099990002e-05,,10000,False
1c7ac20e9515a23cbbf42bbf7f35ce2165989f2cc57bc4e88a150167cc939d6c,miracl_bn,miracl/bn,bn,rq,token,0,q32_d128,0.6,0.0,,0.06647217547969536,0.42836539394775536,0.36189321846806,2.0997278429477944,2,9.999000099990002e-05,,10000,False
3cd787178be0bcf97215cbd92aa854acb06424febb3fe2f9a6f33ed9f43a9d93,miracl_bn,miracl/bn,bn,rq,token,0,q32_d128,0.6,0.5,,0.06647217547969536,0.4141615335042876,0.3476893580245922,2.316050742157584,3,9.999000099990002e-05,,10000,False
60539f1b6ead53a4342da4ed1d32e1a22209abccae194850cd4060c2b6b999d7,miracl_bn,miracl/bn,bn,rq,token,0,q32_d128,0.6,0.75,,0.06647217547969536,0.3881370295515045,0.3216648540718091,2.1548958030919256,3,9.999000099990002e-05,,10000,False
8ea84ebe8d4ff3122ae3b7169959907da6c71913861903726907e8b89dc512c8,miracl_bn,miracl/bn,bn,rq,token,0,q32_d128,1.2,0.0,,0.06647217547969536,0.4328668999643872,0.36639472448469185,2.149171878828587,2,9.999000099990002e-05,,10000,False
a4016c48735b8db92651f3123917b217d192e48b3771b2550e8d67b89bcc1709,miracl_bn,miracl/bn,bn,rq,token,0,q32_d128,1.2,0.5,,0.06647217547969536,0.4231057784853312,0.35663360300563585,2.3421474172985146,3,9.999000099990002e-05,,10000,False
ad27f4383c6174c4ecbbd97fff8db9cfc4e56534e7f052494d962f7e340e7aa8,miracl_bn,miracl/bn,bn,rq,token,0,q32_d128,1.2,0.75,,0.06647217547969536,0.38136762706214616,0.3148954515824508,2.1392831788569824,3,9.999000099990002e-05,0.013998600139986002,10000,False
f377cf560401b0e841163ef17d341e5015d20ca58a554ef71000788314209f9b,miracl_bn,miracl/bn,bn,rq,token,0,q32_d128,2.4,0.0,,0.06647217547969536,0.41678575607289986,0.3503135805932045,2.2001970976339176,2,9.999000099990002e-05,,10000,False
96283127256191a32c14fcc239bfa46f7121499cf2403368c6de35c093a42ddd,miracl_bn,miracl/bn,bn,rq,token,0,q32_d128,2.4,0.5,,0.06647217547969536,0.410429802203242,0.34395762672354663,2.3635981500358327,3,9.999000099990002e-05,,10000,False
8664e95107feb1c1560ce363d57386045dffb9f18ce563be5ddd5a18bd362ef2,miracl_bn,miracl/bn,bn,rq,token,0,q32_d128,2.4,0.75,,0.06647217547969536,0.3512417549398241,0.28476957946012876,2.086555539815646,3,9.999000099990002e-05,,10000,False
afefc11425004e773c11c39ffd3567f1019b6c4f6cb3033cd526a7863a8b580f,miracl_bn,miracl/bn,bn,rq,token,0,q64_d256,1.2,0.75,,0.06520469536604347,0.4305660723099753,0.36536137694393184,2.2326265974706168,3,9.999000099990002e-05,,10000,False
3d90d04ee6aadb6b148fd5ab0e585bd9e30ff8a3c7dd99f23423a466a868604a,miracl_bn,miracl/bn,bn,rq,token,1,q32_d128,1.2,0.75,,0.05436317658002329,0.38774335827634193,0.33338018169631867,2.285090669728766,3,9.999000099990002e-05,,10000,False
e5369cfcf040c0ddec081cdf63659b0d9568a351293866ec72d33a9a67b63e87,miracl_bn,miracl/bn,bn,rq,token,2,q32_d128,1.2,0.75,,0.06473919350407285,0.40362407167750664,0.33888487817343377,2.195236981331861,3,9.999000099990002e-05,,10000,False
dde436f79eca5516e2f121e395b29fc71d555ce525c5d192e323e59989233728,miracl_bn,miracl/bn,bn,sae,pooled,0,q16_d64,1.2,0.75,,0.0678323790658274,0.11314185397772983,0.04530947491190243,2.446982425582857,3,9.999000099990002e-05,,10000,False
5ef6f9f1518ea8d558b420408c93160a7b49da94ff8a86cae6a25f8481059cb3,miracl_bn,miracl/bn,bn,sae,pooled,0,q32_d128,0.6,0.0,,0.08291048810981948,0.12969925752707467,0.0467887694172552,1.7396405751974766,2,9.999000099990002e-05,,10000,False
77ea4434b71026a5b77107e815406824f07b4933ad0cda9cb996d5a26d1749b1,miracl_bn,miracl/bn,bn,sae,pooled,0,q32_d128,0.6,0.5,,0.08291048810981948,0.13777541224535197,0.0548649241355325,2.1528883817525126,3,9.999000099990002e-05,,10000,False
c3da508873685558fc88cbd54260e4dd02faaea1aaaac3e3e9b6ea9beb43811d,miracl_bn,miracl/bn,bn,sae,pooled,0,q32_d128,0.6,0.75,,0.08291048810981948,0.1453516401587209,0.062441152048901424,2.178233920665896,3,9.999000099990002e-05,,10000,False
7ab5cef6372406c0002661b532514b411c05c9de85616935cb57af27a7fdb734,miracl_bn,miracl/bn,bn,sae,pooled,0,q32_d128,1.2,0.0,,0.08291048810981948,0.1148127897728522,0.03190230166303272,1.5611923514219845,2,9.999000099990002e-05,,10000,False
d918bc0db05cf74885862a4062b7f3a63febd64baa646bccc1d4537869c4ba97,miracl_bn,miracl/bn,bn,sae,pooled,0,q32_d128,1.2,0.5,,0.08291048810981948,0.13320250957089738,0.050292021461077904,2.2371234485813685,3,9.999000099990002e-05,,10000,False
c6543f886746901480a041a730a660c8558114c54b43afdf62b9a597570ec669,miracl_bn,miracl/bn,bn,sae,pooled,0,q32_d128,1.2,0.75,,0.08291048810981948,0.14149854414408006,0.05858805603426058,2.1215090829750527,3,9.999000099990002e-05,0.013998600139986002,10000,False
ae9236ff7cc94714bbae267200c6a617fb0cadaec311612a7ec5d76e77d43faa,miracl_bn,miracl/bn,bn,sae,pooled,0,q32_d128,2.4,0.0,,0.08291048810981948,0.10523753303617511,0.022327044926355635,1.598965933704855,2,9.999000099990002e-05,,10000,False
bb96f8b335f41dfdf50fc124f4d74993ac1b556578cb8c255569fbeccefb68cc,miracl_bn,miracl/bn,bn,sae,pooled,0,q32_d128,2.4,0.5,,0.08291048810981948,0.12877823242972317,0.04586774431990369,2.2696450177794065,3,9.999000099990002e-05,,10000,False
fd44f395b32d96aa4f2dd2a98d20ed1df23f4be154d1e835624034396b1cc1e3,miracl_bn,miracl/bn,bn,sae,pooled,0,q32_d128,2.4,0.75,,0.08291048810981948,0.13881991032087368,0.0559094222110542,2.0560054495090228,3,9.999000099990002e-05,,10000,False
46abf71dac13d5dcd015fd00eeeb7b268e993190d22fd16b14047488643d6e3f,miracl_bn,miracl/bn,bn,sae,pooled,0,q64_d256,1.2,0.75,,0.08291048810981948,0.14149854414408006,0.05858805603426058,2.1215090829750527,3,9.999000099990002e-05,,10000,False
a1178feb7d3aa7dbe9b55ee860ddb5c455baf2fc8c6e963cd134e8f3fedd2a5b,miracl_bn,miracl/bn,bn,sae,pooled,1,q32_d128,1.2,0.75,,0.0814702972570116,0.13626762615010574,0.05479732889309413,1.9009039525099805,3,9.999000099990002e-05,,10000,False
e49937e454a9b06c114bede3708ab842c992c58e8e8461dbf8c46ed5bd7e1172,miracl_bn,miracl/bn,bn,sae,pooled,2,q32_d128,1.2,0.75,,0.0984340784747783,0.16636181229354477,0.06792773381876648,2.4336515724052163,3,9.999000099990002e-05,,10000,False
85d53bcdc229afe951b8689a7c007f26824c4480608b9b48319cdafb74e00c31,miracl_bn,miracl/bn,bn,sae,token,0,q16_d64,1.2,0.75,,0.0516283737894231,0.3590975835750071,0.307469209785584,2.496043506173159,3,9.999000099990002e-05,,10000,False
684f621f27cc3b00c0178ea1675a43452dd27eaa616146f1a59b1079b96c015a,miracl_bn,miracl/bn,bn,sae,token,0,q32_d128,0.6,0.0,,0.047372916026688604,0.4970658887338717,0.4496929727071831,2.122893036542144,2,9.999000099990002e-05,,10000,False
a703f6dfb208a9e18a4edab15689faa297cd2dccd1a3d716f64034a9253ad6db,miracl_bn,miracl/bn,bn,sae,token,0,q32_d128,0.6,0.5,,0.047372916026688604,0.4870509446992729,0.4396780286725843,2.4155790412665348,3,9.999000099990002e-05,,10000,False
cf14f39ca8ab06255a35a201b401582f776188fb4cd536adf3d9d9fbcdb94915,miracl_bn,miracl/bn,bn,sae,token,0,q32_d128,0.6,0.75,,0.047372916026688604,0.47948105957605225,0.43210814354936367,2.506294638333897,3,9.999000099990002e-05,,10000,False
7cb1f5e12081cf8526f2a2a5a0eb9eb1b985658b2fe8b1e67673acfd41a67dfd,miracl_bn,miracl/bn,bn,sae,token,0,q32_d128,1.2,0.0,,0.047372916026688604,0.5148086922438772,0.46743577621718857,2.121986837556611,2,9.999000099990002e-05,,10000,False
8164d45ad6f14eb2544d6280c2f0ea41580c969d3f7b2ad4a57ba48a8ce76653,miracl_bn,miracl/bn,bn,sae,token,0,q32_d128,1.2,0.5,,0.047372916026688604,0.49803587360252594,0.45066295757583735,2.378040462960922,3,9.999000099990002e-05,,10000,False
393dda3388472205d06a0ccf1bc8fc5dc9e16e19610c8f1666196528cb497c35,miracl_bn,miracl/bn,bn,sae,token,0,q32_d128,1.2,0.75,,0.047372916026688604,0.48772691209340047,0.4403539960667119,2.458986139461276,3,9.999000099990002e-05,0.013998600139986002,10000,False
f2661cdd83656d8151d539c79445da39bc7b084bc43eb2dc11756ae04029e578,miracl_bn,miracl/bn,bn,sae,token,0,q32_d128,2.4,0.0,,0.047372916026688604,0.5385974491318536,0.491224533105165,2.120023102577465,2,9.999000099990002e-05,,10000,False
2b468d68ee004996197614b815a31a5dac2adcfc9a46459cba025092d0627490,miracl_bn,miracl/bn,bn,sae,token,0,q32_d128,2.4,0.5,,0.047372916026688604,0.5167927564890886,0.46941984046240004,2.3559565328250733,3,9.999000099990002e-05,,10000,False
c29fe9022548f42588e1afde608022fc54f7bf39fae4330b901501df1512221a,miracl_bn,miracl/bn,bn,sae,token,0,q32_d128,2.4,0.75,,0.047372916026688604,0.49752535011886456,0.450152434092176,2.4052244568237415,3,9.999000099990002e-05,,10000,False
d83fe2a1cf7e4df1de97d212e19a82e714ef22ac388abe0c35fbcaa09eb6e8f8,miracl_bn,miracl/bn,bn,sae,token,0,q64_d256,1.2,0.75,,0.04531657306624247,0.5738907896974895,0.528574216631247,2.412154184181634,3,9.999000099990002e-05,,10000,False
10e166d36fcb510f3ed946dbae7cff2a9e96f6af331b193940fa617d3d0b0ae2,miracl_bn,miracl/bn,bn,sae,token,1,q32_d128,1.2,0.75,,0.05851691601341051,0.5175552469440917,0.4590383309306812,2.462109807523874,3,9.999000099990002e-05,,10000,False
cef3a54ec08f279ce9bf1e751107a50351194e5c15fcc059b21fb0cfe7ee3e6e,miracl_bn,miracl/bn,bn,sae,token,2,q32_d128,1.2,0.75,,0.04294813283252361,0.4887455827033703,0.4457974498708467,2.466447080228021,3,9.999000099990002e-05,,10000,False
3fe46336e3c7b0f1876580a792773a3727a413bb7ae4fd96a8075dea2d4d81aa,miracl_bn,miracl/bn,bn,sae_shared,pooled,0,q32_d128,1.2,0.75,shared_dictionary,0.17547279613184305,0.37289002786368575,0.1974172317318427,2.30515409465655,3,9.999000099990002e-05,,10000,False
e5943bf5d62902bea7beb8cdea95c7be530f1580c1883d104de896fcf4926f3a,miracl_bn,miracl/bn,bn,sae_shared,token,0,q32_d128,1.2,0.75,shared_dictionary,0.047372916026688604,0.48772691209340047,0.4403539960667119,2.458986139461276,3,9.999000099990002e-05,,10000,False
23e0c8f078287ab014337664536c3815613d884487bafc45d30132fa6430f8f2,miracl_hi,miracl/hi,hi,gaussian,pooled,0,q16_d64,1.2,0.75,,0.006071089707288739,0.030595781342977746,0.024524691635689006,2.5611234168307604,3,0.0013998600139986002,,10000,False
5c1dcf419c1dbcc399d9fc6a4288828f0541a48fe93c3b7d5208477519e95626,miracl_hi,miracl/hi,hi,gaussian,pooled,0,q32_d128,0.6,0.0,,0.006829572897720748,0.03920679719242832,0.03237722429470757,2.501356915810369,2,0.00029997000299970003,,10000,False
f728a680140b423d6916ad82ee99c7caf439cd9a2b74c3d43bf1f2379aca7f5d,miracl_hi,miracl/hi,hi,gaussian,pooled,0,q32_d128,0.6,0.5,,0.006829572897720748,0.055061973204905114,0.04823240030718436,2.6310464138536913,3,9.999000099990002e-05,,10000,False
c618794c3c2e74b99565e0e37c16d31275b222731780a999ae8691a1e7258214,miracl_hi,miracl/hi,hi,gaussian,pooled,0,q32_d128,0.6,0.75,,0.006829572897720748,0.06156804241078761,0.05473846951306686,2.178070815771807,3,9.999000099990002e-05,,10000,False
50d73a1c99e8b032e713b3a2042f8cf084a9b70e0038cfa79bee338881c90440,miracl_hi,miracl/hi,hi,gaussian,pooled,0,q32_d128,1.2,0.0,,0.006829572897720748,0.029397774594575442,0.022568201696854695,2.6120126136765407,2,0.000999900009999,,10000,False
a6f439d8f7798df81faf376dc8ee1e96d1bdedef3919ca0b644009068e481a57,miracl_hi,miracl/hi,hi,gaussian,pooled,0,q32_d128,1.2,0.5,,0.006829572897720748,0.0515894574117021,0.04475988451398135,3.003004435078953,3,0.00019998000199980003,,10000,False
91e3fbfaefd1f421590ef1e0689630d2b51a677728b55bf4c9324573ad9fae2f,miracl_hi,miracl/hi,hi,gaussian,pooled,0,q32_d128,1.2,0.75,,0.006829572897720748,0.06848173281309448,0.06165215991537373,2.2298777399616165,3,9.999000099990002e-05,0.013998600139986002,10000,False
f37c423cf7ef3ccc834ae15869c312e1d02a147afb2b1596c3d2f5ab47cf80ea,miracl_hi,miracl/hi,hi,gaussian,pooled,0,q32_d128,2.4,0.0,,0.006829572897720748,0.02113173854240012,0.014302165644679371,2.6913488802863204,2,0.009999000099990002,,10000,False
be52d60939eb1f91fd974d33340ada2f87dfbb8b6322d5d1d02eee51e425ef2b,miracl_hi,miracl/hi,hi,gaussian,pooled,0,q32_d128,2.4,0.5,,0.006829572897720748,0.04832669762202239,0.041497124724301636,3.1982459571682185,3,0.00019998000199980003,,10000,False
25759d2dc1ed376d0293c4a321d57d615748629c9635e514fb5cc05ee9e44e68,miracl_hi,miracl/hi,hi,gaussian,pooled,0,q32_d128,2.4,0.75,,0.006829572897720748,0.07149117805123928,0.06466160515351853,2.445691960777362,3,9.999000099990002e-05,,10000,False
1e029c304f58aed2efe35c0a1828a5d2eeec52bf5812003565e206696975e5b3,miracl_hi,miracl/hi,hi,gaussian,pooled,0,q64_d256,1.2,0.75,,0.006588132118651812,0.13072512907006464,0.12413699695141284,2.2566046139788773,3,9.999000099990002e-05,,10000,False
a957e586efa2638d661095388d355c0afd5770fc8a85867822b0860d8c19fce4,miracl_hi,miracl/hi,hi,gaussian,pooled,1,q32_d128,1.2,0.75,,0.007683577865691004,0.09955470871474603,0.09187113084905503,2.583703646770289,3,9.999000099990002e-05,,10000,False
a4db07949d9b6b3e15f4b9127bac9082e2aceb03e8ebc76b1bbe10db6c7477e2,miracl_hi,miracl/hi,hi,gaussian,pooled,2,q32_d128,1.2,0.75,,0.008329384726431691,0.06841548535464939,0.060086100628217703,2.040957061930241,3,9.999000099990002e-05,,10000,False
8cce37a76497c5937071b5febf467edaa5f48d14a75c8902c6ad82e3b4d08485,miracl_hi,miracl/hi,hi,gaussian,token,0,q16_d64,1.2,0.75,,0.0002801122452324487,0.028968733009875923,0.028688620764643475,2.2397138612939576,3,9.999000099990002e-05,,10000,False
3161f8c0b114c2f9aad654809efd349ecd1436b101864745107577df1053aafd,miracl_hi,miracl/hi,hi,gaussian,token,0,q32_d128,0.6,0.0,,0.0,0.04439659006426582,0.04439659006426582,1.948957010486119,2,9.999000099990002e-05,,10000,False
c35a94b13c393078958811cadba3298c1a697ec050762859073a21bd86351f45,miracl_hi,miracl/hi,hi,gaussian,token,0,q32_d128,0.6,0.5,,0.0,0.0517832172887014,0.0517832172887014,2.3529490764833514,3,9.999000099990002e-05,,10000,False
5ccf80bdbd47009dc5b2d949914d4b5fd19cd54353a5c29731b6fe5f47d0bf83,miracl_hi,miracl/hi,hi,gaussian,token,0,q32_d128,0.6,0.75,,0.0,0.05723223443225972,0.05723223443225972,2.2826177174320637,3,9.999000099990002e-05,,10000,False
ba8db35eb4e91113d08d8cd260ac53e0f75e7a84dd05fd4a69d87c02d3a88ed2,miracl_hi,miracl/hi,hi,gaussian,token,0,q32_d128,1.2,0.0,,0.0,0.035132757471089036,0.035132757471089036,2.0912775296906734,2,9.999000099990002e-05,,10000,False
c33cd905bee4c4b3c1d389ea7affe049876be02cc088e1a70a41f9eded734cdf,miracl_hi,miracl/hi,hi,gaussian,token,0,q32_d128,1.2,0.5,,0.0,0.0513811133116019,0.0513811133116019,2.6268700194026913,3,9.999000099990002e-05,,10000,False
06ab8c9fe0e712154e59e4e4592eb65f4a1b30f1fc875a399aa60dab47832797,miracl_hi,miracl/hi,hi,gaussian,token,0,q32_d128,1.2,0.75,,0.0,0.06085515715425304,0.06085515715425304,2.369400890474094,3,9.999000099990002e-05,0.013998600139986002,10000,False
27e9685859906987b2835d716ff07de3718a944f69a64cebea0f31734641c2e8,miracl_hi,miracl/hi,hi,gaussian,token,0,q32_d128,2.4,0.0,,0.0,0.025155884947932684,0.025155884947932684,2.199844065468231,2,0.00019998000199980003,,10000,False
208bdb50b2fa1da062e58292a6a4942eee16bef9ce7ac4b4d82111ead4892c39,miracl_hi,miracl/hi,hi,gaussian,token,0,q32_d128,2.4,0.5,,0.0,0.048502481796079,0.048502481796079,2.8000930817241674,3,9.999000099990002e-05,,10000,False
70e82746a9dadc9df1ead3d57e93f613619acbdcb7cebd38ae56d721cee02af1,miracl_hi,miracl/hi,hi,gaussian,token,0,q32_d128,2.4,0.75,,0.0,0.0627316958434261,0.0627316958434261,2.297851398737875,3,9.999000099990002e-05,,10000,False
86261361b35cebc54fad0069d31184a9042132a52db959445a361020dfc027ef,miracl_hi,miracl/hi,hi,gaussian,token,0,q64_d256,1.2,0.75,,0.0,0.11641139311857669,0.11641139311857669,2.25843785266031,3,9.999000099990002e-05,,10000,False
f66bba8d589b50a3016f91c4a1f87dea2af1165397a22d8498044bdbfaa22f73,miracl_hi,miracl/hi,hi,gaussian,token,1,q32_d128,1.2,0.75,,0.0,0.09366646342972901,0.09366646342972901,2.6501755993881404,3,9.999000099990002e-05,,10000,False
1d26d6c18fd5c7eb8babb988abe18c3d8aa18891fe5f05dcd5e5fe40ead5d55a,miracl_hi,miracl/hi,hi,gaussian,token,2,q32_d128,1.2,0.75,,0.00030569466390646796,0.06893531852982236,0.0686296238659159,2.3311175523448595,3,9.999000099990002e-05,,10000,False
a13ecee5cc07d09d546ee6c8095d5241edd6b4e6df358efda8cd94adf49bfb82,miracl_hi,miracl/hi,hi,identity,pooled,0,q16_d64,1.2,0.75,,0.001802656438775593,0.028892742338449375,0.027090085899673783,2.4279979070385846,3,0.00029997000299970003,,10000,False
6e95689a831fd10a8648ac28fb114f40ae2946122867b3db690305972b66123e,miracl_hi,miracl/hi,hi,identity,pooled,0,q32_d128,0.6,0.0,,0.002857142857142857,0.07668650218401285,0.07382935932686999,2.5834352471056183,2,9.999000099990002e-05,,10000,False
893dd574f6dd90c14a11bd8cf923fe84ee1dc57080fbacf3a02075b0e664d12a,miracl_hi,miracl/hi,hi,identity,pooled,0,q32_d128,0.6,0.5,,0.002857142857142857,0.09042956074380654,0.08757241788666367,2.616707448310439,3,9.999000099990002e-05,,10000,False
95ccbbc9c49858095142c45292518dca13c05f5bc243a5ec091e9b590b4a372f,miracl_hi,miracl/hi,hi,identity,pooled,0,q32_d128,0.6,0.75,,0.002857142857142857,0.09663724661135067,0.09378010375420781,2.2373046204806886,3,9.999000099990002e-05,,10000,False
f76831e90925367dfe45330033ab33c497cc73f53607f5b44391813d8862669e,miracl_hi,miracl/hi,hi,identity,pooled,0,q32_d128,1.2,0.0,,0.002857142857142857,0.060883319402484926,0.05802617654534207,2.7412648513376365,2,9.999000099990002e-05,,10000,False
99afb5208fc8f4520efdbbe6a06185ee3b166c7b85a271dd5852473ca8f22a93,miracl_hi,miracl/hi,hi,identity,pooled,0,q32_d128,1.2,0.5,,0.002857142857142857,0.087936904176225,0.08507976131908214,2.8481423241361616,3,9.999000099990002e-05,,10000,False
4e56b9f1644dee3d448025bc336f87bcd6bd4d476e7bab8c78be10398728a9cd,miracl_hi,miracl/hi,hi,identity,pooled,0,q32_d128,1.2,0.75,,0.002857142857142857,0.10353558174596961,0.10067843888882674,2.2950688942641495,3,9.999000099990002e-05,0.013998600139986002,10000,False
db56eb67d9951824fcee869e6aada8746a83ab7c7f5fff3eb8a90f2603736941,miracl_hi,miracl/hi,hi,identity,pooled,0,q32_d128,2.4,0.0,,0.002857142857142857,0.05016626304541605,0.04730912018827319,2.773655533960389,2,9.999000099990002e-05,,10000,False
0eb60e143e449eb8e3eba61461b87c835c77c4fb1ea00c60efacace860a80ffa,miracl_hi,miracl/hi,hi,identity,pooled,0,q32_d128,2.4,0.5,,0.002857142857142857,0.08746996328853725,0.08461282043139438,3.021603847902481,3,9.999000099990002e-05,,10000,False
e1b439c8178fcf97dd787f8b164ab08c89de536ca98c54e1d9d740128019132c,miracl_hi,miracl/hi,hi,identity,pooled,0,q32_d128,2.4,0.75,,0.002857142857142857,0.10468202302956507,0.10182488017242221,2.3606362024130796,3,9.999000099990002e-05,,10000,False
9b81bee046c232e723d5235d9b8a00c32085133de6f83a221ddd88ce50d96ee2,miracl_hi,miracl/hi,hi,identity,pooled,0,q64_d256,1.2,0.75,,0.006970532780478695,0.2249609667163782,0.2179904339358995,2.5986611621265534,3,9.999000099990002e-05,,10000,False
6c10826cc3c4e041a9ff3d252259b2721fc378da7cc817dd1dcc9427c1879a81,miracl_hi,miracl/hi,hi,identity,token,0,q16_d64,1.2,0.75,,0.0,0.02140285540095578,0.02140285540095578,2.667780255943893,3,0.00029997000299970003,,10000,False
6d6bf3d7cf69f1e650137762a032a57d041cdfffcdb2529ce65907c1ac9674cc,miracl_hi,miracl/hi,hi,identity,token,0,q32_d128,0.6,0.0,,0.0,0.0945306872033658,0.0945306872033658,2.181448577505086,2,9.999000099990002e-05,,10000,False
e13137dfa0c00030f7e99c34b047c0697862cb3f662c8a62b208b2de7e2b2d12,miracl_hi,miracl/hi,hi,identity,token,0,q32_d128,0.6,0.5,,0.0,0.09805475780701212,0.09805475780701212,2.384683743584766,3,9.999000099990002e-05,,10000,False
2701e940926e703c772f90f986a7876bb191108d32ad68d23a1f19a668cb530e,miracl_hi,miracl/hi,hi,identity,token,0,q32_d128,0.6,0.75,,0.0,0.09892124387530463,0.09892124387530463,2.223227705988016,3,9.999000099990002e-05,,10000,False
ddb502119a83e6c746b71bcb30c4f9ddb4b026d8029e9d5115de1c535d32a00b,miracl_hi,miracl/hi,hi,identity,token,0,q32_d128,1.2,0.0,,0.0,0.08922903939222301,0.08922903939222301,2.354053342946661,2,9.999000099990002e-05,,10000,False
6d134d5b36375a29f2e5a3af105e1240642d17f90d0a1db936b270d7d44d43ac,miracl_hi,miracl/hi,hi,identity,token,0,q32_d128,1.2,0.5,,0.0,0.100573801507968,0.100573801507968,2.6108641939345043,3,9.999000099990002e-05,,10000,False
f3665cdb1c4c8cac314cfa13c837c6d0a968f0edb91cb75c6c15b282c44b336f,miracl_hi,miracl/hi,hi,identity,token,0,q32_d128,1.2,0.75,,0.0,0.10330641718342548,0.10330641718342548,2.3320436637058184,3,9.999000099990002e-05,0.013998600139986002,10000,False
97bf7f7749f3680fc2eb51c828beac980089d95606f16078110ea458711f9f0f,miracl_hi,miracl/hi,hi,identity,token,0,q32_d128,2.4,0.0,,0.0,0.07656986713333355,0.07656986713333355,2.5280741423908246,2,9.999000099990002e-05,,10000,False
fc742de8f8dea57b72fb6173bfffea788059bab5b5ce42a86c7af2cc130a6d7b,miracl_hi,miracl/hi,hi,identity,token,0,q32_d128,2.4,0.5,,0.0,0.09882054697524718,0.09882054697524718,2.8036708758915303,3,9.999000099990002e-05,,10000,False
5c2eddeecd46f02c4423ff741f7098b52e8d42ec645898bc8b5097dd87920c64,miracl_hi,miracl/hi,hi,identity,token,0,q32_d128,2.4,0.75,,0.0,0.11359495385450015,0.11359495385450015,2.4968783594712236,3,9.999000099990002e-05,,10000,False
d787ceba795609c674ace063cf8449166cff9376d6edf8fe7a6acecfa88be70a,miracl_hi,miracl/hi,hi,identity,token,0,q64_d256,1.2,0.75,,0.0,0.22322825730201795,0.22322825730201795,2.369427486200306,3,9.999000099990002e-05,,10000,False
bc2d2af97508f2ad46147b1b10069ca9a0f84e483ce6b8e57faf25f5eed50eaa,miracl_hi,miracl/hi,hi,kmeans,pooled,0,q16_d64,1.2,0.75,,0.006265470835364295,0.008384003196782279,0.0021185323614179843,2.4708444561357776,2,0.2927707229277072,,10000,False
9f6dc55f665f426bc23fed5106bce270def225c33943512bb7ea5780cb194634,miracl_hi,miracl/hi,hi,kmeans,pooled,0,q32_d128,0.6,0.0,,0.006265470835364295,0.008496116956532124,0.0022306461211678294,2.415001434895184,2,0.27117288271172885,,10000,False
16130c6ad9f3136047a5de100c50fdf3042f0b8466d2fc695ac687ee0b177382,miracl_hi,miracl/hi,hi,kmeans,pooled,0,q32_d128,0.6,0.5,,0.006265470835364295,0.008496116956532124,0.0022306461211678294,2.415001434895184,2,0.27117288271172885,,10000,False
48173fca9f09605bb8a2ed2e80270bbddd8f0a1bdc2539005bd17af0b7ef1182,miracl_hi,miracl/hi,hi,kmeans,pooled,0,q32_d128,0.6,0.75,,0.006265470835364295,0.008496116956532124,0.0022306461211678294,2.415001434895184,2,0.27117288271172885,,10000,False
66f13985fe3cb64d97d3eb702f05c7fb26a40355b705743c58f64699f7d732db,miracl_hi,miracl/hi,hi,kmeans,pooled,0,q32_d128,1.2,0.0,,0.006265470835364295,0.008384003196782279,0.0021185323614179843,2.4708444561357776,2,0.2927707229277072,,10000,False
76b8cad53ba3b13d2ecbadedad574e3aa530776ef5f13bd02356f8c40ecc10c2,miracl_hi,miracl/hi,hi,kmeans,pooled,0,q32_d128,1.2,0.5,,0.006265470835364295,0.008384003196782279,0.0021185323614179843,2.4708444561357776,2,0.2927707229277072,,10000,False
de8ff29581439838d6580d9fdd520494b389b19eaf2da59bd485c67a141d4243,miracl_hi,miracl/hi,hi,kmeans,pooled,0,q32_d128,1.2,0.75,,0.006265470835364295,0.008384003196782279,0.0021185323614179843,2.4708444561357776,2,0.2927707229277072,1.0,10000,False
46e8990c98b55c833a3918ad25d255f708af024948832f5e7b0924d7585076d0,miracl_hi,miracl/hi,hi,kmeans,pooled,0,q32_d128,2.4,0.0,,0.006265470835364295,0.008258792480099846,0.0019933216447355516,2.0503157836725845,2,0.30716928307169283,,10000,False
2cef346d803963ed34079274c3070135d8bf6519cc4b4b7e99751fcaae99f91b,miracl_hi,miracl/hi,hi,kmeans,pooled,0,q32_d128,2.4,0.5,,0.006265470835364295,0.008258792480099846,0.0019933216447355516,2.0503157836725845,2,0.30716928307169283,,10000,False
be3612d4b106df745306f5ad5c22468ee5443044edea2757f6298261aee3c6e3,miracl_hi,miracl/hi,hi,kmeans,pooled,0,q32_d128,2.4,0.75,,0.006265470835364295,0.008258792480099846,0.0019933216447355516,2.0503157836725845,2,0.30716928307169283,,10000,False
6f6eda999e783beaaf7486258ebac53d5e231675a876896685334e20ecb5a2a0,miracl_hi,miracl/hi,hi,kmeans,pooled,0,q64_d256,1.2,0.75,,0.006265470835364295,0.008384003196782279,0.0021185323614179843,2.4708444561357776,2,0.2927707229277072,,10000,False
0be2d6cf308c52185f8125bafbafeb121be4984ba00092a365b3c378666d4075,miracl_hi,miracl/hi,hi,kmeans,pooled,1,q32_d128,1.2,0.75,,0.009563493466359674,0.009073432941596384,-0.0004900605247632906,-2.564871352295207,2,0.7765223477652234,,10000,False
86f3ff4bc5987c1c605b47e0ad9144b6c9751e1a01acb530aae9e21d8da7ce40,miracl_hi,miracl/hi,hi,kmeans,pooled,2,q32_d128,1.2,0.75,,0.012085766764422965,0.012010790873807718,-7.497589061524791e-05,-0.25902677111819367,2,0.9559044095590441,,10000,False
4f993c5b1b44c67945e83a37a6cbeec087e85b8df83f38be618ee967b625b95c,miracl_hi,miracl/hi,hi,kmeans,token,0,q16_d64,1.2,0.75,,0.016359313022621048,0.07990185974706625,0.0635425467244452,1.9977309803334646,3,9.999000099990002e-05,,10000,False
7c04f622e794903ec148bd417144b0ec3b0a841c3e8f3c093c4fd38794aa4de1,miracl_hi,miracl/hi,hi,kmeans,token,0,q32_d128,0.6,0.0,,0.01567191690302624,0.15704327701882895,0.1413713601158027,2.305083912203798,2,9.999000099990002e-05,,10000,False
2a32ab3763d556de44d8b5ec8c77c3c09dd0542cfd8746686d055f43caaed585,miracl_hi,miracl/hi,hi,kmeans,token,0,q32_d128,0.6,0.5,,0.01567191690302624,0.1588447949430702,0.14317287804004394,2.3325132937376525,3,9.999000099990002e-05,,10000,False
d72e674d71cc21c0cd32c690babee300030d5789fcc4f648a6e1fdae22282a79,miracl_hi,miracl/hi,hi,kmeans,token,0,q32_d128,0.6,0.75,,0.01567191690302624,0.1471545038124525,0.13148258690942624,2.1595939405466593,3,9.999000099990002e-05,,10000,False
ae1d7a0df7d461d77775545ca2394b190b763edb983810505b9a26af494fac97,miracl_hi,miracl/hi,hi,kmeans,token,0,q32_d128,1.2,0.0,,0.01567191690302624,0.13616486208116857,0.12049294517814232,2.3473233256110477,2,9.999000099990002e-05,,10000,False
0ecfebaeda8b0c2065d2b2a8e2af5f5b68c2c4841a34d0472e094c7a6893d1e5,miracl_hi,miracl/hi,hi,kmeans,token,0,q32_d128,1.2,0.5,,0.01567191690302624,0.1490862180819851,0.13341430117895886,2.4472636103883643,3,9.999000099990002e-05,,10000,False
c5578678d0793ca6bfdec3698fa9059239e124306f578ed210a438fc322a2753,miracl_hi,miracl/hi,hi,kmeans,token,0,q32_d128,1.2,0.75,,0.01567191690302624,0.13088850677182115,0.1152165898687949,2.2195713691682517,3,9.999000099990002e-05,0.013998600139986002,10000,False
8ce6156f0d054d3e8adcea2a3bffddaf38ccc6a9d2886c68e56b4c3c872d3e4c,miracl_hi,miracl/hi,hi,kmeans,token,0,q32_d128,2.4,0.0,,0.01567191690302624,0.10763908429279281,0.09196716738976657,2.3883917302881663,2,9.999000099990002e-05,,10000,False
4771854c8d2f54e37ab18b55bc60a7e106ef17cffcbf0e487c05ba8a34f36e48,miracl_hi,miracl/hi,hi,kmeans,token,0,q32_d128,2.4,0.5,,0.01567191690302624,0.13255467004745355,0.11688275314442731,2.645149908659861,3,9.999000099990002e-05,,10000,False
46d5472b1f2fcf01a834363b1882518564cf45fa2884cab58d7f7f8eeb2e9138,miracl_hi,miracl/hi,hi,kmeans,token,0,q32_d128,2.4,0.75,,0.01567191690302624,0.10378225944053926,0.08811034253751301,2.209252655006388,3,9.999000099990002e-05,,10000,False
8959ff175e1f7002ef6409e6c008064ebdbe948115c82f96bf041a4de1fe19c1,miracl_hi,miracl/hi,hi,kmeans,token,0,q64_d256,1.2,0.75,,0.015620432037410266,0.15157488772850908,0.13595445569109882,2.3411808498883055,3,9.999000099990002e-05,,10000,False
40f72c4c207ce5c797691ca09e1d97eb2d91ea21d3d9fe2e2f5b899580b9e99f,miracl_hi,miracl/hi,hi,kmeans,token,1,q32_d128,1.2,0.75,,0.011174777961934798,0.13820597590094524,0.12703119793901044,2.2342118385829255,3,9.999000099990002e-05,,10000,False
6115bc1116e43310d0a39a9460977cce480dd91daef49d31fde62f8bab59e67e,miracl_hi,miracl/hi,hi,kmeans,token,2,q32_d128,1.2,0.75,,0.018995046090420225,0.14622041208290712,0.1272253659924869,2.2567499622528118,3,9.999000099990002e-05,,10000,False
61b280d79a0e2abc086ce450fb01bd5d2aebdef8a3a7ba5b716f00670d867846,miracl_hi,miracl/hi,hi,pca,pooled,0,q16_d64,1.2,0.75,,0.0066225066663055925,0.09768043536028373,0.09105792869397814,3.0889876317249603,3,9.999000099990002e-05,,10000,False
f87959ca3029eca5ac113f550e740044178465eeef4e39804a7238d1d91e6d08,miracl_hi,miracl/hi,hi,pca,pooled,0,q32_d128,0.6,0.0,,0.012919656878804791,0.17805262099428243,0.16513296411547765,2.4297833087224032,2,9.999000099990002e-05,,10000,False
ab97235b3754ee1bb16ec6dafc629cd1f4189a68ed2d3b83bea5b84ac820dd54,miracl_hi,miracl/hi,hi,pca,pooled,0,q32_d128,0.6,0.5,,0.012919656878804791,0.19589864171034857,0.1829789848315438,2.7858406067205532,3,9.999000099990002e-05,,10000,False
8ca89404ec6df53131160cb2eea717c68b22922c6feb82e555c474c9e935bcf9,miracl_hi,miracl/hi,hi,pca,pooled,0,q32_d128,0.6,0.75,,0.012919656878804791,0.20483718329418824,0.19191752641538345,2.9054095973338776,3,9.999000099990002e-05,,10000,False
f325565ed97a4b9f85b9212ba095dd0dd1d02a913e97115803c6520921d02ab0,miracl_hi,miracl/hi,hi,pca,pooled,0,q32_d128,1.2,0.0,,0.012919656878804791,0.15206664099134878,0.139146984112544,2.5198329212599737,2,9.999000099990002e-05,,10000,False
972f39facc38d6b6cc93f8cd051ba3eb796725fbc737db6c09f71f7de475261e,miracl_hi,miracl/hi,hi,pca,pooled,0,q32_d128,1.2,0.5,,0.012919656878804791,0.18433751421459896,0.17141785733579418,2.9858386608200234,3,9.999000099990002e-05,,10000,False
61db96730aac860ac134f99b3cf77eb0b0a0c5ac5b9012453f448419a4dd61e3,miracl_hi,miracl/hi,hi,pca,pooled,0,q32_d128,1.2,0.75,,0.012919656878804791,0.2012219520558025,0.18830229517699773,3.0733614507557685,3,9.999000099990002e-05,0.013998600139986002,10000,False
d1e538b82da59043e132062b1f585f1fd265b8f86391ab5faf70bf106278a2ab,miracl_hi,miracl/hi,hi,pca,pooled,0,q32_d128,2.4,0.0,,0.012919656878804791,0.12157573243100042,0.10865607555219563,2.521654810175908,2,9.999000099990002e-05,,10000,False
49cca81f3aba6a10ed1dbaaba35fd137543eeaad2953fa80589f7ed9047905bd,miracl_hi,miracl/hi,hi,pca,pooled,0,q32_d128,2.4,0.5,,0.012919656878804791,0.16685463534833844,0.15393497846953366,3.1961347831429525,3,9.999000099990002e-05,,10000,False
179e7736bcf743478182bd4008986a4242df13df657291960b6b6f762fbfd874,miracl_hi,miracl/hi,hi,pca,pooled,0,q32_d128,2.4,0.75,,0.012919656878804791,0.18947941186441922,0.17655975498561444,3.249557235418951,3,9.999000099990002e-05,,10000,False
9c1e3ff1010da003078cf626864385e93c812dd610d1f1c2e9559077310644e0,miracl_hi,miracl/hi,hi,pca,pooled,0,q64_d256,1.2,0.75,,0.021711896719775508,0.2747045649234045,0.252992668203629,3.0023221601594856,3,9.999000099990002e-05,,10000,False
7fbb684300c3f05da08c236c364fc3c64ec116c9793689a838d4f1afe04e39e2,miracl_hi,miracl/hi,hi,pca,token,0,q16_d64,1.2,0.75,,0.0016003141395137441,0.12003846025456447,0.11843814611505073,2.340988671831639,3,9.999000099990002e-05,,10000,False
c1b78215ae3b2982fc9f953ecdc4b2099a082513fb1b386f70bcd095bf5d171e,miracl_hi,miracl/hi,hi,pca,token,0,q32_d128,0.6,0.0,,0.008363749345564348,0.2569973150433124,0.24863356569774805,2.0234293319262395,2,9.999000099990002e-05,,10000,False
f330e8829f903ffc866beb3b76f1d4a1147e8e311e8bd43f18734d525d00eb4e,miracl_hi,miracl/hi,hi,pca,token,0,q32_d128,0.6,0.5,,0.008363749345564348,0.256374910161393,0.24801116081582866,2.2539492086920125,3,9.999000099990002e-05,,10000,False
79dbecc764d1a636fb856eee73a8448124748e976811d9f57bd082b5a56dcf7c,miracl_hi,miracl/hi,hi,pca,token,0,q32_d128,0.6,0.75,,0.008363749345564348,0.25346456813755897,0.2451008187919946,2.263262557099621,3,9.999000099990002e-05,,10000,False
d5d60c71c2a65f5cb9c627b5bffd73453720d4cd8cc625e806d1ed36a9569810,miracl_hi,miracl/hi,hi,pca,token,0,q32_d128,1.2,0.0,,0.008363749345564348,0.25307839635605855,0.2447146470104942,2.060236894314592,2,9.999000099990002e-05,,10000,False
5c7f72c1a0e1c5965680efaf101a6250c6c86a199fe96c2954ecd5dc92a917d8,miracl_hi,miracl/hi,hi,pca,token,0,q32_d128,1.2,0.5,,0.008363749345564348,0.26151055683310986,0.25314680748754553,2.318608015040362,3,9.999000099990002e-05,,10000,False
89dd216cfe587ea4b29cdb618c0b86fd6b18f31d68d1c9c0ea221a742429eefa,miracl_hi,miracl/hi,hi,pca,token,0,q32_d128,1.2,0.75,,0.008363749345564348,0.26170568396218835,0.253341934616624,2.3207735181054794,3,9.999000099990002e-05,0.013998600139986002,10000,False
3f2fc5c2823808fb25acd794e69560b49ff2c09ea0930cc6690b02d7822350c1,miracl_hi,miracl/hi,hi,pca,token,0,q32_d128,2.4,0.0,,0.008363749345564348,0.23654129919404654,0.22817754984848218,2.2328212696622014,2,9.999000099990002e-05,,10000,False
a87d4fec1ff7c5122f8ab6b104b7d9adca8e6c95233faa996040717f0fd639e1,miracl_hi,miracl/hi,hi,pca,token,0,q32_d128,2.4,0.5,,0.008363749345564348,0.27261661123031306,0.2642528618847487,2.540044888975565,3,9.999000099990002e-05,,10000,False
cf36fd7acc09e01769813c90dee9a6340f51e7a6b61c119f9421eb823620a02c,miracl_hi,miracl/hi,hi,pca,token,0,q32_d128,2.4,0.75,,0.008363749345564348,0.2740284237194316,0.26566467437386726,2.466686861708859,3,9.999000099990002e-05,,10000,False
c1262e0d774b6a76412fe761ca898d2fb55b36df13a91f0bc1832416266a25c6,miracl_hi,miracl/hi,hi,pca,token,0,q64_d256,1.2,0.75,,0.012476329178756284,0.3987049285844983,0.386228599405742,2.5686218726899885,3,9.999000099990002e-05,,10000,False
bb3459584e7ec8b3e71a4c87971c618172fd3b364f0e4c21bb477af6c120c396,miracl_hi,miracl/hi,hi,pq,pooled,0,q16_d64,1.2,0.75,,0.003865777588476403,0.007081199892663828,0.003215422304187425,2.0,1,0.06239376062393761,,10000,False
ea159a759a2e547e3c7214b20441a7dd5b2ee3c5d52bc4561205139af42ddcb7,miracl_hi,miracl/hi,hi,pq,pooled,0,q32_d128,0.6,0.0,,0.003865777588476403,0.007081199892663828,0.003215422304187425,2.0,1,0.06239376062393761,,10000,False
1eedea3ffedd353124848874946a7e3e0a5f001e41e13f958b530e735427261f,miracl_hi,miracl/hi,hi,pq,pooled,0,q32_d128,0.6,0.5,,0.003865777588476403,0.007081199892663828,0.003215422304187425,2.0,1,0.06239376062393761,,10000,False
44b657104aac8332a31b1844143b68a61fca8a012b63f413805ff0af7d57c30d,miracl_hi,miracl/hi,hi,pq,pooled,0,q32_d128,0.6,0.75,,0.003865777588476403,0.007081199892663828,0.003215422304187425,2.0,1,0.06239376062393761,,10000,False
0f79e6a158e242571600e19a36d00f722b4148577db5674f86b4c16a7283b07b,miracl_hi,miracl/hi,hi,pq,pooled,0,q32_d128,1.2,0.0,,0.003865777588476403,0.007081199892663828,0.003215422304187425,2.0,1,0.06239376062393761,,10000,False
da7d52d621cba72a986ce855aa4a3444a1901b8f005c014f1c5a97937a9fa161,miracl_hi,miracl/hi,hi,pq,pooled,0,q32_d128,1.2,0.5,,0.003865777588476403,0.007081199892663828,0.003215422304187425,2.0,1,0.06239376062393761,,10000,False
578d24e02aa8ba00ccf39fda8881d7ead9c814ffade75b823671cfc00b33385a,miracl_hi,miracl/hi,hi,pq,pooled,0,q32_d128,1.2,0.75,,0.003865777588476403,0.007081199892663828,0.003215422304187425,2.0,1,0.06239376062393761,1.0,10000,False
7aad472c5d2ccfb47137718b526c6e851c06ec5356f3204cf4bd12dcc6deb395,miracl_hi,miracl/hi,hi,pq,pooled,0,q32_d128,2.4,0.0,,0.003865777588476403,0.007081199892663828,0.003215422304187425,2.0,1,0.06239376062393761,,10000,False
855854643595aa7a702e60bae8044655b3e6c26329985771ec6282b282d439c7,miracl_hi,miracl/hi,hi,pq,pooled,0,q32_d128,2.4,0.5,,0.003865777588476403,0.007081199892663828,0.003215422304187425,2.0,1,0.06239376062393761,,10000,False
92aebcccba62f42370a413881508d1034f2bc69e2c6092e806db55c051cc8514,miracl_hi,miracl/hi,hi,pq,pooled,0,q32_d128,2.4,0.75,,0.003865777588476403,0.007081199892663828,0.003215422304187425,2.0,1,0.06239376062393761,,10000,False
d30c1b2aaadb4339357d2be807e5d9213611e95e845a2001f33dd77745b03cbe,miracl_hi,miracl/hi,hi,pq,pooled,0,q64_d256,1.2,0.75,,0.003865777588476403,0.007081199892663828,0.003215422304187425,2.0,1,0.06239376062393761,,10000,False
96de16e367546024b99b7d8bebc5e9bbc14aa0b674656fac6efc167ff41133bc,miracl_hi,miracl/hi,hi,pq,pooled,1,q32_d128,1.2,0.75,,0.010671376144425418,0.010959568919186194,0.000288192774760776,2.0,1,0.47235276472352766,,10000,False
8255d10647a4c223a994a90499703e8db0daaf8a84671f4b3de20b43ece527d1,miracl_hi,miracl/hi,hi,pq,pooled,2,q32_d128,1.2,0.75,,0.0036481791681039002,0.007780851179310996,0.004132672011207096,2.0,1,0.035996400359964,,10000,False
9611a5e131ec314a6e1ba5a4aca107da6d8ce19023f336d3deb713dd6a1f91ae,miracl_hi,miracl/hi,hi,pq,token,0,q16_d64,1.2,0.75,,0.00796136164346462,0.04145043959991747,0.033489077956452847,2.2733923569413834,3,0.00019998000199980003,,10000,False
8f51e4d053e23591094572c5cdbb612310c039ccd1d95d01e1c054eeaa8b394c,miracl_hi,miracl/hi,hi,pq,token,0,q32_d128,0.6,0.0,,0.008993335697866483,0.07728708013787526,0.06829374444000878,2.2718662136088112,2,9.999000099990002e-05,,10000,False
6280d7164a43e7909422302061880e3efceb1c3e192b8195046eb220de7414a9,miracl_hi,miracl/hi,hi,pq,token,0,q32_d128,0.6,0.5,,0.008993335697866483,0.08748380506983604,0.07849046937196956,2.5904830141207627,3,9.999000099990002e-05,,10000,False
cc7025e7f5a5d38e90a6213f0798f03bf5c115bdaba6d15346a9d63344ffe2bb,miracl_hi,miracl/hi,hi,pq,token,0,q32_d128,0.6,0.75,,0.008993335697866483,0.0813943486540214,0.07240101295615492,2.453589833154427,3,9.999000099990002e-05,,10000,False
e7f1c7a5be288285775570fa8d9651aae897e62592107ac9084b91ff6efad52c,miracl_hi,miracl/hi,hi,pq,token,0,q32_d128,1.2,0.0,,0.008993335697866483,0.06725118761362946,0.05825785191576297,2.234915787424609,2,9.999000099990002e-05,,10000,False
b08c23a66f1b092b4663aa1f064e3df91139735dece5618e24db70e791c5b5d9,miracl_hi,miracl/hi,hi,pq,token,0,q32_d128,1.2,0.5,,0.008993335697866483,0.09501451200416465,0.08602117630629817,2.8246873233215237,3,9.999000099990002e-05,,10000,False
770b3ed5e543c398951aae629b373ab5a56a177b3ac7a7075882cfd6e11c1ab0,miracl_hi,miracl/hi,hi,pq,token,0,q32_d128,1.2,0.75,,0.008993335697866483,0.08647985486287309,0.07748651916500661,2.7053952875933596,3,9.999000099990002e-05,0.013998600139986002,10000,False
1a053b56df9d2d82b81a263a85bab1623c3ed1e3ed29e2062cc3bbe94f7ccb1b,miracl_hi,miracl/hi,hi,pq,token,0,q32_d128,2.4,0.0,,0.008993335697866483,0.05942586955431719,0.050432533856450704,2.205197646868688,2,9.999000099990002e-05,,10000,False
99dd54a4f93012b5a22524ab131371a780490984ae3adeabf35f9f946bd6d628,miracl_hi,miracl/hi,hi,pq,token,0,q32_d128,2.4,0.5,,0.008993335697866483,0.08952427739100542,0.08053094169313894,2.8664422423027176,3,9.999000099990002e-05,,10000,False
806302246d0cda9f4ec147791ea8bd587adaecbdd5087740a0a16f167882dc37,miracl_hi,miracl/hi,hi,pq,token,0,q32_d128,2.4,0.75,,0.008993335697866483,0.08481172051098373,0.07581838481311726,2.8588162190684074,3,9.999000099990002e-05,,10000,False
9502468d2109411bd804611c967ffd555b2b6b9ef7851e6df99a8fec3f3eeb83,miracl_hi,miracl/hi,hi,pq,token,0,q64_d256,1.2,0.75,,0.009400367328365779,0.1299481794767738,0.12054781214840804,2.5682310173255907,3,9.999000099990002e-05,,10000,False
db324c0578b2eaa19b43a662618f42fa0e4bf7fbf29955f2e86c71f095c12f97,miracl_hi,miracl/hi,hi,pq,token,1,q32_d128,1.2,0.75,,0.008617743413451477,0.09960685489412217,0.0909891114806707,2.385151003932538,3,9.999000099990002e-05,,10000,False
104d8c4e75a11204ed4955a48ad498b5e02d36f01f1d190592a03e9af2d7b440,miracl_hi,miracl/hi,hi,pq,token,2,q32_d128,1.2,0.75,,0.011603490240650683,0.09413703026995045,0.08253354002929976,2.218649708984363,3,9.999000099990002e-05,,10000,False
4e3a5ab35d31af0fc30a12e676cae0a4491173baeea1988a06799ccc7feb92f1,miracl_hi,miracl/hi,hi,rq,pooled,0,q16_d64,1.2,0.75,,0.020261618555130947,0.035636400064615596,0.01537478150948465,2.0,1,0.0030996900309969004,,10000,False
cc5aa594ceda524b73d4f1b65194a5078aea64249f9cf11e3f9ef5a6519d96fb,miracl_hi,miracl/hi,hi,rq,pooled,0,q32_d128,0.6,0.0,,0.020261618555130947,0.035636400064615596,0.01537478150948465,2.0,1,0.0030996900309969004,,10000,False
489362d571c86ffa50de82c4aee752958e68ae4da0e07d1450a68edbb210003b,miracl_hi,miracl/hi,hi,rq,pooled,0,q32_d128,0.6,0.5,,0.020261618555130947,0.035636400064615596,0.01537478150948465,2.0,1,0.0030996900309969004,,10000,False
332930296687c117ed59bfbcfb3761debc135059ea7f0a780c1ff2bbf093a8de,miracl_hi,miracl/hi,hi,rq,pooled,0,q32_d128,0.6,0.75,,0.020261618555130947,0.035636400064615596,0.01537478150948465,2.0,1,0.0030996900309969004,,10000,False
7a63df81553ffd92b300e60d7d8784db993a857cde690ad4b103b6aaa40fd737,miracl_hi,miracl/hi,hi,rq,pooled,0,q32_d128,1.2,0.0,,0.020261618555130947,0.035636400064615596,0.01537478150948465,2.0,1,0.0030996900309969004,,10000,False
5d248b4f7022521a310eb04d6f082ef154a34f1db391c7bc24bb0939f4ec7f02,miracl_hi,miracl/hi,hi,rq,pooled,0,q32_d128,1.2,0.5,,0.020261618555130947,0.035636400064615596,0.01537478150948465,2.0,1,0.0030996900309969004,,10000,False
ac62e11aa17729e391dc4a1bb24a62cd3d0d92a0f5c372b81afaceceed3d21a5,miracl_hi,miracl/hi,hi,rq,pooled,0,q32_d128,1.2,0.75,,0.020261618555130947,0.035636400064615596,0.01537478150948465,2.0,1,0.0030996900309969004,0.12708729127087293,10000,False
d35bc5f770a88bffff4462bafea2486ab89503dc2ea57541a9db5aa54d4c2ac0,miracl_hi,miracl/hi,hi,rq,pooled,0,q32_d128,2.4,0.0,,0.020261618555130947,0.035636400064615596,0.01537478150948465,2.0,1,0.0030996900309969004,,10000,False
f60013408d220ea9b4986a708dac7eae9c34fa00457c9c9f91326dd3a790c277,miracl_hi,miracl/hi,hi,rq,pooled,0,q32_d128,2.4,0.5,,0.020261618555130947,0.035636400064615596,0.01537478150948465,2.0,1,0.0030996900309969004,,10000,False
4196ef383a546ab6a45892107a458f6b73939a061b6beb9ade483423688cb72b,miracl_hi,miracl/hi,hi,rq,pooled,0,q32_d128,2.4,0.75,,0.020261618555130947,0.035636400064615596,0.01537478150948465,2.0,1,0.0030996900309969004,,10000,False
00695e95a9b8ce129154f66a84cd9d5a9f5c9eed5f23800348f62404b4e69f75,miracl_hi,miracl/hi,hi,rq,pooled,0,q64_d256,1.2,0.75,,0.020261618555130947,0.035636400064615596,0.01537478150948465,2.0,1,0.0030996900309969004,,10000,False
7dd66525fa73664d8f7b2a56e57b30543de9277bb6c6971da5b2c770196094bd,miracl_hi,miracl/hi,hi,rq,pooled,1,q32_d128,1.2,0.75,,0.008653397632826701,0.01036111964997696,0.0017077220171502587,2.0,1,0.6427357264273572,,10000,False
5f4f3bce40a301f50877a19587b66d50fafcc7787d3a11ca9d28b5475277bca7,miracl_hi,miracl/hi,hi,rq,pooled,2,q32_d128,1.2,0.75,,0.006573900881883718,0.014362873040029393,0.007788972158145675,2.0,1,0.044495550444955505,,10000,False
8430d138d4b7450eafe86e4b5aefe2f7ae57484b97ad7fc4b8f7edd66452623d,miracl_hi,miracl/hi,hi,rq,token,0,q16_d64,1.2,0.75,,0.009714516025215142,0.19949581615464881,0.18978130012943367,2.5634519645241496,3,9.999000099990002e-05,,10000,False
64b0b2b46618dd1f7e4d4018702cad9fac31c07df2cd4664551dd047919f06c3,miracl_hi,miracl/hi,hi,rq,token,0,q32_d128,0.6,0.0,,0.010276144801892305,0.2539243486580044,0.24364820385611208,2.2733932375356165,2,9.999000099990002e-05,,10000,False
6d47651dece536e8321d65ddf2469fcc14a811b05b4d60d16ee36b9b4bfec697,miracl_hi,miracl/hi,hi,rq,token,0,q32_d128,0.6,0.5,,0.010276144801892305,0.25956560118411537,0.24928945638222305,2.4868286304761695,3,9.999000099990002e-05,,10000,False
96dc594fb37de651a56d238fa16b10edaa1e67f384e8791db56ae86cfb9c8ca6,miracl_hi,miracl/hi,hi,rq,token,0,q32_d128,0.6,0.75,,0.010276144801892305,0.24915636223338716,0.23888021743149485,2.4289994730805984,3,9.999000099990002e-05,,10000,False
0a4c80135f063ac1d70b9d1d306d0229133713b1ad50e821b60de7fcdf1cf402,miracl_hi,miracl/hi,hi,rq,token,0,q32_d128,1.2,0.0,,0.010276144801892305,0.23384172940844433,0.22356558460655201,2.331484333843937,2,9.999000099990002e-05,,10000,False
9b61bddc9dd47301cd9dc4a6c7d958208ab1eaddd2119b56872c765ccad64166,miracl_hi,miracl/hi,hi,rq,token,0,q32_d128,1.2,0.5,,0.010276144801892305,0.2554241870550353,0.24514804225314296,2.57169547437262,3,9.999000099990002e-05,,10000,False
4e3fb1385d1677031373bb4aeb1ce0708d160a09a0fc75c789edf6c3d029ce23,miracl_hi,miracl/hi,hi,rq,token,0,q32_d128,1.2,0.75,,0.010276144801892305,0.24164829638208757,0.23137215158019525,2.5038452031140923,3,9.999000099990002e-05,0.013998600139986002,10000,False
f1fc679297d099edaaabeac2286847d92b8c587e5889e415448476773759d69c,miracl_hi,miracl/hi,hi,rq,token,0,q32_d128,2.4,0.0,,0.010276144801892305,0.214553499242343,0.20427735444045067,2.395492132376069,2,9.999000099990002e-05,,10000,False
15f206f564828e88fda39002a4a3c79485d3fe5b72e80694ba170ad16202c723,miracl_hi,miracl/hi,hi,rq,token,0,q32_d128,2.4,0.5,,0.010276144801892305,0.24147026931641133,0.231194124514519,2.6265148233967017,3,9.999000099990002e-05,,10000,False
b27b7ebd8b7fd5bf1fb3aa0dbf4202e35ccb3302bfe862ea342a77f925da8968,miracl_hi,miracl/hi,hi,rq,token,0,q32_d128,2.4,0.75,,0.010276144801892305,0.22905576551204807,0.21877962071015575,2.564548013287261,3,9.999000099990002e-05,,10000,False
3ddd6f6e040ded0c23ecb8540391e8508d5db013d87e121cd209edbf6d2360a1,miracl_hi,miracl/hi,hi,rq,token,0,q64_d256,1.2,0.75,,0.00921961313454632,0.278284624329398,0.26906501119485166,2.66887645957309,3,9.999000099990002e-05,,10000,False
becd423bb40783a0b59822629b4b758ed6d245146c8b1182da83356d8f3bb8f1,miracl_hi,miracl/hi,hi,rq,token,1,q32_d128,1.2,0.75,,0.015642091505637144,0.24869413231717735,0.2330520408115402,2.603342846932789,3,9.999000099990002e-05,,10000,False
420c6f2eeb0372db8f465620d5513d05c7109c37a656b9c2ab9e1473ec67715e,miracl_hi,miracl/hi,hi,rq,token,2,q32_d128,1.2,0.75,,0.014180651452109753,0.23231998930269704,0.21813933785058728,2.4215474143590496,3,9.999000099990002e-05,,10000,False
0cae236c72bb4d36b4ac38519b2fa33b0a8b5217db77f086915f40fa987c3cb8,miracl_hi,miracl/hi,hi,sae,pooled,0,q16_d64,1.2,0.75,,0.025413147366049035,0.05161112564034095,0.026197978274291912,2.697627031332274,3,0.00029997000299970003,,10000,False
a57e1f82a00ef3f912dbdbc8fc231c34bc365da46c9d089a64d04c64565ca57c,miracl_hi,miracl/hi,hi,sae,pooled,0,q32_d128,0.6,0.0,,0.03872208447453682,0.08292876138884482,0.044206676914308,2.1569720931861625,2,9.999000099990002e-05,,10000,False
01a94f3e813f19db70f9957d5919362ff5036edd4f1897b41005f3b8e06c2a76,miracl_hi,miracl/hi,hi,sae,pooled,0,q32_d128,0.6,0.5,,0.03872208447453682,0.08823858485815657,0.049516500383619745,2.7814241824902233,3,9.999000099990002e-05,,10000,False
09605c7db3976d652ddf21f43aed9ed70a424dfc75d7242a26fc68bfc947aa00,miracl_hi,miracl/hi,hi,sae,pooled,0,q32_d128,0.6,0.75,,0.03872208447453682,0.09144764328307736,0.05272555880854054,2.7128715879788947,3,9.999000099990002e-05,,10000,False
e6b7485a9824dddd3921ff428228ad55fd7ad0fb0c06526f26fc6f40cc0f5045,miracl_hi,miracl/hi,hi,sae,pooled,0,q32_d128,1.2,0.0,,0.03872208447453682,0.07315201735872269,0.03442993288418587,2.211029745993943,2,9.999000099990002e-05,,10000,False
5ed69aff9daf8e4d6f16180d56387fc1031b77ffeaa17e1c0b07f4937091a7d7,miracl_hi,miracl/hi,hi,sae,pooled,0,q32_d128,1.2,0.5,,0.03872208447453682,0.08525720300319307,0.04653511852865625,2.9007335475039517,3,9.999000099990002e-05,,10000,False
253462a4ef9a179f96b990351b5056d4f85a486b423274adb1217f0658a579a5,miracl_hi,miracl/hi,hi,sae,pooled,0,q32_d128,1.2,0.75,,0.03872208447453682,0.09087014449044604,0.05214806001590922,2.755698697113195,3,9.999000099990002e-05,0.013998600139986002,10000,False
db8a914ee6986442eb6aac40b72eb7cc71df92ef9d1ac42bfb2c532f0730262e,miracl_hi,miracl/hi,hi,sae,pooled,0,q32_d128,2.4,0.0,,0.03872208447453682,0.06469581823837615,0.02597373376383933,2.385005687448416,2,9.999000099990002e-05,,10000,False
66b350e0a3f56dd34d6a80ce60d0719b65db6489dab2d29e0bd085a9ed4e0100,miracl_hi,miracl/hi,hi,sae,pooled,0,q32_d128,2.4,0.5,,0.03872208447453682,0.08362075903956828,0.04489867456503146,3.0532733311284916,3,9.999000099990002e-05,,10000,False
26ecb41a512ef0229a54f9f9f61e423de629befff2f557215ece7d779eb571ab,miracl_hi,miracl/hi,hi,sae,pooled,0,q32_d128,2.4,0.75,,0.03872208447453682,0.08888180892117238,0.05015972444663556,2.644109409175104,3,9.999000099990002e-05,,10000,False
417ed012bc5beea9b204e1c23af96cd85952b07ed29f4239f4b0fbfeb2a7a43a,miracl_hi,miracl/hi,hi,sae,pooled,0,q64_d256,1.2,0.75,,0.03872208447453682,0.09087014449044604,0.05214806001590922,2.755698697113195,3,9.999000099990002e-05,,10000,False
81bfdae00dc1ff3529d3d5b9a758a6c8a06b7020fdbbd12ef6be3c5b69b9fd29,miracl_hi,miracl/hi,hi,sae,pooled,1,q32_d128,1.2,0.75,,0.03304892071731789,0.08213471791157395,0.04908579719425606,2.855947211249234,3,9.999000099990002e-05,,10000,False
e0abd3c33dbc86480095dd1aa39155fe85e17b0074d998e44f1ebedf17972c19,miracl_hi,miracl/hi,hi,sae,pooled,2,q32_d128,1.2,0.75,,0.044381330086279605,0.09428615679026114,0.04990482670398154,2.7862318555718417,3,9.999000099990002e-05,,10000,False
84b0b4c2358ed6526526d09326020361265c15551d8c676b602c6c465a9eab21,miracl_hi,miracl/hi,hi,sae,token,0,q16_d64,1.2,0.75,,0.017539918858535206,0.24670007797730156,0.22916015911876636,2.6155956821347006,3,9.999000099990002e-05,,10000,False
a3d89d1c0b2134993caadebd86908505d69279a2cee59fec1467369a855ed7a9,miracl_hi,miracl/hi,hi,sae,token,0,q32_d128,0.6,0.0,,0.01760266650186873,0.31560792803656257,0.29800526153469387,2.1801105718743283,2,9.999000099990002e-05,,10000,False
7a7076088fd9c530fdcc3cd5a6cc7da9f58ccd127e4ab325d16f9b5a05add1d1,miracl_hi,miracl/hi,hi,sae,token,0,q32_d128,0.6,0.5,,0.01760266650186873,0.3200558160494586,0.30245314954758984,2.5101921322277754,3,9.999000099990002e-05,,10000,False
80b7a8f2c234ef5d0499a8f3bd27944827e566de4898b4a3c1d39df479a08f1d,miracl_hi,miracl/hi,hi,sae,token,0,q32_d128,0.6,0.75,,0.01760266650186873,0.3164696250249694,0.29886695852310063,2.593299934367615,3,9.999000099990002e-05,,10000,False
6f51e0a93e2764b664fdb9a7dd3617a3342b3698f335154f365f198a804b650f,miracl_hi,miracl/hi,hi,sae,token,0,q32_d128,1.2,0.0,,0.01760266650186873,0.32314583636535477,0.30554316986348606,2.2059231966185644,2,9.999000099990002e-05,,10000,False
a7cf615530cefc679f25f380f93cfcfa96beb6daa1bfb664c8df09802297d681,miracl_hi,miracl/hi,hi,sae,token,0,q32_d128,1.2,0.5,,0.01760266650186873,0.3305573634671257,0.312954696965257,2.5170146811740772,3,9.999000099990002e-05,,10000,False
530bc38603f87e1642baf4a88f5aceeac8872eed62b8bc2e19ea2a49b77e8b07,miracl_hi,miracl/hi,hi,sae,token,0,q32_d128,1.2,0.75,,0.01760266650186873,0.3293830537057355,0.3117803872038668,2.6209263123741042,3,9.999000099990002e-05,0.013998600139986002,10000,False
5f5955a498d69a43cde6d2e0ca785cbafa9a6ab5affd6a05838f0ec2734d9d23,miracl_hi,miracl/hi,hi,sae,token,0,q32_d128,2.4,0.0,,0.01760266650186873,0.32158096798017183,0.30397830147830307,2.205413839515176,2,9.999000099990002e-05,,10000,False
04e4fcf7fc3bfa1545424b7227c9d1cc1ecb3294159cc69e1b0eef23b1a9da58,miracl_hi,miracl/hi,hi,sae,token,0,q32_d128,2.4,0.5,,0.01760266650186873,0.34289868009563174,0.32529601359376303,2.5587571424319964,3,9.999000099990002e-05,,10000,False
0d45496b5029b85fc24c9996cbffef45536817d442f4625c97f5d79ed1ae5b4f,miracl_hi,miracl/hi,hi,sae,token,0,q32_d128,2.4,0.75,,0.01760266650186873,0.34553161414113315,0.3279289476392644,2.6546190090642114,3,9.999000099990002e-05,,10000,False
157a90db51c3c4f0d2f85cc60234fa0d4c195d10cb1d6a7d9f9e272059190b31,miracl_hi,miracl/hi,hi,sae,token,0,q64_d256,1.2,0.75,,0.019430218326806005,0.39750591697840765,0.3780756986516016,2.5166689377566196,3,9.999000099990002e-05,,10000,False
3ee5e0d295603a798749ffb841b9e3b3586a9fee7074d867a38d39bf4231a7d8,miracl_hi,miracl/hi,hi,sae,token,1,q32_d128,1.2,0.75,,0.0186768347641091,0.3077520513449488,0.28907521658083973,2.3814589018312833,3,9.999000099990002e-05,,10000,False
08327450bab0c4c826dc67885b7ae49f9f9ab0494d01aca4461ab645b98296c8,miracl_hi,miracl/hi,hi,sae,token,2,q32_d128,1.2,0.75,,0.018192660845561856,0.32343186607217034,0.30523920522660847,2.316897813772533,3,9.999000099990002e-05,,10000,False
90f4fe0bd44f4ab2c5e75b1a81973a57ae7a644258a6f25d5f0791896cb63f28,miracl_hi,miracl/hi,hi,sae_shared,pooled,0,q32_d128,1.2,0.75,shared_dictionary,0.11243553750943283,0.2608120238075479,0.1483764862981151,2.2988013587686185,3,9.999000099990002e-05,,10000,False
7c0d57a0523244e45a61b1905438bfe637ac770749a4d556c9adf6b178b18ce6,miracl_hi,miracl/hi,hi,sae_shared,token,0,q32_d128,1.2,0.75,shared_dictionary,0.01760266650186873,0.32936695344969563,0.3117642869478269,2.6213544755669083,3,9.999000099990002e-05,,10000,False
98142cb904f24b87d224b5e05295d0dc78ec28367400b99e2eccfa95640230be,miracl_te,miracl/te,te,gaussian,pooled,0,q16_d64,1.2,0.75,,0.0073207805696193845,0.12067259408230911,0.11335181351268973,2.5790455494220743,3,9.999000099990002e-05,,10000,False
07deaf6447f96639f5b1873bc777fb54c3d3af220464017fc79abed9ea6bdb00,miracl_te,miracl/te,te,gaussian,pooled,0,q32_d128,0.6,0.0,,0.005456259131408212,0.1325576980269589,0.1271014388955507,2.5031231129780678,2,9.999000099990002e-05,,10000,False
147589e6f8a5809d3095efcdd7f556d7319e833ff818f7c5de2ae66e7466f566,miracl_te,miracl/te,te,gaussian,pooled,0,q32_d128,0.6,0.5,,0.005456259131408212,0.19444361930957862,0.18898736017817042,2.7373508448173283,3,9.999000099990002e-05,,10000,False
6a0f54fd35e3c312645b3cf53f686dde4410eff923725e545347bd60aec73206,miracl_te,miracl/te,te,gaussian,pooled,0,q32_d128,0.6,0.75,,0.005456259131408212,0.2261855656820664,0.2207293065506582,2.463700994790565,3,9.999000099990002e-05,,10000,False
7668eebb806e43ae927ebbd070c82bb8de77e2c2408b8e722a41c2c2d249c722,miracl_te,miracl/te,te,gaussian,pooled,0,q32_d128,1.2,0.0,,0.005456259131408212,0.09478834595431934,0.08933208682291113,2.6732352726362265,2,9.999000099990002e-05,,10000,False
6c8cec4f8f5e0598832df8d4bc66004c2625ad63e9aaaac6cdf7155ee22aa921,miracl_te,miracl/te,te,gaussian,pooled,0,q32_d128,1.2,0.5,,0.005456259131408212,0.17447642988304207,0.16902017075163386,2.9973037365199504,3,9.999000099990002e-05,,10000,False
2c05f03f1717de76b51e7e7f893ff2aad8d4562327d0edc97fcc83e42a4ef23b,miracl_te,miracl/te,te,gaussian,pooled,0,q32_d128,1.2,0.75,,0.005456259131408212,0.227218651726006,0.2217623925945978,2.3883032241436255,3,9.999000099990002e-05,0.013998600139986002,10000,False
9e353c1cb0203a9223c530fd9d44ed9d777b0d2ed6b829912cf98e8a019e4ac0,miracl_te,miracl/te,te,gaussian,pooled,0,q32_d128,2.4,0.0,,0.005456259131408212,0.06198475120120425,0.056528492069796044,2.71485447506343,2,9.999000099990002e-05,,10000,False
564bea90e85215840c42a440f06116597791431f6e4a36f55c4f68c636b30d5e,miracl_te,miracl/te,te,gaussian,pooled,0,q32_d128,2.4,0.5,,0.005456259131408212,0.1491337432258206,0.1436774840944124,3.130934052595606,3,9.999000099990002e-05,,10000,False
7822064d0fbd2c79fcb4eacba0a023d94be42987a10b6a2129ce9a0ada58f69f,miracl_te,miracl/te,te,gaussian,pooled,0,q32_d128,2.4,0.75,,0.005456259131408212,0.22895807319576322,0.22350181406435501,2.436628617971461,3,9.999000099990002e-05,,10000,False
cff745ab3330cde939be5ef98b368aa17c9a18f9b28ae88ab76e88e575684e8c,miracl_te,miracl/te,te,gaussian,pooled,0,q64_d256,1.2,0.75,,0.0078062333409447465,0.3691792998372484,0.36137306649630363,2.4934362665410545,3,9.999000099990002e-05,,10000,False
8ed6a1fe32275ddd43aca5eb1c708a670e93b67d8a34e369fde8319001ec1a99,miracl_te,miracl/te,te,gaussian,pooled,1,q32_d128,1.2,0.75,,0.012797771872757312,0.23598231520578591,0.2231845433330286,2.371484373453103,3,9.999000099990002e-05,,10000,False
c1e966ce51d33c17563c75271ffc5f10bac8ce2dae54fe4e17594bc4dc038d6f,miracl_te,miracl/te,te,gaussian,pooled,2,q32_d128,1.2,0.75,,0.011829392351506297,0.2854007852953572,0.27357139294385086,2.4530804523738037,3,9.999000099990002e-05,,10000,False
43927f42e3e53bcde8b2839cea111084094874b78d3a30f4dfeae31db280a9f3,miracl_te,miracl/te,te,gaussian,token,0,q16_d64,1.2,0.75,,0.0020163883939303432,0.1390872633395633,0.13707087494563297,2.399043726766518,3,9.999000099990002e-05,,10000,False
be337a6ef2fbf83c4eb26f5f32a3b1caf52bfec608261367ce4b142ce7765f52,miracl_te,miracl/te,te,gaussian,token,0,q32_d128,0.6,0.0,,0.0012821332266242157,0.19914864100304225,0.19786650777641804,1.9679119711496895,2,9.999000099990002e-05,,10000,False
3ad74208fc9ce27aa87fbad0493cf1c014b42f845c1523927d39f0636c56b52d,miracl_te,miracl/te,te,gaussian,token,0,q32_d128,0.6,0.5,,0.0012821332266242157,0.21901347558907608,0.21773134236245187,2.265183205426175,3,9.999000099990002e-05,,10000,False
233818854db526818faf0f521079adcfeea10dead3d56353189f6a8bab61b24d,miracl_te,miracl/te,te,gaussian,token,0,q32_d128,0.6,0.75,,0.0012821332266242157,0.22625624543016273,0.22497411220353852,2.156484594655557,3,9.999000099990002e-05,,10000,False
8eb7fb5a64aba09c754a7bc9d3fa02b6bc10e937ec207440bba959fa2dc31d96,miracl_te,miracl/te,te,gaussian,token,0,q32_d128,1.2,0.0,,0.0012821332266242157,0.18060714366340877,0.17932501043678456,2.274741555609077,2,9.999000099990002e-05,,10000,False
53aaa35db6cb77ab270a4b3a64dbb1dc6c35b326533c62e949448f833deb323c,miracl_te,miracl/te,te,gaussian,token,0,q32_d128,1.2,0.5,,0.0012821332266242157,0.22056434163660274,0.21928220840997853,2.4960793966193995,3,9.999000099990002e-05,,10000,False
94454d0603b2a26db026eee08a578eef6ded2fcdcf18d9061ad903cef5ec0d1f,miracl_te,miracl/te,te,gaussian,token,0,q32_d128,1.2,0.75,,0.0012821332266242157,0.23882073459514125,0.23753860136851704,2.2460356074775256,3,9.999000099990002e-05,0.013998600139986002,10000,False
295c18426961f5b33796e93c8084140e6db658e2c8b8737a8743534e4e240e2b,miracl_te,miracl/te,te,gaussian,token,0,q32_d128,2.4,0.0,,0.0012821332266242157,0.14491711503597188,0.14363498180934767,2.5114487985713456,2,9.999000099990002e-05,,10000,False
627c449a2ac69a3e6be7b06823ce166db586840225dd96b9d5e489deb835d128,miracl_te,miracl/te,te,gaussian,token,0,q32_d128,2.4,0.5,,0.0012821332266242157,0.21679164925971653,0.21550951603309232,2.7450367611409208,3,9.999000099990002e-05,,10000,False
c9d4ab34b77406f5841425b729f893b3ede4553bd1e553829a737f666a599461,miracl_te,miracl/te,te,gaussian,token,0,q32_d128,2.4,0.75,,0.0012821332266242157,0.24852882679600577,0.24724669356938156,2.1812615981655314,3,9.999000099990002e-05,,10000,False
1a7108e6ff7d8cc486abd375fa230c0b3354e7965111d1dc543e21b441d55ee1,miracl_te,miracl/te,te,gaussian,token,0,q64_d256,1.2,0.75,,0.0,0.4058028607081308,0.4058028607081308,2.251521874585736,3,9.999000099990002e-05,,10000,False
5c59a4c68535eedf8d08b40755bf1d6e10a13266b6e387d37719d855852845a4,miracl_te,miracl/te,te,gaussian,token,1,q32_d128,1.2,0.75,,0.0024940095254477146,0.27338858625689166,0.27089457673144396,2.2489497187671104,3,9.999000099990002e-05,,10000,False
ea4d23b5d6f2e11fefa789cca67975c81a0924c9057c4701b35f042ac1cbe3e9,miracl_te,miracl/te,te,gaussian,token,2,q32_d128,1.2,0.75,,0.007591716141417423,0.3076508353929838,0.3000591192515664,2.240112606215181,3,9.999000099990002e-05,,10000,False
736a1a69aa72518c36768cca6e1731a2391a148a80ced7c25d7a568ce4698af9,miracl_te,miracl/te,te,identity,pooled,0,q16_d64,1.2,0.75,,0.0006038647342995169,0.1591328604145614,0.15852899568026188,2.5670920436521962,3,9.999000099990002e-05,,10000,False
b566387b85213ebbb8a305390899106f8cdaa5a5452d33af31ba66c2e0c5767e,miracl_te,miracl/te,te,identity,pooled,0,q32_d128,0.6,0.0,,0.006701380739522138,0.24054240199130678,0.23384102125178463,2.5122955254913335,2,9.999000099990002e-05,,10000,False
cd1c60934852a23277c7afb5117fcab9dc933a4ffba09770b4d0c30d5406e815,miracl_te,miracl/te,te,identity,pooled,0,q32_d128,0.6,0.5,,0.006701380739522138,0.30927647030272104,0.3025750895631989,2.6401123889104214,3,9.999000099990002e-05,,10000,False
4693a25f1fdcc2da0100a0fd425354368074017fb5d88f7e1640bb34f7dc21b4,miracl_te,miracl/te,te,identity,pooled,0,q32_d128,0.6,0.75,,0.006701380739522138,0.344516806721388,0.33781542598186587,2.486576068179278,3,9.999000099990002e-05,,10000,False
41a7f01f668c5eab647f92a840695bdf9a53f7898e25bfa1688ee7df8130e9f8,miracl_te,miracl/te,te,identity,pooled,0,q32_d128,1.2,0.0,,0.006701380739522138,0.18552137078702202,0.17881999004749988,2.691890632589348,2,9.999000099990002e-05,,10000,False
50457e686641d83cf75e4cc797bd6769c82d0f8994fbd2cac24e67e7a0ebc5e8,miracl_te,miracl/te,te,identity,pooled,0,q32_d128,1.2,0.5,,0.006701380739522138,0.2892824560183523,0.28258107527883014,2.910183386039655,3,9.999000099990002e-05,,10000,False
6411bd9f457d0a4c9e754df23dffcc080872d06cdd95f1992c2dce1b87fb4a40,miracl_te,miracl/te,te,identity,pooled,0,q32_d128,1.2,0.75,,0.006701380739522138,0.35016174419623824,0.3434603634567161,2.5431097526307513,3,9.999000099990002e-05,0.013998600139986002,10000,False
7de5e298408c1c4e91826d3e512246ca54f6c64acade8f303939e7492bf82e02,miracl_te,miracl/te,te,identity,pooled,0,q32_d128,2.4,0.0,,0.006701380739522138,0.12402050125277823,0.1173191205132561,2.7508084423118,2,9.999000099990002e-05,,10000,False
96d99c8eaef8aff0e1f718c8eebb2f8be49b85419c87e10d33af3640b3fe6ce9,miracl_te,miracl/te,te,identity,pooled,0,q32_d128,2.4,0.5,,0.006701380739522138,0.2604500224344562,0.25374864169493405,3.1295214324508707,3,9.999000099990002e-05,,10000,False
2ab168c33e3ae85aedaa0f72bae32b15ba1536de5dc0a6abea201032e6330a26,miracl_te,miracl/te,te,identity,pooled,0,q32_d128,2.4,0.75,,0.006701380739522138,0.3457737234683889,0.33907234272886677,2.591824294217425,3,9.999000099990002e-05,,10000,False
2988e91e875ba3aa8a0e2ab0ad8c2338448538e19f535e1a4c6ca2a0ddcef9fc,miracl_te,miracl/te,te,identity,pooled,0,q64_d256,1.2,0.75,,0.011545236627271787,0.47162764016826825,0.46008240354099644,2.515901341516094,3,9.999000099990002e-05,,10000,False
4cf59f18305537f14413446be5f894dd2c86b1e32cc699768fa6d36e77cc5419,miracl_te,miracl/te,te,identity,token,0,q16_d64,1.2,0.75,,0.0,0.19935664527845337,0.19935664527845337,2.4177136215931254,3,9.999000099990002e-05,,10000,False
8cead7996443c6152565cd02b0bd731f410ec7f82e4ad3dfeb7779543a83b5c6,miracl_te,miracl/te,te,identity,token,0,q32_d128,0.6,0.0,,0.00046721353530741744,0.36930456552990143,0.368837351994594,1.975195779548321,2,9.999000099990002e-05,,10000,False
f6f917bc3ab3564cfcff41b3b6f856288e44e11823bc8a6fc88f30e05f0ac05d,miracl_te,miracl/te,te,identity,token,0,q32_d128,0.6,0.5,,0.00046721353530741744,0.3681356804013299,0.36766846686602245,2.107533844736288,3,9.999000099990002e-05,,10000,False
48b7702b5907af30f6523e61c4685ab8cb0a7ed9473ed38b458b23943a253495,miracl_te,miracl/te,te,identity,token,0,q32_d128,0.6,0.75,,0.00046721353530741744,0.3614219714984026,0.3609547579630952,2.08171826495644,3,9.999000099990002e-05,,10000,False
b95aa043ecfa44786784ce9bf3a127d6ea76605e34e31a266867fb84f30c22d2,miracl_te,miracl/te,te,identity,token,0,q32_d128,1.2,0.0,,0.00046721353530741744,0.3622248424002654,0.361757628864958,2.1872360550340804,2,9.999000099990002e-05,,10000,False
1fa90c9b2e602c04909af57a8b2ff63d2a4b9e9ef556186ac3c0784e5c33bcec,miracl_te,miracl/te,te,identity,token,0,q32_d128,1.2,0.5,,0.00046721353530741744,0.38596118421643055,0.3854939706811231,2.307182662582914,3,9.999000099990002e-05,,10000,False
62520e5e8a6429d33212b15d7447baba715769ca0426d59b677b2892d34095f5,miracl_te,miracl/te,te,identity,token,0,q32_d128,1.2,0.75,,0.00046721353530741744,0.38281717863780934,0.3823499651025019,2.2308151706466535,3,9.999000099990002e-05,0.013998600139986002,10000,False
a4ce0afb300965910533e54e378b441f36e14187a62be1f0de14dfc40909b2b9,miracl_te,miracl/te,te,identity,token,0,q32_d128,2.4,0.0,,0.00046721353530741744,0.32642550040503204,0.3259582868697246,2.5382859465508822,2,9.999000099990002e-05,,10000,False
5f0f0f9fedad1db8fd8e03843e58cb768e4a3c2cfff89405c7a8e6ccae5f3696,miracl_te,miracl/te,te,identity,token,0,q32_d128,2.4,0.5,,0.00046721353530741744,0.3950188144804743,0.3945516009451669,2.5172684430934367,3,9.999000099990002e-05,,10000,False
4117d32381d444e90e0c62a7ef87242fa980ac182f5456b0c140f98a94f2317f,miracl_te,miracl/te,te,identity,token,0,q32_d128,2.4,0.75,,0.00046721353530741744,0.40440027617081975,0.4039330626355123,2.3187834531865907,3,9.999000099990002e-05,,10000,False
6d6a1ed768e008f0a322ca81b361c1bd446db6a1eb833099df58ee26f184ef17,miracl_te,miracl/te,te,identity,token,0,q64_d256,1.2,0.75,,0.0007793140258767029,0.5242198256295394,0.5234405116036627,2.3518647955818177,3,9.999000099990002e-05,,10000,False
fa5a564dcf600e924c032d68af24dff2da030cba377b776f74474f35df05b06f,miracl_te,miracl/te,te,kmeans,pooled,0,q16_d64,1.2,0.75,,0.0033570556376194614,0.00370272277081619,0.0003456671331967284,1.291926345268794,2,0.7634236576342366,,10000,False
8317f3a8f21b9e77da30826600d076271be3205cc9161d89007e86971f75b91c,miracl_te,miracl/te,te,kmeans,pooled,0,q32_d128,0.6,0.0,,0.0033570556376194614,0.003675097343552073,0.00031804170593261166,1.1730874911053417,2,0.77992200779922,,10000,False
3a41d7b20054a97e64ebc1a7a38d663df9c7d0caf48d20e325b48281c813ca13,miracl_te,miracl/te,te,kmeans,pooled,0,q32_d128,0.6,0.5,,0.0033570556376194614,0.003675097343552073,0.00031804170593261166,1.1730874911053417,2,0.77992200779922,,10000,False
9f631cc457a6bb762961c2e9ad431b6b3b87f31f1466f1bcc4bcbee069b5aac6,miracl_te,miracl/te,te,kmeans,pooled,0,q32_d128,0.6,0.75,,0.0033570556376194614,0.003675097343552073,0.00031804170593261166,1.1730874911053417,2,0.77992200779922,,10000,False
41321336dbcdf9e7bc14801e84ad81dda1193645143c33e6faef96e286a53aff,miracl_te,miracl/te,te,kmeans,pooled,0,q32_d128,1.2,0.0,,0.0033570556376194614,0.00370272277081619,0.0003456671331967284,1.291926345268794,2,0.7634236576342366,,10000,False
27982648f5265fea79abbca5ce7f6ac26b7481f90b2036c430db98c530c1e0c7,miracl_te,miracl/te,te,kmeans,pooled,0,q32_d128,1.2,0.5,,0.0033570556376194614,0.00370272277081619,0.0003456671331967284,1.291926345268794,2,0.7634236576342366,,10000,False
aa214d790073849189f82d08531507aa45ed29777cfae98a1bd77044a12a942c,miracl_te,miracl/te,te,kmeans,pooled,0,q32_d128,1.2,0.75,,0.0033570556376194614,0.00370272277081619,0.0003456671331967284,1.291926345268794,2,0.7634236576342366,1.0,10000,False
21688e4af6b7fdd2da8bd98fa9ee532396c73a3f41ddff4bcc1746ecc68f7d81,miracl_te,miracl/te,te,kmeans,pooled,0,q32_d128,2.4,0.0,,0.0033570556376194614,0.0038763855883185787,0.0005193299506991173,1.939904223457129,2,0.6411358864113589,,10000,False
cb31662f3685437a7c9e6d6af425a0971000a15113da89c2fbab2eda73ca1dd3,miracl_te,miracl/te,te,kmeans,pooled,0,q32_d128,2.4,0.5,,0.0033570556376194614,0.0038763855883185787,0.0005193299506991173,1.939904223457129,2,0.6411358864113589,,10000,False
f9dec653f662cf16cea90e4e1155f614050517dda7f7a605967adf2d1f14e55c,miracl_te,miracl/te,te,kmeans,pooled,0,q32_d128,2.4,0.75,,0.0033570556376194614,0.0038763855883185787,0.0005193299506991173,1.939904223457129,2,0.6411358864113589,,10000,False
e9f21f794bde03b13e233261176cddb41a5d5f18e0999e698706dc9c8664f243,miracl_te,miracl/te,te,kmeans,pooled,0,q64_d256,1.2,0.75,,0.0033570556376194614,0.00370272277081619,0.0003456671331967284,1.291926345268794,2,0.7634236576342366,,10000,False
57bb50c07aefbd67db11195b1b38ad517c3a686ecf398710c84d0e853c980abc,miracl_te,miracl/te,te,kmeans,pooled,1,q32_d128,1.2,0.75,,0.009224142275605838,0.0083986053046245,-0.0008255369709813387,-1.5487456893040588,2,0.6000399960003999,,10000,False
dfffff8d2e98b79f501573c39b6110209a3c89deb629bc7a196423f061894deb,miracl_te,miracl/te,te,kmeans,pooled,2,q32_d128,1.2,0.75,,0.009130157097938548,0.009526056340103534,0.0003958992421649859,2.097123807736509,2,0.6894310568943106,,10000,False
91d393879d432724836b67f81112b5d904548d41ed13b42b7d994e6c576a7bfc,miracl_te,miracl/te,te,kmeans,token,0,q16_d64,1.2,0.75,,0.021236425907645205,0.10585349025254152,0.08461706434489633,1.90863559114704,3,9.999000099990002e-05,,10000,False
5bcac87aea77fda43b5a50486070ae88899ae81d89f46baeb7d76c594d0edf41,miracl_te,miracl/te,te,kmeans,token,0,q32_d128,0.6,0.0,,0.021087296303353115,0.2192401118228165,0.19815281551946337,2.0458045429046225,2,9.999000099990002e-05,,10000,False
7391f384439766dc6aa5811d32c594053f52e8ffab2750475e0102c309e79a26,miracl_te,miracl/te,te,kmeans,token,0,q32_d128,0.6,0.5,,0.021087296303353115,0.2103202556295575,0.18923295932620438,2.025948775858138,3,9.999000099990002e-05,,10000,False
a81a8e8d120f19a08b52a3ee7315c3b472f2947f9b73e7971eb5bfb51bf79c3a,miracl_te,miracl/te,te,kmeans,token,0,q32_d128,0.6,0.75,,0.021087296303353115,0.18580986107719805,0.16472256477384492,1.8316792227125427,3,9.999000099990002e-05,,10000,False
d1d6a88dc2b4c7374eb909e37720f5e63f639d5d71fc6364e5437b3d61243227,miracl_te,miracl/te,te,kmeans,token,0,q32_d128,1.2,0.0,,0.021087296303353115,0.1861617445367663,0.16507444823341316,2.1667422249215926,2,9.999000099990002e-05,,10000,False
8c9706e37df0cdf87b3b987b2eeccc91b6194dc20b68ca18a5b323d92c00b68d,miracl_te,miracl/te,te,kmeans,token,0,q32_d128,1.2,0.5,,0.021087296303353115,0.18903310248350985,0.16794580618015673,2.1880408426940905,3,9.999000099990002e-05,,10000,False
7472d6896b9532048647ffbee0ff7486d225571c571ead2e36a9753df5666dc1,miracl_te,miracl/te,te,kmeans,token,0,q32_d128,1.2,0.75,,0.021087296303353115,0.15999055819359978,0.13890326189024665,1.9053988558820416,3,9.999000099990002e-05,0.013998600139986002,10000,False
d14ee71805c82d68c88b1b96cfc05084c1de7cc98c15b471c8ce1aa09fed993a,miracl_te,miracl/te,te,kmeans,token,0,q32_d128,2.4,0.0,,0.021087296303353115,0.13798977319203826,0.11690247688868514,2.2244956463117744,2,9.999000099990002e-05,,10000,False
3c48fd27bf0282e22f831da172ad1e3024b266d7fd2ffdca085a050e42027cac,miracl_te,miracl/te,te,kmeans,token,0,q32_d128,2.4,0.5,,0.021087296303353115,0.1585955865403244,0.13750829023697128,2.3519787173597066,3,9.999000099990002e-05,,10000,False
7fc9d4c1e81aaae139ab78c1dd7bf983b00645d856c520deae59519e371ec31e,miracl_te,miracl/te,te,kmeans,token,0,q32_d128,2.4,0.75,,0.021087296303353115,0.13192456170746436,0.11083726540411125,2.0788437667592894,3,9.999000099990002e-05,,10000,False
e0d2b9dc31ecbdc8ff00c2085f4b788c5e719cc1994f5a0f5e10bb08d22b2898,miracl_te,miracl/te,te,kmeans,token,0,q64_d256,1.2,0.75,,0.02115961316845724,0.17190216126478208,0.15074254809632484,2.073876643817091,3,9.999000099990002e-05,,10000,False
21b3ba4e3f4c5df60076064624963ae5591fb51ecc0041c89b3d31ea884a98d4,miracl_te,miracl/te,te,kmeans,token,1,q32_d128,1.2,0.75,,0.01874144419145148,0.15317781122144486,0.13443636702999337,1.8290828490802342,3,9.999000099990002e-05,,10000,False
e935c6af6e28c840a387ff9581363cb2c638d16ad6e657aa6fbf335d690376f2,miracl_te,miracl/te,te,kmeans,token,2,q32_d128,1.2,0.75,,0.02337474129809761,0.14090474328165872,0.11753000198356112,1.8164567811405834,3,9.999000099990002e-05,,10000,False
0c19917add1668aa2d296d5f144f3ff02f25d017ccbf22befaf577af51a02748,miracl_te,miracl/te,te,pca,pooled,0,q16_d64,1.2,0.75,,0.009655523750068009,0.18054904068274458,0.17089351693267657,3.048637300422199,3,9.999000099990002e-05,,10000,False
75ca592d83c1eea6f5844ccd22ae5bf09b0396c14af8be40bbf61bf9278c4fe4,miracl_te,miracl/te,te,pca,pooled,0,q32_d128,0.6,0.0,,0.01781529098592343,0.2768857912959284,0.25907050031000495,2.3330598821622965,2,9.999000099990002e-05,,10000,False
8fb16faf7e906d8aee6c85dfcf098d86ec6cd6cc174aaa82cd9b56f98d329b8e,miracl_te,miracl/te,te,pca,pooled,0,q32_d128,0.6,0.5,,0.01781529098592343,0.31329506546611696,0.2954797744801935,2.624971961247033,3,9.999000099990002e-05,,10000,False
cfba7191d9a39772a890b84f8b75cb08bdba975e4fbd9f57b70119332e4e90e5,miracl_te,miracl/te,te,pca,pooled,0,q32_d128,0.6,0.75,,0.01781529098592343,0.3341158458701624,0.31630055488423897,2.8011498899602945,3,9.999000099990002e-05,,10000,False
da882fe19bb12cd8175f45391d290f020e274d85e044ebcb0b11d090ec9bc876,miracl_te,miracl/te,te,pca,pooled,0,q32_d128,1.2,0.0,,0.01781529098592343,0.2286577755008889,0.21084248451496546,2.36360162673314,2,9.999000099990002e-05,,10000,False
15604975004e69be912e32c3d0c91bb53d81a85eeb731d163eeb15f77a9bd01d,miracl_te,miracl/te,te,pca,pooled,0,q32_d128,1.2,0.5,,0.01781529098592343,0.28623078129728563,0.2684154903113622,2.795498049064169,3,9.999000099990002e-05,,10000,False
6c86ab1e13b5d8972b1b6d43edb3389a0667ddcb0a8a5dbbd3d2d52a9a008d6e,miracl_te,miracl/te,te,pca,pooled,0,q32_d128,1.2,0.75,,0.01781529098592343,0.3158801308567032,0.29806483987077975,2.9601807089057495,3,9.999000099990002e-05,0.013998600139986002,10000,False
a80554c4b719efa6c4754f9d499d69f02ef5fe1983402fcd183bdbaf23067d94,miracl_te,miracl/te,te,pca,pooled,0,q32_d128,2.4,0.0,,0.01781529098592343,0.17001091362031945,0.152195622634396,2.435840374781127,2,9.999000099990002e-05,,10000,False
b86ab175e8602c84a14d13ec6c1e1f503e98fedd10db15ec04e9cb0e8a8df862,miracl_te,miracl/te,te,pca,pooled,0,q32_d128,2.4,0.5,,0.01781529098592343,0.2480024660457072,0.23018717505978376,3.011430918039626,3,9.999000099990002e-05,,10000,False
c5f78c73e2ba0520ed4985ad9235a257deb89f04a02758ab8189928586e4b1fc,miracl_te,miracl/te,te,pca,pooled,0,q32_d128,2.4,0.75,,0.01781529098592343,0.2888596245170588,0.2710443335311354,3.1474722889895976,3,9.999000099990002e-05,,10000,False
b86ad6056382364305cb5cdfbe1eeac561eba1cfe4f1733c3b74600a0513ac40,miracl_te,miracl/te,te,pca,pooled,0,q64_d256,1.2,0.75,,0.02513150433204763,0.37362488487732326,0.3484933805452756,2.8179739532278347,3,9.999000099990002e-05,,10000,False
c65ecbdaa9e8bc5af9ab73d67fbbae56cebc2d6ac3f91c062a275ebb2e1592f1,miracl_te,miracl/te,te,pca,token,0,q16_d64,1.2,0.75,,0.006870681126547766,0.34544155638786606,0.3385708752613183,2.201294563911588,3,9.999000099990002e-05,,10000,False
33dbe9e825422814a98c5fcbc1c282954416be9cdab1cd505bc4051aee5ddb3d,miracl_te,miracl/te,te,pca,token,0,q32_d128,0.6,0.0,,0.017892371196402676,0.5544590348948943,0.5365666636984917,2.0820846605312773,2,9.999000099990002e-05,,10000,False
140593a9d09bf2c42064585ab30a88551f4b11f353eb84e0fb9b9a8f2cc6da8f,miracl_te,miracl/te,te,pca,token,0,q32_d128,0.6,0.5,,0.017892371196402676,0.5408821550997064,0.5229897839033038,2.2653107054641484,3,9.999000099990002e-05,,10000,False
1158352ac28ce7bf71bc055e5951a55c25c4ba12887f1f46a417aa66bce6721a,miracl_te,miracl/te,te,pca,token,0,q32_d128,0.6,0.75,,0.017892371196402676,0.5294783758285162,0.5115860046321136,2.338451112144756,3,9.999000099990002e-05,,10000,False
89eb50c07137e5716d6685736e861f5281994afff3c034bb2196a0b4ad51a1bd,miracl_te,miracl/te,te,pca,token,0,q32_d128,1.2,0.0,,0.017892371196402676,0.5693166980360107,0.5514243268396081,2.0926307455397244,2,9.999000099990002e-05,,10000,False
eaeffe581b07ed85e96729d0231601944c8e999f139e1d0fd0d7d0b63fc5dc6d,miracl_te,miracl/te,te,pca,token,0,q32_d128,1.2,0.5,,0.017892371196402676,0.5583252514721837,0.5404328802757811,2.284795373271205,3,9.999000099990002e-05,,10000,False
26007cf6ff2eaa5fd94f231d286f0f7baeeac4effa74f63472b3a2961c5ba098,miracl_te,miracl/te,te,pca,token,0,q32_d128,1.2,0.75,,0.017892371196402676,0.5463950826559797,0.5285027114595771,2.3726447517779383,3,9.999000099990002e-05,0.013998600139986002,10000,False
422c578a26644e24fb958569609b6864719a86477587dc12574abcbe393d8553,miracl_te,miracl/te,te,pca,token,0,q32_d128,2.4,0.0,,0.017892371196402676,0.5840301035064979,0.5661377323100952,2.156787738464519,2,9.999000099990002e-05,,10000,False
b05bd0080188100fffbd5aefd4f17f6ee6065c14c9fafe4ee27bd8f2c2fcca8e,miracl_te,miracl/te,te,pca,token,0,q32_d128,2.4,0.5,,0.017892371196402676,0.580237401981019,0.5623450307846164,2.343692918883423,3,9.999000099990002e-05,,10000,False
7f08e22b6267693556a342deac531f203cd544fd5b03cb058bafe6eae9ae31af,miracl_te,miracl/te,te,pca,token,0,q32_d128,2.4,0.75,,0.017892371196402676,0.5666074356954585,0.5487150644990558,2.4347863171273443,3,9.999000099990002e-05,,10000,False
13b06c297b018141b6025e3fbc52bb6109076f175be4d21790bad08945685139,miracl_te,miracl/te,te,pca,token,0,q64_d256,1.2,0.75,,0.031488540598643165,0.651101787647024,0.6196132470483808,2.366990192544795,3,9.999000099990002e-05,,10000,False
7047116443913c222754166878377e02cf8ddfc647f71035d77fc36a7746afd9,miracl_te,miracl/te,te,pq,pooled,0,q16_d64,1.2,0.75,,0.0015887256966011219,0.0040378552267965,0.002449129530195378,2.0,1,0.05699430056994301,,10000,False
fc0316f8d0f117db311d83eeac2ffa5c3b2d60b4fb8a9b675fc208b7541f7590,miracl_te,miracl/te,te,pq,pooled,0,q32_d128,0.6,0.0,,0.0015887256966011219,0.0040378552267965,0.002449129530195378,2.0,1,0.05699430056994301,,10000,False
a00bcefe904dfffde443b025de8b444d225bff12e3d0b752f653da7d8afa87b1,miracl_te,miracl/te,te,pq,pooled,0,q32_d128,0.6,0.5,,0.0015887256966011219,0.0040378552267965,0.002449129530195378,2.0,1,0.05699430056994301,,10000,False
8ae02e3c95dfc03e2547d0d15e1e037df939cfb02e776f500b3be2cc21a99b09,miracl_te,miracl/te,te,pq,pooled,0,q32_d128,0.6,0.75,,0.0015887256966011219,0.0040378552267965,0.002449129530195378,2.0,1,0.05699430056994301,,10000,False
320348a7a2ec6464fc10640fc0aa7368854fbe8356ba8dc5b39c1fbe4e0c31ea,miracl_te,miracl/te,te,pq,pooled,0,q32_d128,1.2,0.0,,0.0015887256966011219,0.0040378552267965,0.002449129530195378,2.0,1,0.05699430056994301,,10000,False
65f574724e78305a08ec1560ede89ee27c3fa12ba3706a91c410dbe2bc46b7ea,miracl_te,miracl/te,te,pq,pooled,0,q32_d128,1.2,0.5,,0.0015887256966011219,0.0040378552267965,0.002449129530195378,2.0,1,0.05699430056994301,,10000,False
7cfb43c27bf7c8d1d19a9ce2d4f257f4e316b2355ad8c0d07fb2ad76bfa5db82,miracl_te,miracl/te,te,pq,pooled,0,q32_d128,1.2,0.75,,0.0015887256966011219,0.0040378552267965,0.002449129530195378,2.0,1,0.05699430056994301,1.0,10000,False
134bd124571e343f9ad9404c764fbfbbda10ee41ae29357998ee5172a749a617,miracl_te,miracl/te,te,pq,pooled,0,q32_d128,2.4,0.0,,0.0015887256966011219,0.0040378552267965,0.002449129530195378,2.0,1,0.05699430056994301,,10000,False
6971cf6be6b32e948a12f512709b54c4fbe77a2f85c31e7db3824099a65b3fa3,miracl_te,miracl/te,te,pq,pooled,0,q32_d128,2.4,0.5,,0.0015887256966011219,0.0040378552267965,0.002449129530195378,2.0,1,0.05699430056994301,,10000,False
5bce4d52aa4becb69c034ae4c1e9b8329ff3ba66767d10b4659dbb398904cfca,miracl_te,miracl/te,te,pq,pooled,0,q32_d128,2.4,0.75,,0.0015887256966011219,0.0040378552267965,0.002449129530195378,2.0,1,0.05699430056994301,,10000,False
213758077a5eef86bbc14f9ed7fc61a115eb7d3fc4e9491574a02f0730a869f3,miracl_te,miracl/te,te,pq,pooled,0,q64_d256,1.2,0.75,,0.0015887256966011219,0.0040378552267965,0.002449129530195378,2.0,1,0.05699430056994301,,10000,False
8f6471ceac791c8a20013850c5c856c167b6909268c04e4dacaf701f69689304,miracl_te,miracl/te,te,pq,pooled,1,q32_d128,1.2,0.75,,0.0041299388365167835,0.005669836382953485,0.0015398975464367016,2.0,1,0.29727027297270275,,10000,False
c2a0f48e37d68d9577276f467c061fd1b0b281502f91fd2c41dcf25b83e2dd92,miracl_te,miracl/te,te,pq,pooled,2,q32_d128,1.2,0.75,,0.0026823968303784137,0.0034219001610305954,0.0007395033306521817,2.0,1,0.36936306369363064,,10000,False
ca7bc1b66faf13cf9a33056f68240c1d2f9fa4f0219f3a39a11acbf2f9602c55,miracl_te,miracl/te,te,pq,token,0,q16_d64,1.2,0.75,,0.01269392643385631,0.10423105894034976,0.09153713250649345,1.6834532153805015,3,9.999000099990002e-05,,10000,False
f2a2c7a18cdb61c4004b7fedd292a6c9ee5d09d63fec81dc11f45c2c4331c7e8,miracl_te,miracl/te,te,pq,token,0,q32_d128,0.6,0.0,,0.01563501723732688,0.2761029928871926,0.2604679756498657,1.9820000573759275,2,9.999000099990002e-05,,10000,False
d48d24343ce396ae128c4b673233529672673dbe68e3a8102efa7dd37300458c,miracl_te,miracl/te,te,pq,token,0,q32_d128,0.6,0.5,,0.01563501723732688,0.2609935766750886,0.24535855943776172,2.091599117370196,3,9.999000099990002e-05,,10000,False
b2f948252348c32a481310ab74c9e9b1cc7e679e142383649233a940aae904a0,miracl_te,miracl/te,te,pq,token,0,q32_d128,0.6,0.75,,0.01563501723732688,0.2321932541995563,0.21655823696222942,1.879206413009293,3,9.999000099990002e-05,,10000,False
78957a51aa400963779e0e90d55a967c3ab4e241f3c40cda7093fce8dca325c4,miracl_te,miracl/te,te,pq,token,0,q32_d128,1.2,0.0,,0.01563501723732688,0.2608803054268476,0.2452452881895207,2.012224115530543,2,9.999000099990002e-05,,10000,False
cb6c70416bef62ef514a59d14671b5e98b1b9c5fd84776ea7392290b15bf9f61,miracl_te,miracl/te,te,pq,token,0,q32_d128,1.2,0.5,,0.01563501723732688,0.2701844350146447,0.25454941777731777,2.2083625835031335,3,9.999000099990002e-05,,10000,False
4b64e505a6751a31240f87baee1356aa6942e1590f55c7e2a4b1ca509d7e71f7,miracl_te,miracl/te,te,pq,token,0,q32_d128,1.2,0.75,,0.01563501723732688,0.22615124220779845,0.21051622497047157,1.924255971480379,3,9.999000099990002e-05,0.013998600139986002,10000,False
d362ea3e51d54462ee91a478c91a6b2d000a4e9f823a8747d9fad64cc591b711,miracl_te,miracl/te,te,pq,token,0,q32_d128,2.4,0.0,,0.01563501723732688,0.22843503868040854,0.21280002144308166,2.0736242260247275,2,9.999000099990002e-05,,10000,False
86b71c3d08786c7eb7c5c1bf1f9f61c49684c4199100f9674e1370d40c5e3587,miracl_te,miracl/te,te,pq,token,0,q32_d128,2.4,0.5,,0.01563501723732688,0.26311592994689476,0.24748091270956787,2.3758564683093097,3,9.999000099990002e-05,,10000,False
49ac8428860a8dfe3e7683ab9139e25f4f2f4b442d24a8ecc11bb21810f263ea,miracl_te,miracl/te,te,pq,token,0,q32_d128,2.4,0.75,,0.01563501723732688,0.20031714012227425,0.18468212288494737,1.972248184680218,3,9.999000099990002e-05,,10000,False
f3b03d5d293b2f04e4d428c009cd213fa504a968e8f36eb579eae5885f195b7f,miracl_te,miracl/te,te,pq,token,0,q64_d256,1.2,0.75,,0.01517337341025404,0.3253411111226608,0.31016773771240674,2.2189204423013296,3,9.999000099990002e-05,,10000,False
219d797968c93ec5e9e42e84ca81bc395f945a11b79873e666efad64c1f23abb,miracl_te,miracl/te,te,pq,token,1,q32_d128,1.2,0.75,,0.012312272972445389,0.20813198023758003,0.19581970726513465,1.8078967314233105,3,9.999000099990002e-05,,10000,False
98f06dd7b851d53e7a3c7929db8e8993a451821f3f77ef7d3e6126937db3514f,miracl_te,miracl/te,te,pq,token,2,q32_d128,1.2,0.75,,0.013824333517097429,0.20175259373465845,0.18792826021756104,1.8037848314190361,3,9.999000099990002e-05,,10000,False
6a2c15a72e8c99f234f7b566bac34bf9ef36408450b5556e2371d29306c84880,miracl_te,miracl/te,te,rq,pooled,0,q16_d64,1.2,0.75,,0.019406439236800705,0.029464610476664953,0.010058171239864248,2.0,1,0.005699430056994301,,10000,False
3896a1c0d15294787dcfffb9f8807a997dd19f0bc81330db04e67dbb7cdf0c59,miracl_te,miracl/te,te,rq,pooled,0,q32_d128,0.6,0.0,,0.019406439236800705,0.029464610476664953,0.010058171239864248,2.0,1,0.005699430056994301,,10000,False
ba4a5fc8fd93fa9273425a465a3c182006857c371142df924e1dec6e6af2affc,miracl_te,miracl/te,te,rq,pooled,0,q32_d128,0.6,0.5,,0.019406439236800705,0.029464610476664953,0.010058171239864248,2.0,1,0.005699430056994301,,10000,False
65ad6e05f05d0cdc69a9974b1666c1388ec0b14bcb1a96638d87bc0141f51047,miracl_te,miracl/te,te,rq,pooled,0,q32_d128,0.6,0.75,,0.019406439236800705,0.029464610476664953,0.010058171239864248,2.0,1,0.005699430056994301,,10000,False
3b5346c0a03accf6b66f2baca88b5d2cf301a6516a32afc0b29eca1d5f36059a,miracl_te,miracl/te,te,rq,pooled,0,q32_d128,1.2,0.0,,0.019406439236800705,0.029464610476664953,0.010058171239864248,2.0,1,0.005699430056994301,,10000,False
730f4961f96096beddc76643f20cce1c39878225502a61299212c107ac222c85,miracl_te,miracl/te,te,rq,pooled,0,q32_d128,1.2,0.5,,0.019406439236800705,0.029464610476664953,0.010058171239864248,2.0,1,0.005699430056994301,,10000,False
34582c1cba408524895c7a807103425d64f81e731e6a2b169ed0d6b5a1ac4c48,miracl_te,miracl/te,te,rq,pooled,0,q32_d128,1.2,0.75,,0.019406439236800705,0.029464610476664953,0.010058171239864248,2.0,1,0.005699430056994301,0.22227777222277773,10000,False
b9a0230f57999525e6912468024d71ff7d4d5a93347fd699b451d26d1e440eb1,miracl_te,miracl/te,te,rq,pooled,0,q32_d128,2.4,0.0,,0.019406439236800705,0.029464610476664953,0.010058171239864248,2.0,1,0.005699430056994301,,10000,False
8bb1bcde369b939de0a8ee6e00b45aeeddc056f8568dc800b7046f48864be6d7,miracl_te,miracl/te,te,rq,pooled,0,q32_d128,2.4,0.5,,0.019406439236800705,0.029464610476664953,0.010058171239864248,2.0,1,0.005699430056994301,,10000,False
fe7b67f55c935b2a5c6ef8dbb22993f0dac51c99b13fd410d7dc9ade133a81db,miracl_te,miracl/te,te,rq,pooled,0,q32_d128,2.4,0.75,,0.019406439236800705,0.029464610476664953,0.010058171239864248,2.0,1,0.005699430056994301,,10000,False
3d4b141e0b1e2c23af3ab58b7e03ec2817173270ab3bb1fb531851331e91c1ef,miracl_te,miracl/te,te,rq,pooled,0,q64_d256,1.2,0.75,,0.019406439236800705,0.029464610476664953,0.010058171239864248,2.0,1,0.005699430056994301,,10000,False
1c52982ce7347a1cde9dcb4615581daa603dbb6906b6ddb6dc86b287ab423dcf,miracl_te,miracl/te,te,rq,pooled,1,q32_d128,1.2,0.75,,0.009633837099497408,0.017167381198314523,0.007533544098817116,2.0,1,0.0035996400359964,,10000,False
e46c13a1c4d288446aef76d5e55640304a7c08b1c7bdc29ce24ffcb1201ce447,miracl_te,miracl/te,te,rq,pooled,2,q32_d128,1.2,0.75,,0.008013773549372393,0.017995005084742333,0.00998123153536994,2.0,1,0.0014998500149985001,,10000,False
4a5fd7528263c190971fede72f1c1f6538cc0b38198b863519676440317455ec,miracl_te,miracl/te,te,rq,token,0,q16_d64,1.2,0.75,,0.03923167805866812,0.33516374310663455,0.29593206504796643,2.105955399971523,3,9.999000099990002e-05,,10000,False
f46030f659834318a8736f141836e48bddd154a7c0203a5f58c48e2509195cba,miracl_te,miracl/te,te,rq,token,0,q32_d128,0.6,0.0,,0.04139062235855133,0.48541088010270567,0.4440202577441543,2.036022626881319,2,9.999000099990002e-05,,10000,False
97afcb223a6c500c2df7eb9e2f81ef20e3d1f987637132b0b13be5fa4cf3b839,miracl_te,miracl/te,te,rq,token,0,q32_d128,0.6,0.5,,0.04139062235855133,0.4760816682177023,0.43469104585915097,2.267695273343916,3,9.999000099990002e-05,,10000,False
a53b157759f588fbdbc2e85633be352a81bcbe304db2032cf9a6c3fd4e9dcec4,miracl_te,miracl/te,te,rq,token,0,q32_d128,0.6,0.75,,0.04139062235855133,0.4436001818687629,0.40220955951021153,2.1154911043626203,3,9.999000099990002e-05,,10000,False
982b8175bcc503bd664cbabdfff52c8e50024d25d9edcef3fd7805e43500a581,miracl_te,miracl/te,te,rq,token,0,q32_d128,1.2,0.0,,0.04139062235855133,0.48109522083893796,0.4397045984803866,2.0767241997539823,2,9.999000099990002e-05,,10000,False
5347bdad1672bd269b924470b4fe3837d90003be39aa48d1add67ce36f5725c0,miracl_te,miracl/te,te,rq,token,0,q32_d128,1.2,0.5,,0.04139062235855133,0.47487208996349606,0.4334814676049447,2.2989113453131846,3,9.999000099990002e-05,,10000,False
b8b7f0c877d5302b62b205985f3bc7c4bc4415208d865fecb637146a1657a12e,miracl_te,miracl/te,te,rq,token,0,q32_d128,1.2,0.75,,0.04139062235855133,0.4339284834067949,0.39253786104824356,2.1257817333502507,3,9.999000099990002e-05,0.013998600139986002,10000,False
b8f59836835b251fb0c6f1f11e38ec0734b2a65aa5fa99f6780c0723a24c5e5f,miracl_te,miracl/te,te,rq,token,0,q32_d128,2.4,0.0,,0.04139062235855133,0.4549044755883678,0.41351385322981643,2.122426083015486,2,9.999000099990002e-05,,10000,False
f045b50e8b11c786a3a84a874337564c0e4b52cef8f8d12dd45243b0c76c69b0,miracl_te,miracl/te,te,rq,token,0,q32_d128,2.4,0.5,,0.04139062235855133,0.4549254283950011,0.41353480603644976,2.3522836691697626,3,9.999000099990002e-05,,10000,False
b5f61f242eac651f9174c44854361aa5180dfe2c662ff62fbafa64d7b50a9720,miracl_te,miracl/te,te,rq,token,0,q32_d128,2.4,0.75,,0.04139062235855133,0.4071616361013558,0.36577101374280446,2.1398611094862643,3,9.999000099990002e-05,,10000,False
c8110d8afba647e8cb49dfcea3926d1ba8d869d118f8d1e8725f3066c77de281,miracl_te,miracl/te,te,rq,token,0,q64_d256,1.2,0.75,,0.03945447453915067,0.4727373449454774,0.43328287040632674,2.2006433443389017,3,9.999000099990002e-05,,10000,False
0d6041ad63181f838660c3ae06672ab37edf1833871aa2a8d27c1ab87bc1df12,miracl_te,miracl/te,te,rq,token,1,q32_d128,1.2,0.75,,0.03909095985243878,0.4201949424287348,0.381103982576296,2.150760539928246,3,9.999000099990002e-05,,10000,False
e98b137530fa214e6656639131f18db4907c510462d2a8e20dc8a9decfc42071,miracl_te,miracl/te,te,rq,token,2,q32_d128,1.2,0.75,,0.03443786053685957,0.4080090179031161,0.37357115736625657,2.098644667907542,3,9.999000099990002e-05,,10000,False
4ef52ac017c39a6926ebd8ef2c3241f8fa86cf686675bdb850d46ca3a81db95d,miracl_te,miracl/te,te,sae,pooled,0,q16_d64,1.2,0.75,,0.0482052580782583,0.09768266806536362,0.049477409987105314,2.7964196944924473,3,9.999000099990002e-05,,10000,False
cc019019d0dffa00b8830f2f133189a90fa80eb053f422fac7bb437a60eee664,miracl_te,miracl/te,te,sae,pooled,0,q32_d128,0.6,0.0,,0.06414968706176981,0.11154794744187961,0.0473982603801098,1.9572626418415067,2,9.999000099990002e-05,,10000,False
7703e159d82967e0e5c80b3e2b328f3667256a1c896770fa0bea17247a56a42c,miracl_te,miracl/te,te,sae,pooled,0,q32_d128,0.6,0.5,,0.06414968706176981,0.1243927799952251,0.0602430929334553,2.653255905406318,3,9.999000099990002e-05,,10000,False
115cd9a33c54dce0228c95ccfb4c8766f5ef56b4dc5ce30c53026eea68a5c1ff,miracl_te,miracl/te,te,sae,pooled,0,q32_d128,0.6,0.75,,0.06414968706176981,0.1305566775377261,0.06640699047595629,2.5807512853943253,3,9.999000099990002e-05,,10000,False
25725fbd36f2a76d563eaa791279f3cdcf28159c8ebfb7c13bf8c485d3d1f2d3,miracl_te,miracl/te,te,sae,pooled,0,q32_d128,1.2,0.0,,0.06414968706176981,0.09939895636022995,0.035249269298460145,2.0132650689951817,2,9.999000099990002e-05,,10000,False
4c3b7e0f9709318053cab21435ff300972f102d634a119ee410abe28d96b25f4,miracl_te,miracl/te,te,sae,pooled,0,q32_d128,1.2,0.5,,0.06414968706176981,0.11928007007170179,0.05513038300993198,2.7837495714411706,3,9.999000099990002e-05,,10000,False
fd7fcbac6ac53a99541c2fa946eff9f008bd6d4d9d2c34c4c7913dfdd5e4f5ac,miracl_te,miracl/te,te,sae,pooled,0,q32_d128,1.2,0.75,,0.06414968706176981,0.12681117878264553,0.06266149172087572,2.5539273516328334,3,9.999000099990002e-05,0.013998600139986002,10000,False
c13d0553f058957739841f4ff50e57cf99df9d7f614f0a6e94f0f600d7f2371e,miracl_te,miracl/te,te,sae,pooled,0,q32_d128,2.4,0.0,,0.06414968706176981,0.0898572291553869,0.025707542093617086,2.2668634585229017,2,9.999000099990002e-05,,10000,False
2bc66f4a6bc68006f63d8218e8c9690598175cc0df2d6e8af2af8b8153d3f878,miracl_te,miracl/te,te,sae,pooled,0,q32_d128,2.4,0.5,,0.06414968706176981,0.1125754321961905,0.04842574513442069,2.70893905946277,3,9.999000099990002e-05,,10000,False
717120ac936a1f537dca06773729ae20d9478f6fe0566bb091ee49146cf887ed,miracl_te,miracl/te,te,sae,pooled,0,q32_d128,2.4,0.75,,0.06414968706176981,0.12442119711063429,0.06027151004886448,2.430904159737349,3,9.999000099990002e-05,,10000,False
33f0ea76a0afb4b88daeb4010d82fce51978d5df60289c670e0f5894abb7a911,miracl_te,miracl/te,te,sae,pooled,0,q64_d256,1.2,0.75,,0.06414968706176981,0.12681117878264553,0.06266149172087572,2.5539273516328334,3,9.999000099990002e-05,,10000,False
5629b0cbe2d30381f06c6db64696e21f4eb1fe753a03c983fb8c3f9086b5890f,miracl_te,miracl/te,te,sae,pooled,1,q32_d128,1.2,0.75,,0.06088053356593884,0.1266264501094305,0.06574591654349166,2.4860854599072875,3,9.999000099990002e-05,,10000,False
cffe637d7709d5e10a9637bbdf7275faaafe5b39e71c582bb9fae3315a76f281,miracl_te,miracl/te,te,sae,pooled,2,q32_d128,1.2,0.75,,0.06981096563362013,0.15081320123335026,0.08100223559973013,2.2942036629126683,3,9.999000099990002e-05,,10000,False
66b7d13f6c704d14238c77880830284fbc3092ee68091dda17a10cae3f2f60c9,miracl_te,miracl/te,te,sae,token,0,q16_d64,1.2,0.75,,0.053647463405644996,0.4590456662248515,0.40539820281920647,2.440289975476266,3,9.999000099990002e-05,,10000,False
0067479ab525af077a65ea6a5b27da0eb91540df5cc60963fb246458e11d2738,miracl_te,miracl/te,te,sae,token,0,q32_d128,0.6,0.0,,0.0518427660014808,0.5824015482821258,0.530558782280645,2.0268645333163215,2,9.999000099990002e-05,,10000,False
9bbee74d6126e58f633d8b08db6c151a9c646ccbd9909912cb9e0527d5ab2a80,miracl_te,miracl/te,te,sae,token,0,q32_d128,0.6,0.5,,0.0518427660014808,0.5766613841132694,0.5248186181117886,2.382015089656597,3,9.999000099990002e-05,,10000,False
1019bce62f6aea70d1764b1f17fa9293de5c58f2f4e6c2f92c4a5e2f3a3bdf72,miracl_te,miracl/te,te,sae,token,0,q32_d128,0.6,0.75,,0.0518427660014808,0.5725088655874785,0.5206660995859977,2.4373195763853848,3,9.999000099990002e-05,,10000,False
99d5b2488e0f426db0b65173162e631694eb1eb21a6ac1cddaea6e86c6248c48,miracl_te,miracl/te,te,sae,token,0,q32_d128,1.2,0.0,,0.0518427660014808,0.5993549095076046,0.5475121435061239,2.0293652001185447,2,9.999000099990002e-05,,10000,False
66e5ea4cfb661a066c495ea5325771b07e8384a188285ef8661dac5d53918790,miracl_te,miracl/te,te,sae,token,0,q32_d128,1.2,0.5,,0.0518427660014808,0.587094158034278,0.5352513920327973,2.3606326247994343,3,9.999000099990002e-05,,10000,False
328675214c6b586a4393eb07dbb4a3183d938414dcd6d0db6c6129d6d6474583,miracl_te,miracl/te,te,sae,token,0,q32_d128,1.2,0.75,,0.0518427660014808,0.5822684044648819,0.5304256384634012,2.4201781235429904,3,9.999000099990002e-05,0.013998600139986002,10000,False
71b0629927a93aba9225af364817caef826d255a2cb3a27d796437748d9bed5a,miracl_te,miracl/te,te,sae,token,0,q32_d128,2.4,0.0,,0.0518427660014808,0.6199477986988967,0.568105032697416,2.052668426667872,2,9.999000099990002e-05,,10000,False
3914d6a131980f48a4c75007090d95125f6ca6ba0f501adef4aaf3077905d06a,miracl_te,miracl/te,te,sae,token,0,q32_d128,2.4,0.5,,0.0518427660014808,0.6006887254383149,0.548845959436834,2.355300710153862,3,9.999000099990002e-05,,10000,False
3d6ea2928513f155391bcf5903a2aee71af03990d68cb4a243ab972c1f6beda4,miracl_te,miracl/te,te,sae,token,0,q32_d128,2.4,0.75,,0.0518427660014808,0.5879887577985831,0.5361459917971023,2.3945521685335986,3,9.999000099990002e-05,,10000,False
f26efeafb7b0549c9a5c54d55fcfafe022eea6aa2b9982cec3d6eaf4bd4ab634,miracl_te,miracl/te,te,sae,token,0,q64_d256,1.2,0.75,,0.052911218237741364,0.6537102057985431,0.6007989875608017,2.3669278530821463,3,9.999000099990002e-05,,10000,False
8d197d8aaebb40750bf464072149bc788960d5cfa7ed00045cf1296bee47597f,miracl_te,miracl/te,te,sae,token,1,q32_d128,1.2,0.75,,0.05992617432569913,0.5683087006279792,0.5083825263022801,2.3696044089187405,3,9.999000099990002e-05,,10000,False
7285ee82f19a6f31490b6e0f7ed3a359760d6e7a4dc25aae6aa3de80f8450ddd,miracl_te,miracl/te,te,sae,token,2,q32_d128,1.2,0.75,,0.05031466963625502,0.5703341529491656,0.5200194833129106,2.3848417693145167,3,9.999000099990002e-05,,10000,False
19c506aac8558d6aee05f820b065f3313bb424627875dce14780d7c94d4001d3,miracl_te,miracl/te,te,sae_shared,pooled,0,q32_d128,1.2,0.75,shared_dictionary,0.1258676352051915,0.41077645000830804,0.28490881480311653,2.4980158224254816,3,9.999000099990002e-05,,10000,False
604a47c70b5b28713837482176d00579601cf0142acb67340ac7b1ba8b9db0bb,miracl_te,miracl/te,te,sae_shared,token,0,q32_d128,1.2,0.75,shared_dictionary,0.0518427660014808,0.5822684044648819,0.5304256384634012,2.4201781235429904,3,9.999000099990002e-05,,10000,False
0f756cc7137d479cfa0980202c60302b7992e8ce25ef7c2b698325b5cb5eb558,nfcorpus,beir/nfcorpus,en,gaussian,pooled,0,native,1.2,0.75,,0.014475133826472152,0.17233718725914227,0.15786205343267012,2.391583915378069,3,9.999000099990002e-05,,10000,False
81c463eef0271e2c332c6461b9dea2f4b8ccb78747ad000512bc301edce01378,nfcorpus,beir/nfcorpus,en,gaussian,pooled,0,q16_d64,1.2,0.75,,0.017829879003964662,0.044646274832741875,0.026816395828777213,2.1834103852984943,3,9.999000099990002e-05,,10000,False
4e93218832b598cf1a29f77f41c04d1b770def61f64c2b13f12def50b177fa11,nfcorpus,beir/nfcorpus,en,gaussian,pooled,0,q32_d128,1.2,0.75,,0.018315101511553446,0.07869156193593255,0.0603764604243791,2.633138198817878,3,9.999000099990002e-05,0.013998600139986002,10000,False
e5c4386096f14cc192e6f36a03a4c4122fe21fa5f72a7bbc42300c9939cf7024,nfcorpus,beir/nfcorpus,en,gaussian,pooled,0,q32_d128,1.2,0.75,shuffled_idf,0.018315101511553446,0.09533464489360506,0.07701954338205161,2.5648006115953335,3,9.999000099990002e-05,,10000,False
363551ce920869f4372bffe9b7f5a92224aa333f78aa442f359b3a71a03178f7,nfcorpus,beir/nfcorpus,en,gaussian,pooled,0,q32_d128,1.2,0.75,uniform_frequency,0.018315101511553446,0.09484990302067912,0.07653480150912567,2.5545283638030214,2,9.999000099990002e-05,,10000,False
de3a22bc4069ced3682ac353d5895aeb89ae3f70100bf358fd99cc7a95e36c6f,nfcorpus,beir/nfcorpus,en,gaussian,pooled,0,q64_d256,1.2,0.75,,0.016607881534104186,0.12090033414602483,0.10429245261192065,2.3446667053201997,3,9.999000099990002e-05,,10000,False
3990f3ffeef7df300b38f6c51451cb06a58671be8fe209a36d81645e73ca00a7,nfcorpus,beir/nfcorpus,en,gaussian,token,0,native,1.2,0.75,,0.01889313403285649,0.13594943798172998,0.1170563039488735,2.1017086027928484,3,9.999000099990002e-05,,10000,False
9d8472f564e934e94bd72f7557ad71458ce8dc486bb0ee85d7ac7f600f2d2199,nfcorpus,beir/nfcorpus,en,gaussian,token,0,q16_d64,1.2,0.75,,0.023682126901559457,0.0455319192895028,0.021849792387943344,2.424086422653876,3,0.00029997000299970003,,10000,False
a7e90efdffdccff4dc6b8addd99f2bf084804a9202c7f6bef58bc19e96124ede,nfcorpus,beir/nfcorpus,en,gaussian,token,0,q32_d128,1.2,0.75,,0.03231469062063038,0.07561303838016124,0.04329834775953086,2.78974809280902,3,9.999000099990002e-05,0.013998600139986002,10000,False
655b70f6f582a33e676676a1c9ebe1d68ab01ee0342a1b21a66cceb0f1587c56,nfcorpus,beir/nfcorpus,en,gaussian,token,0,q32_d128,1.2,0.75,shuffled_idf,0.03231469062063038,0.07721974412001656,0.04490505349938618,2.310787131787785,3,9.999000099990002e-05,,10000,False
b008c2df66e56832bb491f405de55d04f6ae1f07cb8dc1bebf9b55b1945d7940,nfcorpus,beir/nfcorpus,en,gaussian,token,0,q32_d128,1.2,0.75,uniform_frequency,0.03231469062063038,0.08302824167950032,0.05071355105886994,2.521367151340918,2,9.999000099990002e-05,,10000,False
b1b14c9d8b531b2285179746ddf8b5a7543248481fb40d90bfa5156446557804,nfcorpus,beir/nfcorpus,en,gaussian,token,0,q64_d256,1.2,0.75,,0.0358884120062948,0.10766676278197676,0.07177835077568195,2.390133511441355,3,9.999000099990002e-05,,10000,False
c04b770f5f54e079f44cd17da617667082aa3ea415e82a9c8500f6f0eaff8ce1,nfcorpus,beir/nfcorpus,en,identity,pooled,0,native,1.2,0.75,,0.016184565307020157,0.15936283813258412,0.14317827282556395,2.021723255092321,3,9.999000099990002e-05,,10000,False
1f5a55dea83172ad9514ba42567dd4cbe9ae45dbb96dd9a04d0eeed60aee3307,nfcorpus,beir/nfcorpus,en,identity,pooled,0,q16_d64,1.2,0.75,,0.013754103266568491,0.05911308391866356,0.045358980652095066,2.8082659021713283,3,9.999000099990002e-05,,10000,False
07d9ad601571c21627deb54dabe3e70dbeec546e60c0fc4be1b8aa67db500735,nfcorpus,beir/nfcorpus,en,identity,pooled,0,q32_d128,1.2,0.75,,0.01785251562957226,0.09273660913072371,0.07488409350115145,2.324389000219505,3,9.999000099990002e-05,0.013998600139986002,10000,False
d3e92a9febbbaacad9c4721b73d2028f41d3280ab9471673d3d12bb5c6073348,nfcorpus,beir/nfcorpus,en,identity,pooled,0,q32_d128,1.2,0.75,shuffled_idf,0.01785251562957226,0.1113334595881469,0.09348094395857465,2.296317387971101,3,9.999000099990002e-05,,10000,False
59be0a58c844386a15c4f17f12a72023c2cd252c7f92dd807afc1bbbfa974411,nfcorpus,beir/nfcorpus,en,identity,pooled,0,q32_d128,1.2,0.75,uniform_frequency,0.01785251562957226,0.13744101669999936,0.11958850107042711,2.7268441224546645,2,9.999000099990002e-05,,10000,False
d42a05d01cbe75427ddc008c9ef1651d106baf6ab543c01bc27682305db269d5,nfcorpus,beir/nfcorpus,en,identity,pooled,0,q64_d256,1.2,0.75,,0.01916010124647788,0.14439089433022143,0.12523079308374355,2.3558702086518633,3,9.999000099990002e-05,,10000,False
01da4182e741eef403ab74e0a2266a0af3013f40dfceb5a0ea6683be84a8237c,nfcorpus,beir/nfcorpus,en,identity,token,0,native,1.2,0.75,,0.023264796344779196,0.15192185044282316,0.12865705409804395,2.2777603596647396,3,9.999000099990002e-05,,10000,False
983e8f2a4ad38e97f7542c3845f25807aaa899ec0b330a1eb6a433e5dcecef19,nfcorpus,beir/nfcorpus,en,identity,token,0,q16_d64,1.2,0.75,,0.02275314683179916,0.05176970060935749,0.02901655377755833,2.76314818309924,3,0.00019998000199980003,,10000,False
2708fe9ddfca1347e9cdd0e8626a127fbed7396a31e2b389c663f20cbd733f4e,nfcorpus,beir/nfcorpus,en,identity,token,0,q32_d128,1.2,0.75,,0.032397087947718894,0.08449959021332804,0.05210250226560914,2.0665368584556973,3,9.999000099990002e-05,0.013998600139986002,10000,False
8e06ca63a78c0ecf445849088727fa16c78f6a51405a551f738e58bbb3f02d96,nfcorpus,beir/nfcorpus,en,identity,token,0,q32_d128,1.2,0.75,shuffled_idf,0.032397087947718894,0.09568136404258192,0.06328427609486302,1.9809746322807513,3,9.999000099990002e-05,,10000,False
ea8768c3ad5306f7a93f03ef868b8236f322ff5367751fb4f18db62ff21d7827,nfcorpus,beir/nfcorpus,en,identity,token,0,q32_d128,1.2,0.75,uniform_frequency,0.032397087947718894,0.12009042035778436,0.08769333241006547,2.575630899423201,2,9.999000099990002e-05,,10000,False
0a49e69929db11af980c7b5816b2dd248564e0e8701294c99183fa2875fcfbdf,nfcorpus,beir/nfcorpus,en,identity,token,0,q64_d256,1.2,0.75,,0.0443565270767766,0.1426799983125903,0.0983234712358137,2.3376260507578435,3,9.999000099990002e-05,,10000,False
2f4d69f2ab6801194c1b3ab5fe7a730966b584a2727893a64c1723cccb8fa475,nfcorpus,beir/nfcorpus,en,kmeans,pooled,0,native,1.2,0.75,,0.020628665795826662,0.020364759636918403,-0.00026390615890825933,-1.8620439425407436,2,0.1491850814918508,,10000,False
8eba4aeb2900f2f4dc5bf9824eac2a50b4985aa6297e19d54ee98259d901beee,nfcorpus,beir/nfcorpus,en,kmeans,pooled,0,q16_d64,1.2,0.75,,0.020628665795826662,0.020364759636918403,-0.00026390615890825933,-1.8620439425407436,2,0.1491850814918508,,10000,False
308dcd84afd600e9e966f2913409a0de6f7c6e98dc45b03d1d6edb2ed41ef548,nfcorpus,beir/nfcorpus,en,kmeans,pooled,0,q32_d128,1.2,0.75,,0.020628665795826662,0.020364759636918403,-0.00026390615890825933,-1.8620439425407436,2,0.1491850814918508,1.0,10000,False
55eae0d2c7deb8c214e37c64bbdb30ed241225ad9fcf91949c718be5de36138d,nfcorpus,beir/nfcorpus,en,kmeans,pooled,0,q32_d128,1.2,0.75,shuffled_idf,0.020628665795826662,0.020628665795826662,0.0,,0,1.0,,10000,False
ea39bcfec798dbb6239dec1e0f42b603e08959eb95216f2b73e94f372240dab5,nfcorpus,beir/nfcorpus,en,kmeans,pooled,0,q32_d128,1.2,0.75,uniform_frequency,0.020628665795826662,0.020628665795826662,0.0,,0,1.0,,10000,False
3820aa42a91b0a1e4b11d03a596a2bca01a3496a2c16e234a1f28c0e34c3e640,nfcorpus,beir/nfcorpus,en,kmeans,pooled,0,q64_d256,1.2,0.75,,0.020628665795826662,0.020364759636918403,-0.00026390615890825933,-1.8620439425407436,2,0.1491850814918508,,10000,False
5013c29766e39c7749d30c41a7199182c90ab2ef9e153f6027e0b395f8db09a6,nfcorpus,beir/nfcorpus,en,kmeans,token,0,native,1.2,0.75,,0.12307156894748765,0.2298498935488475,0.10677832460135984,2.226911868557368,3,9.999000099990002e-05,,10000,False
9913575c9f0184600a4e7134ef6dd4cd8f24256b8c7a71a35c27ac0834c666e6,nfcorpus,beir/nfcorpus,en,kmeans,token,0,q16_d64,1.2,0.75,,0.11692870580819313,0.19303398823390577,0.07610528242571264,2.418928161165377,3,9.999000099990002e-05,,10000,False
fb1d6388ce926a168dc73d8ce0f30d8abbbabd972efaeb9f1b2eec76674f9112,nfcorpus,beir/nfcorpus,en,kmeans,token,0,q32_d128,1.2,0.75,,0.12202681574799297,0.21902500089423171,0.09699818514623874,2.2961714301404905,3,9.999000099990002e-05,0.013998600139986002,10000,False
c24997a2b64255a2866524e9234c3dcb971b46895a38a0de9416873c16d267f1,nfcorpus,beir/nfcorpus,en,kmeans,token,0,q32_d128,1.2,0.75,shuffled_idf,0.12202681574799297,0.2203709768567943,0.09834416110880133,2.1016736522288126,3,9.999000099990002e-05,,10000,False
74e705bf2af7e4d198fe0b6e446ddba655b201ea131a4d6cb4e427091bfec75f,nfcorpus,beir/nfcorpus,en,kmeans,token,0,q32_d128,1.2,0.75,uniform_frequency,0.12202681574799297,0.2202939156597584,0.09826709991176542,2.1176235686187908,2,9.999000099990002e-05,,10000,False
d2f3733a4a4261e0f5287ab570c2882b77eff1d6ebccfedb26d0dececa1b7a8d,nfcorpus,beir/nfcorpus,en,kmeans,token,0,q64_d256,1.2,0.75,,0.12311079372575078,0.23008542891945777,0.106974635193707,2.247009713893648,3,9.999000099990002e-05,,10000,False
4e58d4b321a5efceb8a5fa57ebeea58284648cc26dfa04b80cf4ce40d9b947de,nfcorpus,beir/nfcorpus,en,pca,pooled,0,native,1.2,0.75,,0.05440139469758142,0.033840526166715804,-0.02056086853086562,-0.19936694550893302,3,9.999000099990002e-05,,10000,False
22da90a306771055c7e6df129bca2fca66390e816424889adf43c774d04dfdf1,nfcorpus,beir/nfcorpus,en,pca,pooled,0,q16_d64,1.2,0.75,,0.02138219251251035,0.024926613220237624,0.003544420707727272,0.14443894694755785,3,0.2900709929007099,,10000,False
32b5e087edb750b9abcfd0d10bbb7b31e0ba5ffb439cdbde68f31ba7838ab2ea,nfcorpus,beir/nfcorpus,en,pca,pooled,0,q32_d128,1.2,0.75,,0.03679225707694607,0.03782625416395507,0.001033997087008999,0.017584384238888907,3,0.7745225477452254,1.0,10000,False
d38ef1584ab9e5cab63b134bf6175959b8687ecdfbb90b0960632e8cf7da6e16,nfcorpus,beir/nfcorpus,en,pca,pooled,0,q32_d128,1.2,0.75,shuffled_idf,0.03679225707694607,0.14012784227090913,0.10333558519396306,1.9614255164860521,3,9.999000099990002e-05,,10000,False
377ec1e749c7ec957cab2ff737e55f35b4c9781b2e68a365fdf21f089737a807,nfcorpus,beir/nfcorpus,en,pca,pooled,0,q32_d128,1.2,0.75,uniform_frequency,0.03679225707694607,0.17546519988780881,0.13867294281086273,2.4669788342973,2,9.999000099990002e-05,,10000,False
7fb9708d2dffe33fbe165adee1bf8e30909ef81d7c92a9f3fe066d39d353a037,nfcorpus,beir/nfcorpus,en,pca,pooled,0,q64_d256,1.2,0.75,,0.050192450533129505,0.03570289121646677,-0.014489559316662737,-0.16728048074045682,3,0.00029997000299970003,,10000,False
ab6e8613663be983b82d09c5c869523203b48b4291c918c5194d33d07f4dfa61,nfcorpus,beir/nfcorpus,en,pca,token,0,native,1.2,0.75,,0.07381155787271076,0.15368594527333632,0.07987438740062555,1.152731623596379,3,9.999000099990002e-05,,10000,False
140345695b67bdfd8a571673a55aff1cc89d14b2942f79b442730a292c026d08,nfcorpus,beir/nfcorpus,en,pca,token,0,q16_d64,1.2,0.75,,0.04276986979770467,0.11954839622182127,0.0767785264241166,2.6572170501501975,3,9.999000099990002e-05,,10000,False
b8cf7183658ff2f5369a6943d26079a8f59b4c2134e9c8e053ec86b895a0e314,nfcorpus,beir/nfcorpus,en,pca,token,0,q32_d128,1.2,0.75,,0.06625780670749515,0.1832635455588785,0.11700573885138335,2.7593508563409337,3,9.999000099990002e-05,0.013998600139986002,10000,False
81f10d28048ea78e4442102a80fcdca244223788aca8840a664d9614c1608d03,nfcorpus,beir/nfcorpus,en,pca,token,0,q32_d128,1.2,0.75,shuffled_idf,0.06625780670749515,0.1774279459915211,0.11117013928402594,1.8904664894920755,3,9.999000099990002e-05,,10000,False
bef6beb06c0d64b38951134927fbcc4d7187bdbb2cecad777f2d71bdfc036795,nfcorpus,beir/nfcorpus,en,pca,token,0,q32_d128,1.2,0.75,uniform_frequency,0.06625780670749515,0.1971914842172232,0.13093367750972806,2.4277715169104317,3,9.999000099990002e-05,,10000,False
0295f8fedeefbb07c49cf795c7ff8f64c37dcafc41bccb1502a07423ec4bf6ae,nfcorpus,beir/nfcorpus,en,pca,token,0,q64_d256,1.2,0.75,,0.08554256562918913,0.24473169461225622,0.15918912898306709,2.8017618876230683,3,9.999000099990002e-05,,10000,False
75f38547c737c6b15a67e09f447720275b7707648342a321b9e43dedc59c0e54,nfcorpus,beir/nfcorpus,en,pq,pooled,0,native,1.2,0.75,,0.018956989434815913,0.022102010331199514,0.003145020896383601,2.0,1,0.1282871712828717,,10000,False
352b451e9380ebcc505dd173a657afdc939cf185dc535f067dac8ff386fda1b2,nfcorpus,beir/nfcorpus,en,pq,pooled,0,q16_d64,1.2,0.75,,0.018956989434815913,0.022102010331199514,0.003145020896383601,2.0,1,0.1282871712828717,,10000,False
65a52d33827b16ce5e0d99b90b10aeeb69f47fc210fe5f99af7daf66fd1cf4a3,nfcorpus,beir/nfcorpus,en,pq,pooled,0,q32_d128,1.2,0.75,,0.018956989434815913,0.022102010331199514,0.003145020896383601,2.0,1,0.1282871712828717,1.0,10000,False
69db574811e4e2830310a3ce572b41c98b64316bb7ac1f7f4390ce076f85ca0d,nfcorpus,beir/nfcorpus,en,pq,pooled,0,q32_d128,1.2,0.75,shuffled_idf,0.018956989434815913,0.019061762030996732,0.0001047725961808195,2.0,1,0.9206079392060794,,10000,False
6b1c2e8d4d1d47ba388fcf6fec8b51ddc55352b333e9443a9da19c16f6e78730,nfcorpus,beir/nfcorpus,en,pq,pooled,0,q32_d128,1.2,0.75,uniform_frequency,0.018956989434815913,0.018956989434815913,0.0,,0,1.0,,10000,False
e5d38edb1d8e3c4e99b21514ab9f1fe7f4616812a10bb59944fb987cc41e509f,nfcorpus,beir/nfcorpus,en,pq,pooled,0,q64_d256,1.2,0.75,,0.018956989434815913,0.022102010331199514,0.003145020896383601,2.0,1,0.1282871712828717,,10000,False
0548e69b075c9c24fef13cf705492863232641ec6aa927e54247b621db102856,nfcorpus,beir/nfcorpus,en,pq,token,0,native,1.2,0.75,,0.07355699324652949,0.1500944392062668,0.07653744595973731,2.1297233802453817,3,9.999000099990002e-05,,10000,False
ca3344efd22b9505a7edc04815061adcedc73cb2739dc4c1668ef653ee1343df,nfcorpus,beir/nfcorpus,en,pq,token,0,q16_d64,1.2,0.75,,0.05863784840046317,0.09029315322104872,0.03165530482058555,2.631407285046228,3,9.999000099990002e-05,,10000,False
19f632a097a4222358e75d66051598f70e3b68c006e3002df634779fcf905c2f,nfcorpus,beir/nfcorpus,en,pq,token,0,q32_d128,1.2,0.75,,0.0704049826941627,0.11890543977673772,0.04850045708257501,2.3432218361902355,3,9.999000099990002e-05,0.013998600139986002,10000,False
317b23e6925b645d30de3455b2710a43f40992f36586563b4418f21558dc694f,nfcorpus,beir/nfcorpus,en,pq,token,0,q32_d128,1.2,0.75,shuffled_idf,0.0704049826941627,0.11955714427632906,0.04915216158216636,2.071305249601857,3,9.999000099990002e-05,,10000,False
496b00894b7cd10cad032d61881ff8fc4d3b1b17dfd8a2618218f1bdc10979bc,nfcorpus,beir/nfcorpus,en,pq,token,0,q32_d128,1.2,0.75,uniform_frequency,0.0704049826941627,0.12316381340763992,0.052758830713477214,2.2235037346389337,3,9.999000099990002e-05,,10000,False
5143f8ffb6396a3e1a127ac992f675f4fdbcc6a5d08f36ebc91ffff257d9a6e0,nfcorpus,beir/nfcorpus,en,pq,token,0,q64_d256,1.2,0.75,,0.0718993542468994,0.1438053367217822,0.07190598247488279,2.24340911696856,3,9.999000099990002e-05,,10000,False
28727418374e67eaff5dd3458e25e74b3e69e3a82361cb80830521633b01473c,nfcorpus,beir/nfcorpus,en,rq,pooled,0,native,1.2,0.75,,0.05168049361965782,0.07415463772914017,0.022474144109482355,2.0,1,0.00039996000399960006,,10000,False
4a6ab2cbb39b25daa89d47b40c176ab1e7a3f25b116e16378cef61c665dd25e8,nfcorpus,beir/nfcorpus,en,rq,pooled,0,q16_d64,1.2,0.75,,0.05168049361965782,0.07415463772914017,0.022474144109482355,2.0,1,0.00039996000399960006,,10000,False
a5430bcca275a278d4eaa4c588e3b8bf7dbd3ab4d6b4fc854a119b4668034d84,nfcorpus,beir/nfcorpus,en,rq,pooled,0,q32_d128,1.2,0.75,,0.05168049361965782,0.07415463772914017,0.022474144109482355,2.0,1,0.00039996000399960006,0.019198080191980802,10000,False
3af9fc2e95b9328e6964e0ea68358711024d771d312fffab755ef7a85c1bba51,nfcorpus,beir/nfcorpus,en,rq,pooled,0,q32_d128,1.2,0.75,shuffled_idf,0.05168049361965782,0.05740539904329284,0.005724905423635018,2.0,1,0.04939506049395061,,10000,False
fa23c1731f6add59e69754ecd4b4c3e3d3d387d57eda76352d686ddb2bd4636c,nfcorpus,beir/nfcorpus,en,rq,pooled,0,q32_d128,1.2,0.75,uniform_frequency,0.05168049361965782,0.05168049361965782,0.0,,0,1.0,,10000,False
1229d1d33c6321a2230a837d4d5040b054907e4e1627beaed27a6871ad94915c,nfcorpus,beir/nfcorpus,en,rq,pooled,0,q64_d256,1.2,0.75,,0.05168049361965782,0.07415463772914017,0.022474144109482355,2.0,1,0.00039996000399960006,,10000,False
3d7c287ba7070577743cbfada4aa1eac9818c636a76849b9bc5abed54273961a,nfcorpus,beir/nfcorpus,en,rq,token,0,native,1.2,0.75,,0.1553983187606849,0.257819503322327,0.10242118456164209,2.2634409877710673,3,9.999000099990002e-05,,10000,False
a2e71979d15d0c6e555f88d09064e9060b1d3a080b6ae593e7abcc9a2aaefac8,nfcorpus,beir/nfcorpus,en,rq,token,0,q16_d64,1.2,0.75,,0.14997522572746122,0.21792111333506348,0.06794588760760226,2.4048040908192108,3,9.999000099990002e-05,,10000,False
a09a11df33c73e76d1e2bec119ef3c9889ed59dcdd62145e3029e1fcf52c3290,nfcorpus,beir/nfcorpus,en,rq,token,0,q32_d128,1.2,0.75,,0.15237029679114963,0.24246406881997012,0.09009377202882049,2.383196652281766,3,9.999000099990002e-05,0.013998600139986002,10000,False
f92c18b45a502d9c5f961950408675b935870d5f15ede2ca7545abd0a7ea4789,nfcorpus,beir/nfcorpus,en,rq,token,0,q32_d128,1.2,0.75,shuffled_idf,0.15237029679114963,0.21674673821025853,0.06437644141910889,1.6456013651870383,3,9.999000099990002e-05,,10000,False
2e1340ac17a7fe2f32e0d277d96743eebf026ad123cb32674dbbef374f182516,nfcorpus,beir/nfcorpus,en,rq,token,0,q32_d128,1.2,0.75,uniform_frequency,0.15237029679114963,0.23832702410206327,0.08595672731091364,2.2819691291454984,3,9.999000099990002e-05,,10000,False
d9c928f0f542d6fcc8a4f70821dd78372d609770f07bc02bbb2f11c76bd4a16f,nfcorpus,beir/nfcorpus,en,rq,token,0,q64_d256,1.2,0.75,,0.1550212815597027,0.2565690772787969,0.1015477957190942,2.2097321001114514,3,9.999000099990002e-05,,10000,False
4676de72b342d6944ce729cfc856d982e145dcbe47e231caf8cc44a1f821f8e8,nfcorpus,beir/nfcorpus,en,sae,pooled,0,native,1.2,0.75,,0.07253921943613216,0.0727761931307334,0.00023697369460123907,0.054558446952354775,3,0.946905309469053,,10000,False
715ba6ff6a7e20ec006ab1d44350a6788b99ea2aa048e58636eb7f391c622689,nfcorpus,beir/nfcorpus,en,sae,pooled,0,q16_d64,1.2,0.75,,0.06961971064532939,0.06715432143440121,-0.002465389210928176,-0.49926574696716797,3,0.5191480851914808,,10000,False
e519efc9be178a6151cc12a1bc3520c5cec76a27f1bf92547cb0a94e910451ec,nfcorpus,beir/nfcorpus,en,sae,pooled,0,q32_d128,1.2,0.75,,0.07253921943613216,0.0727761931307334,0.00023697369460123907,0.054558446952354775,3,0.946905309469053,1.0,10000,False
160b3a6aaeafa1f3fab3710984c031e3ec5e753f082149be2f2dd310b39e94e6,nfcorpus,beir/nfcorpus,en,sae,pooled,0,q32_d128,1.2,0.75,shuffled_idf,0.07253921943613216,0.0784594719604002,0.0059202525242680465,1.7201408508659526,3,0.064993500649935,,10000,False
95e86d4470b95addb44e4708e5d5a12698d86bc4e14c691d35e870fa8cc791ec,nfcorpus,beir/nfcorpus,en,sae,pooled,0,q32_d128,1.2,0.75,uniform_frequency,0.07253921943613216,0.07997992774553024,0.007440708309398081,2.4194885055926756,2,0.0016998300169983002,,10000,False
73e6876572cb10169933e45f4ec2322d8304fed346f83e62ee0495018ba8979c,nfcorpus,beir/nfcorpus,en,sae,pooled,0,q64_d256,1.2,0.75,,0.07253921943613216,0.0727761931307334,0.00023697369460123907,0.054558446952354775,3,0.946905309469053,,10000,False
f8d761b24f0d5d3f1fc017e577b592acb2d8f2d3d59193f7febea475211920ae,nfcorpus,beir/nfcorpus,en,sae,token,0,native,1.2,0.75,,0.18830250700771695,0.3140686001681799,0.12576609316046294,2.5988241594341837,3,9.999000099990002e-05,,10000,False
1af4807baff343f2c1e9913d9bf683ad035c6bd88be2f67d8befe3afb154dde7,nfcorpus,beir/nfcorpus,en,sae,token,0,q16_d64,1.2,0.75,,0.184928741671758,0.2655646665003302,0.08063592482857224,2.9596210494498747,3,9.999000099990002e-05,,10000,False
71f4d1247f34bba7227a94744900bd4f32d1eb6cee72f299b698a4448c7cb8d8,nfcorpus,beir/nfcorpus,en,sae,token,0,q32_d128,1.2,0.75,,0.18665496740688814,0.2855487654394311,0.09889379803254295,2.798783620619712,3,9.999000099990002e-05,0.013998600139986002,10000,False
10ea4c7ad8db5c16c4834455c88473d7733d94e7fa839d87c79372002b1593ee,nfcorpus,beir/nfcorpus,en,sae,token,0,q32_d128,1.2,0.75,shuffled_idf,0.18665496740688814,0.2701577112912323,0.08350274388434414,2.016307783322187,3,9.999000099990002e-05,,10000,False
0201ec140f198293c66c02c8b0979f153ef3a6426f0c06898f94b49247f70689,nfcorpus,beir/nfcorpus,en,sae,token,0,q32_d128,1.2,0.75,uniform_frequency,0.18665496740688814,0.28403219521719886,0.09737722781031072,2.3812391295604938,2,9.999000099990002e-05,,10000,False
c081d8bf6cb75e8b4dac40c0edb2643a8801d5f438c4fbd3ffb401c372631699,nfcorpus,beir/nfcorpus,en,sae,token,0,q64_d256,1.2,0.75,,0.1867054543055772,0.3001161869594824,0.1134107326539052,2.712004698414607,3,9.999000099990002e-05,,10000,False
c530f11a34b33c087140d17b08edbb5662cd0c35c37161a86e3976d40394b6d3,nfcorpus,beir/nfcorpus,en,sae_shared,pooled,0,q32_d128,1.2,0.75,shared_dictionary,0.21760414157906446,0.2621507291837432,0.04454658760467875,2.9699090681900406,3,9.999000099990002e-05,,10000,False
c7ad93ad253939565f3242e84d8cc11e6c2a7643e69ef6a6a1df4e6b5567aa3c,nfcorpus,beir/nfcorpus,en,sae_shared,token,0,q32_d128,1.2,0.75,shared_dictionary,0.18665496740688814,0.2855487654394311,0.09889379803254295,2.798783620619712,3,9.999000099990002e-05,,10000,False
b969df1fb09d0f6e3d80dded5fcef6ab42b5ece42b573fe5784912a67994f101,scidocs,beir/scidocs,en,gaussian,pooled,0,q16_d64,1.2,0.75,,0.006663620639247831,0.014384265212995283,0.007720644573747452,2.2565277264272106,3,0.0007999200079992001,,10000,False
58ed75685abc281c8d3d55e3ab280243b48afb69b447f24068ea0acdea18c6cd,scidocs,beir/scidocs,en,gaussian,pooled,0,q32_d128,1.2,0.75,,0.00796295692346895,0.026777166683452466,0.018814209759983515,1.79091391353814,3,9.999000099990002e-05,0.013998600139986002,10000,False
514bf62a2bff2e8466709cd794c9a52a8346087ba0d9537d7e49efe1ae31575a,scidocs,beir/scidocs,en,gaussian,pooled,0,q64_d256,1.2,0.75,,0.00910931407743667,0.041185947266134275,0.032076633188697606,2.104035248658866,3,9.999000099990002e-05,,10000,False
2c42f29f214b640ba2cabf28a917a126d3b68a01e9bc21cc57a1946e63300eff,scidocs,beir/scidocs,en,gaussian,token,0,q16_d64,1.2,0.75,,0.0004857302410730519,0.01116072907147364,0.010674998830400588,2.9415001032762675,3,9.999000099990002e-05,,10000,False
2affdc110218d94cfad1b8c14be31d05d5830011fa052908b298a32929107a01,scidocs,beir/scidocs,en,gaussian,token,0,q32_d128,1.2,0.75,,0.0003980847300545424,0.02190942150357251,0.021511336773517967,2.384601990537362,3,9.999000099990002e-05,0.013998600139986002,10000,False
d9c1803cc780a95867d7f68557968504c092f41910ad4866726c2ce23c172e2d,scidocs,beir/scidocs,en,gaussian,token,0,q64_d256,1.2,0.75,,0.00043199025766149163,0.03025132043256301,0.02981933017490152,2.191819504360473,3,9.999000099990002e-05,,10000,False
b413f6fc19e1b340885c29872d08c37a06b0c16284b66c560c025ace6a9ef2af,scidocs,beir/scidocs,en,identity,pooled,0,q16_d64,1.2,0.75,,0.0035017894589977013,0.01351906577344726,0.010017276314449559,2.4924617452189337,3,9.999000099990002e-05,,10000,False
5872d7eb2e3269360d58e0e58ffcf4e25a5ecdf160858e8fe8f28036f3702ede,scidocs,beir/scidocs,en,identity,pooled,0,q32_d128,1.2,0.75,,0.005376552691562557,0.04117148740403006,0.0357949347124675,2.326791176122557,3,9.999000099990002e-05,0.013998600139986002,10000,False
c817492f05f7012949bd48ba368f401b5f5c5aaf341fabf9127248798bfee738,scidocs,beir/scidocs,en,identity,pooled,0,q64_d256,1.2,0.75,,0.007652239798291607,0.07100879201427487,0.06335655221598327,2.3990315478453876,3,9.999000099990002e-05,,10000,False
8d152190d6eb207f978e524fa3cf6a3ac0d1dc4467d0f3d2474a49aae22a8c81,scidocs,beir/scidocs,en,identity,token,0,q16_d64,1.2,0.75,,0.0003876909552416948,0.010610662550539982,0.010222971595298287,2.7050079920012253,3,9.999000099990002e-05,,10000,False
4210ab9af3b783ce4af8ad60f650995aeae777d57bf08bf2dec4a1f0a8ded432,scidocs,beir/scidocs,en,identity,token,0,q32_d128,1.2,0.75,,0.0004897883503646065,0.03748165748685402,0.036991869136489414,2.4500158513073163,3,9.999000099990002e-05,0.013998600139986002,10000,False
7a69b1a0458fd49474de30c2a6208db82a29e9935300f8a4251377992667abae,scidocs,beir/scidocs,en,identity,token,0,q64_d256,1.2,0.75,,0.0003876909552416948,0.06613758966139358,0.06574989870615187,2.3853338765941055,3,9.999000099990002e-05,,10000,False
cbdb9ece67ad40417f872341b5006f39867b7a807b93161b9c89153b944c96ec,scidocs,beir/scidocs,en,kmeans,pooled,0,q16_d64,1.2,0.75,,0.008260745083890438,0.00782776267580013,-0.00043298240809030823,-2.4732157075020904,2,0.5133486651334866,,10000,False
2666d627bb79ffe12f2005c95fccf7022952784671cbab1ba59f7300123f4ead,scidocs,beir/scidocs,en,kmeans,pooled,0,q32_d128,1.2,0.75,,0.008260745083890438,0.00782776267580013,-0.00043298240809030823,-2.4732157075020904,2,0.5133486651334866,1.0,10000,False
acdf912fe2a6a81b1805bb13f8a1d97fe250f4f97d12a10a34394dc05bc44804,scidocs,beir/scidocs,en,kmeans,pooled,0,q64_d256,1.2,0.75,,0.008260745083890438,0.00782776267580013,-0.00043298240809030823,-2.4732157075020904,2,0.5133486651334866,,10000,False
ac83fc4cd0efa0ad86d1c40433d9b028ece31548ef6146670efc81983703d00e,scidocs,beir/scidocs,en,kmeans,token,0,q16_d64,1.2,0.75,,0.011316731457066543,0.058032605260862784,0.04671587380379624,2.6127873995090862,3,9.999000099990002e-05,,10000,False
e9f979262c755c4b52f96264a9a961e438c97a8baa9785fac55d76cd94ad1115,scidocs,beir/scidocs,en,kmeans,token,0,q32_d128,1.2,0.75,,0.01125933808411533,0.08084713525209022,0.06958779716797489,2.594700975054244,3,9.999000099990002e-05,0.013998600139986002,10000,False
5db57e3a52e97b3c9c5db0affc1d68c9398c7779ef783ace0af6cb9917e81d13,scidocs,beir/scidocs,en,kmeans,token,0,q64_d256,1.2,0.75,,0.01148528228389173,0.09409199127181991,0.08260670898792818,2.556114952125332,3,9.999000099990002e-05,,10000,False
f9fba47f4457464c5376c9d09fb98bd39545cf85d810695e679299ed03dd5b32,scidocs,beir/scidocs,en,pca,pooled,0,q16_d64,1.2,0.75,,0.006813181603900835,0.010302381327758073,0.003489199723857238,0.9376085328006238,3,0.0150984901509849,,10000,False
1b3eca8158c4a5dbd2def3e2592ae4d5bfd211cf60e23db5688c6f2c9a4b19bf,scidocs,beir/scidocs,en,pca,pooled,0,q32_d128,1.2,0.75,,0.01068599962523408,0.01650155769159048,0.0058155580663564,0.5751537103929903,3,0.00029997000299970003,0.015598440155984402,10000,False
77dad5c7b6a1ad05e1573dbc2806d2d3086efaf58a4914371ea277ec43030f9b,scidocs,beir/scidocs,en,pca,pooled,0,q64_d256,1.2,0.75,,0.012670070507371206,0.02119553417332796,0.008525463665956756,0.46599862252949753,3,9.999000099990002e-05,,10000,False
1274f244b9c1ccfda7a4a1c67589be574321aae76af4fe5157ef41d383ec3a69,scidocs,beir/scidocs,en,pca,token,0,q16_d64,1.2,0.75,,0.0013695374994561295,0.04475706851519697,0.043387531015740846,2.430267360832099,3,9.999000099990002e-05,,10000,False
1b237f05b4530ed40aa7d384bd8d80fa99a9ece4971242ec08ac46e1c0e03f4e,scidocs,beir/scidocs,en,pca,token,0,q32_d128,1.2,0.75,,0.003538043402218034,0.08763544133271797,0.08409739793049995,2.48626105359556,3,9.999000099990002e-05,0.013998600139986002,10000,False
a5580c83e96a8ba8172dd56edad4e36a1962458bbe39a48598add875c7968244,scidocs,beir/scidocs,en,pca,token,0,q64_d256,1.2,0.75,,0.005352722197706527,0.12526723794310238,0.11991451574539586,2.424061246393051,3,9.999000099990002e-05,,10000,False
6e01d3254bf598755330b834bc4d272cff78e376e1e95cfba95a5d637b0b1464,scidocs,beir/scidocs,en,pq,pooled,0,q16_d64,1.2,0.75,,0.0030162807548103675,0.0033689851777920733,0.0003527044229817058,2.0,1,0.35876412358764126,,10000,False
33eaddb9c02b0056ba77a9ba81625683c0270d5a48d47ec69fc6a3e66bc332c6,scidocs,beir/scidocs,en,pq,pooled,0,q32_d128,1.2,0.75,,0.0030162807548103675,0.0033689851777920733,0.0003527044229817058,2.0,1,0.35876412358764126,1.0,10000,False
e90e06917ccb1f2781f2a94669b76dbdca89d3143ab5034c509d7b8874f975a2,scidocs,beir/scidocs,en,pq,pooled,0,q64_d256,1.2,0.75,,0.0030162807548103675,0.0033689851777920733,0.0003527044229817058,2.0,1,0.35876412358764126,,10000,False
1a5634afba8405683857df1e4f6710b8654e4120f7790cdaec6e70f538675449,scidocs,beir/scidocs,en,pq,token,0,q16_d64,1.2,0.75,,0.00494107313259351,0.029202655024961312,0.024261581892367802,2.4219417529416294,3,9.999000099990002e-05,,10000,False
85d8abde1dfeec239bdc2b12e867e2fdd8b4feb67c23068ee20b3cf12a719455,scidocs,beir/scidocs,en,pq,token,0,q32_d128,1.2,0.75,,0.006241425163122209,0.048707282934478825,0.04246585777135661,2.428422839140368,3,9.999000099990002e-05,0.013998600139986002,10000,False
27b08d1cf4bb05bb8f7140430fe9d9a84cb6770458d5896579742c5b444007a9,scidocs,beir/scidocs,en,pq,token,0,q64_d256,1.2,0.75,,0.006545854712288692,0.06659715148944931,0.06005129677716062,2.47774661065468,3,9.999000099990002e-05,,10000,False
511cd521ada44dca9621bf5dc1d7894b5959c8875ee19486a23c72fd978eb664,scidocs,beir/scidocs,en,rq,pooled,0,q16_d64,1.2,0.75,,0.013886111618152374,0.01733139182709524,0.0034452802089428667,2.0,1,0.013598640135986401,,10000,False
33d80bc75992e758d713139f4d82fee15437301ce682c71f712b0e2e3456b76e,scidocs,beir/scidocs,en,rq,pooled,0,q32_d128,1.2,0.75,,0.013886111618152374,0.01733139182709524,0.0034452802089428667,2.0,1,0.013598640135986401,0.5167483251674833,10000,False
9ea3af4f879f2bc988f77dd1e9270ae3ba2592e8b626ac0b1fb05d9baa78a2df,scidocs,beir/scidocs,en,rq,pooled,0,q64_d256,1.2,0.75,,0.013886111618152374,0.01733139182709524,0.0034452802089428667,2.0,1,0.013598640135986401,,10000,False
f6ae6b4680568cdda672bd736b1c4adf8d2f73137dfb6b144ebe09adacad40cf,scidocs,beir/scidocs,en,rq,token,0,q16_d64,1.2,0.75,,0.02002810648013833,0.07510239693065751,0.05507429045051918,2.503095820009245,3,9.999000099990002e-05,,10000,False
e2d1d1e744dbda766aae6c5a0d6d395b59228774479f686a18578194b75c9594,scidocs,beir/scidocs,en,rq,token,0,q32_d128,1.2,0.75,,0.021271340279071793,0.08403725744345542,0.06276591716438362,2.4793509377659277,3,9.999000099990002e-05,0.013998600139986002,10000,False
8efbc4063c7a1f992fbe8c269526790e533f163e66bca2fa90ce4dbb684629e8,scidocs,beir/scidocs,en,rq,token,0,q64_d256,1.2,0.75,,0.02007427250742022,0.09447512127238404,0.07440084876496382,2.568429039024279,3,9.999000099990002e-05,,10000,False
24d09e44205d3eaa2352e87f4203cf51da63ec1f85e6bfa53e1071dd2a687200,scidocs,beir/scidocs,en,sae,pooled,0,q16_d64,1.2,0.75,,0.010592000555317269,0.014486136996507611,0.0038941364411903424,1.4390975852580228,3,0.0004999500049995,,10000,False
0c4f859c1ab97b3dc56be0f59f4ea1f4c8a96036ac216d153eb24a7741040086,scidocs,beir/scidocs,en,sae,pooled,0,q32_d128,1.2,0.75,,0.011898366813560879,0.015535318642362768,0.0036369518288018893,1.113335710987408,3,0.00039996000399960006,0.019198080191980802,10000,False
c67218ed10c67a32fb553a8bce2365e25ecf44c4feaf49e0ba98d05a9c719d1b,scidocs,beir/scidocs,en,sae,pooled,0,q64_d256,1.2,0.75,,0.011898366813560879,0.015535318642362768,0.0036369518288018893,1.113335710987408,3,0.00039996000399960006,,10000,False
1acd5d116613a89898a2322ca541d76fb0eb4a5da74eaafdd19c3f8ccb8b785c,scidocs,beir/scidocs,en,sae,token,0,q16_d64,1.2,0.75,,0.02718252126050264,0.09714129151163951,0.06995877025113686,2.6856663463918946,3,9.999000099990002e-05,,10000,False
47b0aace0aae7f9683d7693930d06c3ed45e4ea5859304db9596bde7da013a1c,scidocs,beir/scidocs,en,sae,token,0,q32_d128,1.2,0.75,,0.025274892099027325,0.12083620372376938,0.09556131162474206,2.7695422392152524,3,9.999000099990002e-05,0.013998600139986002,10000,False
70c6269114376d2e08467586bb84b5f2f91be37f58b93008a76d84d58928f3d6,scidocs,beir/scidocs,en,sae,token,0,q64_d256,1.2,0.75,,0.025872650507505576,0.1297436418871412,0.10387099137963561,2.743424386296612,3,9.999000099990002e-05,,10000,False
cbc0050bb5e5537ccc26c6d30d3921b2fe44af65ebe866429a9eb7683940664a,scidocs,beir/scidocs,en,sae_shared,pooled,0,q32_d128,1.2,0.75,shared_dictionary,0.05812124334888343,0.12141833886576424,0.06329709551688081,2.7705012252649794,3,9.999000099990002e-05,,10000,False
b709853e7afc197c3639f1a13bad6a8c1543414f5b8fef913f9607f8d0113359,scidocs,beir/scidocs,en,sae_shared,token,0,q32_d128,1.2,0.75,shared_dictionary,0.025274892099027325,0.12083620372376938,0.09556131162474206,2.7696587463206095,3,9.999000099990002e-05,,10000,False
477a1ea8bd67225aa3ebe8eafeddac7b4efe762d7979d7f1d97537522ddd66e2,scifact,beir/scifact,en,gaussian,pooled,0,native,1.2,0.75,,0.012173819632677713,0.43287940535655667,0.42070558572387895,2.434400008009609,3,9.999000099990002e-05,,10000,False
406826f1d7bd8929be107c8d6c9cc4c176e28a44298ca5635924c41377b4813c,scifact,beir/scifact,en,gaussian,pooled,0,q16_d64,1.2,0.75,,0.022675212774226624,0.07210620013264812,0.049430987358421496,2.561985250966173,3,0.0005999400059994001,,10000,False
b82e67062d445a8bd5ffdb5d906f5b8b7422fee8f40afd9e476abffe1ccfd6c7,scifact,beir/scifact,en,gaussian,pooled,0,q32_d128,0.6,0.0,,0.0351246248998596,0.09136111983931387,0.056236494939454276,1.658478315991087,2,0.00019998000199980003,,10000,False
b1aac8212041848eae1c5238a9c79b6266239b276c6ed0afc24eca180d9ed79e,scifact,beir/scifact,en,gaussian,pooled,0,q32_d128,0.6,0.5,,0.0351246248998596,0.09969702568722053,0.06457240078736093,1.9017903242098064,3,0.00019998000199980003,,10000,False
251cb0fbb2293a56e6e1294fc76a2bfb6f807427055d88032ad872180ade53ca,scifact,beir/scifact,en,gaussian,pooled,0,q32_d128,0.6,0.75,,0.0351246248998596,0.09927040250798629,0.06414577760812669,1.4633199970287318,3,0.00019998000199980003,,10000,False
65e4bdbd30ad3fc6d2b52ae40f7aa33f3dc6ae7a6f9d37e77cb3ec7d1e2b7af5,scifact,beir/scifact,en,gaussian,pooled,0,q32_d128,1.2,0.0,,0.0351246248998596,0.09040307588050246,0.055278450980642865,1.7928096304894439,2,0.00019998000199980003,,10000,False
86751a4cb54a3641413a9ddd16a3b2de5d4cda23a175c6523cf0a626bb8e3643,scifact,beir/scifact,en,gaussian,pooled,0,q32_d128,1.2,0.5,,0.0351246248998596,0.09894383402783338,0.06381920912797379,1.7815176138216025,3,0.00019998000199980003,,10000,False
ec2159dd88a1d1a824e36c36a06cf877c08e5372ea723f63b4a325fe96c830f0,scifact,beir/scifact,en,gaussian,pooled,0,q32_d128,1.2,0.75,,0.0351246248998596,0.10448753414244706,0.06936290924258746,1.4836509847298849,3,0.00019998000199980003,0.013998600139986002,10000,False
d765b41cfaf69492bfa6ccabddf1543e10bb211e7be87a5ae034295b94707591,scifact,beir/scifact,en,gaussian,pooled,0,q32_d128,1.2,0.75,shuffled_idf,0.0351246248998596,0.15394592774929824,0.11882130284943865,2.140667771109867,3,9.999000099990002e-05,,10000,False
5ac735d1f9dd4dd7d81daf9ff7a70109b85efdee77611190955ba98c5783ac46,scifact,beir/scifact,en,gaussian,pooled,0,q32_d128,1.2,0.75,uniform_frequency,0.0351246248998596,0.18871847539773887,0.15359385049787927,2.527100593066414,2,9.999000099990002e-05,,10000,False
2980ad93551a7f62c556d4254695fd3735ee1bcb7aa84931539e2a8a69497206,scifact,beir/scifact,en,gaussian,pooled,0,q32_d128,2.4,0.0,,0.0351246248998596,0.08644238642573837,0.051317761525878774,2.254386928945275,2,9.999000099990002e-05,,10000,False
c9445e8355f7239b6d667b957ecc160ef8488d307a3b063d3f72017873dfa505,scifact,beir/scifact,en,gaussian,pooled,0,q32_d128,2.4,0.5,,0.0351246248998596,0.10031042796677223,0.06518580306691263,1.8239950347227885,3,0.00019998000199980003,,10000,False
0cd53c589b12739aba8031d96cfc1be3a4d2fd126f33816907e489853e7d9158,scifact,beir/scifact,en,gaussian,pooled,0,q32_d128,2.4,0.75,,0.0351246248998596,0.11078287825489283,0.07565825335503323,1.431653036882928,3,9.999000099990002e-05,,10000,False
04ae82f355b16718c3708c98c66b467562bd862fa80ed50c5f064fa5302b9a8d,scifact,beir/scifact,en,gaussian,pooled,0,q64_d256,1.2,0.75,,0.029527877676741875,0.1650372990126204,0.13550942133587854,1.4719065545041696,3,9.999000099990002e-05,,10000,False
2b8de7f5439cfb7bbab5b487a41f1bad6f60780bf9b709abd6e2431a848da6d5,scifact,beir/scifact,en,gaussian,pooled,1,q32_d128,1.2,0.75,,0.03441677927374214,0.13476139132220782,0.10034461204846568,1.938678528644609,3,9.999000099990002e-05,,10000,False
f85a63ec567b8baedd7f23a6ea624b7b1705f3785ce5c7d26258eace0173c9c4,scifact,beir/scifact,en,gaussian,pooled,2,q32_d128,1.2,0.75,,0.045576781586322695,0.12863217804382804,0.08305539645750534,1.4140666397205914,3,9.999000099990002e-05,,10000,False
1c09bc121b2aa4686370b533147d28258e090b92d63aef1732b21f531ac00338,scifact,beir/scifact,en,gaussian,token,0,native,1.2,0.75,,0.004971275034460527,0.24505483182946922,0.2400835567950087,2.082166541682266,3,9.999000099990002e-05,,10000,False
6ddfeb77b80c14bc179c4c0f815a698cca88de6ad273f9674f72a9d95bef8413,scifact,beir/scifact,en,gaussian,token,0,q16_d64,1.2,0.75,,0.01903961240765948,0.06393209345239141,0.04489248104473193,2.6122743348181863,3,0.00039996000399960006,,10000,False
788e53354948f7aaa15b2bba4344ec616fc49e304e6d3248604462877145d6c3,scifact,beir/scifact,en,gaussian,token,0,q32_d128,0.6,0.0,,0.015839083568455436,0.0790907444246978,0.06325166085624236,1.7172960867597848,2,9.999000099990002e-05,,10000,False
321e05e39a1365925813eb5b1ded5319e22a5b37a711f302292aadb31260c1db,scifact,beir/scifact,en,gaussian,token,0,q32_d128,0.6,0.5,,0.015839083568455436,0.08459924813488698,0.06876016456643154,2.1480794615212213,3,9.999000099990002e-05,,10000,False
1206a14e37e474e6ee20dcf62e82145863210c2a978ebd96fc7e7906745831eb,scifact,beir/scifact,en,gaussian,token,0,q32_d128,0.6,0.75,,0.015839083568455436,0.08948235751317511,0.07364327394471967,2.111157734108179,3,9.999000099990002e-05,,10000,False
1b4dde9329be608e4414e34a27d84c1ce391499e1b1a2032be999c90b93a3c8e,scifact,beir/scifact,en,gaussian,token,0,q32_d128,1.2,0.0,,0.015839083568455436,0.07720053602749276,0.06136145245903732,1.739491097085004,2,9.999000099990002e-05,,10000,False
52216d6e74c99085de4e9c57dc2cf8fe972e73dca586ccd4ad7442d7b9899765,scifact,beir/scifact,en,gaussian,token,0,q32_d128,1.2,0.5,,0.015839083568455436,0.08548803389728629,0.06964895032883085,2.1725018340124866,3,9.999000099990002e-05,,10000,False
ba5e99b23b43ef4244001f48c15441790b15937d81d53ed6cb0feacdcf5c256b,scifact,beir/scifact,en,gaussian,token,0,q32_d128,1.2,0.75,,0.015839083568455436,0.0880065987693048,0.07216751520084937,2.024997216144936,3,9.999000099990002e-05,0.013998600139986002,10000,False
4caea4223e47760ce0f8dbce7cb680d4415536e808eb70fed6b04a0978ba2ec1,scifact,beir/scifact,en,gaussian,token,0,q32_d128,1.2,0.75,shuffled_idf,0.015839083568455436,0.10780225163314237,0.09196316806468693,2.1828269058715444,3,9.999000099990002e-05,,10000,False
3333ed614c6185c10bd773369fe79e4cf9f30260c4aa8bdb5938767da2d711cf,scifact,beir/scifact,en,gaussian,token,0,q32_d128,1.2,0.75,uniform_frequency,0.015839083568455436,0.1402241270080304,0.12438504343957497,2.613532852653765,3,9.999000099990002e-05,,10000,False
09e3f9f1298497f05eb64f622e7ae56a16f2e768fecfd9245ebe562255708ba5,scifact,beir/scifact,en,gaussian,token,0,q32_d128,2.4,0.0,,0.015839083568455436,0.07616060816981873,0.060321524601363294,1.7993113900779338,2,9.999000099990002e-05,,10000,False
f4812713cbd24548d3832ab8ac38306926b8cf25e1776014da128f8977626a41,scifact,beir/scifact,en,gaussian,token,0,q32_d128,2.4,0.5,,0.015839083568455436,0.08489041595995327,0.06905133239149783,2.213392492978455,3,9.999000099990002e-05,,10000,False
2d5654b9520f84f66d1ee47271a3f2fe76cfa13138af690b3c5a1e67580f796d,scifact,beir/scifact,en,gaussian,token,0,q32_d128,2.4,0.75,,0.015839083568455436,0.08809772368052286,0.07225864011206742,1.9523156928547505,3,9.999000099990002e-05,,10000,False
264bd197ebc9aa4777810df66cee784064600ec232dd81a1c97f7220c27f05cf,scifact,beir/scifact,en,gaussian,token,0,q64_d256,1.2,0.75,,0.014520910857628631,0.12874070191952092,0.11421979106189228,1.6116142231459325,3,9.999000099990002e-05,,10000,False
1f0682439ced9d67e515a1f8f884a55fb275a3b75a72a4cada5c31fe589a65e1,scifact,beir/scifact,en,gaussian,token,1,q32_d128,1.2,0.75,,0.05060252609572195,0.1317380312108631,0.08113550511514116,2.187165513323681,3,9.999000099990002e-05,,10000,False
692ab8b33956b5f758c00f67ec6418dd8290e4006ffa8374d5ce9bfb6ce5caac,scifact,beir/scifact,en,gaussian,token,2,q32_d128,1.2,0.75,,0.06774541446717752,0.11141472679966893,0.04366931233249141,0.9048204130719794,3,0.004999500049995001,,10000,False
a3290645594d588e371ef5c0753214adb662f0aec8bb7595a964f3b1590fe065,scifact,beir/scifact,en,identity,pooled,0,native,1.2,0.75,,0.012071667565589316,0.41932124428946166,0.40724957672387235,2.1123560655303817,3,9.999000099990002e-05,,10000,False
0d0702583ae04e278ed5501342e3bec45872ccfad92efa8f1874263c78d34fb8,scifact,beir/scifact,en,identity,pooled,0,q16_d64,1.2,0.75,,0.008817573378086366,0.07801434250277223,0.06919676912468586,2.7391245428935815,3,9.999000099990002e-05,,10000,False
f3b3db411c2c77b0614ecb593f121de7dc69c0f527e3592dbb14ce5733b41eb2,scifact,beir/scifact,en,identity,pooled,0,q32_d128,0.6,0.0,,0.01789915588874473,0.18056040510681637,0.16266124921807162,2.3598885557755347,2,9.999000099990002e-05,,10000,False
25926b179c0a73dd1ebbba70c73dabffc91f83bb3b8c3c62e4af0fd8ba1acdb6,scifact,beir/scifact,en,identity,pooled,0,q32_d128,0.6,0.5,,0.01789915588874473,0.18493497116860985,0.1670358152798651,2.7263091421885637,3,9.999000099990002e-05,,10000,False
09c1fd57079437fe5ddcd248e4f1803c0bee429a785897c57bd2d6e098a19d4c,scifact,beir/scifact,en,identity,pooled,0,q32_d128,0.6,0.75,,0.01789915588874473,0.18923840995171587,0.17133925406297112,2.7742983266084487,3,9.999000099990002e-05,,10000,False
f353d4b20290b39524be9265848f8a866710b430df4ce8f9632952ca52854473,scifact,beir/scifact,en,identity,pooled,0,q32_d128,1.2,0.0,,0.01789915588874473,0.17878534757616632,0.16088619168742158,2.4891748868448866,2,9.999000099990002e-05,,10000,False
bba9c220fa4ef00936801b368097a01fcff283bf8cb2a27efbeb90003d7602b6,scifact,beir/scifact,en,identity,pooled,0,q32_d128,1.2,0.5,,0.01789915588874473,0.19180061312315352,0.1739014572344088,2.868549782812143,3,9.999000099990002e-05,,10000,False
bc38476c2df7e94ccf2d2a639b4c1f061606d920dc9a2cd59bdeb7ceb7158025,scifact,beir/scifact,en,identity,pooled,0,q32_d128,1.2,0.75,,0.01789915588874473,0.19663962912907387,0.17874047324032916,2.8594594952638452,3,9.999000099990002e-05,0.013998600139986002,10000,False
f832d45a7a18a551657412e7d5a899aaf2bfb4544945583a3cc4703e7c6170f1,scifact,beir/scifact,en,identity,pooled,0,q32_d128,1.2,0.75,shuffled_idf,0.01789915588874473,0.1828458319127792,0.16494667602403446,2.204024860788248,3,9.999000099990002e-05,,10000,False
58e13adda2d4e9428f309c24feeffb6f53fbd872b97febf58a43e5accff733ce,scifact,beir/scifact,en,identity,pooled,0,q32_d128,1.2,0.75,uniform_frequency,0.01789915588874473,0.22901873976125525,0.2111195838725105,2.5921794608734814,2,9.999000099990002e-05,,10000,False
ba43afb1525cd786fa8b72b45c66fc7b5cae33b48a8536de642637fe444315db,scifact,beir/scifact,en,identity,pooled,0,q32_d128,2.4,0.0,,0.01789915588874473,0.17503211615713185,0.15713296026838713,2.5576719951136444,2,9.999000099990002e-05,,10000,False
3cfc32028a438e32d3823a748deebee468fd16e919244a75162744598be55c27,scifact,beir/scifact,en,identity,pooled,0,q32_d128,2.4,0.5,,0.01789915588874473,0.19861531284219508,0.18071615695345034,2.9421576440656008,3,9.999000099990002e-05,,10000,False
63d23440607af5a1d8f58e36d80d6e101022aad5bd24046874688ad2964116e1,scifact,beir/scifact,en,identity,pooled,0,q32_d128,2.4,0.75,,0.01789915588874473,0.20395498248868235,0.18605582659993763,2.7879128014754455,3,9.999000099990002e-05,,10000,False
57d5a0f567a923023cd30a17630f443fd427b18e9fed1ace929bbb0429cf4c89,scifact,beir/scifact,en,identity,pooled,0,q64_d256,1.2,0.75,,0.026096339861137317,0.32221525271562723,0.29611891285448994,2.539864580755969,3,9.999000099990002e-05,,10000,False
75d42a715ce4b8b773637a7776ca3b11e4c9d1508b69296aa1ed4e12f3b54581,scifact,beir/scifact,en,identity,token,0,native,1.2,0.75,,0.006163037835592662,0.22903603890504115,0.2228730010694485,1.8404279609765386,3,9.999000099990002e-05,,10000,False
4188ff0805546e6fd64b8110c7385f0850b909da966e4414a022e5281ebdd5f1,scifact,beir/scifact,en,identity,token,0,q16_d64,1.2,0.75,,0.014763851316378238,0.07291723680050853,0.05815338548413029,2.6403624084245862,3,9.999000099990002e-05,,10000,False
e37c910ea671c9386ae5df86ef1a70db11d0cf112f9d7f4ff0322e2bbc175677,scifact,beir/scifact,en,identity,token,0,q32_d128,0.6,0.0,,0.03260545010851603,0.17516046970051652,0.14255501959200048,2.29935048389572,2,9.999000099990002e-05,,10000,False
ee2404774a3e5242279d040779a045ed04adf58fc090fe7b1927cb21898291a7,scifact,beir/scifact,en,identity,token,0,q32_d128,0.6,0.5,,0.03260545010851603,0.1735404216574005,0.14093497154888446,2.658744928547986,3,9.999000099990002e-05,,10000,False
1a80a3bc7163b626cc2916d9e0e316ce9639605ff613fd020c40462c4e09f0ad,scifact,beir/scifact,en,identity,token,0,q32_d128,0.6,0.75,,0.03260545010851603,0.1729047176451473,0.14029926753663127,2.591623108575368,3,9.999000099990002e-05,,10000,False
9aeeef0a6d54d4f874d413932716210bd006e2bafc9f392cd9411de36c3c3614,scifact,beir/scifact,en,identity,token,0,q32_d128,1.2,0.0,,0.03260545010851603,0.17582231290127573,0.1432168627927597,2.3115243405313435,2,9.999000099990002e-05,,10000,False
2eab54b0f3b84faa68796a2049391d6964297a0f5360499fac511d744795e042,scifact,beir/scifact,en,identity,token,0,q32_d128,1.2,0.5,,0.03260545010851603,0.1775872346277719,0.14498178451925586,2.7084508655768995,3,9.999000099990002e-05,,10000,False
b0f30508a4c5caa9dc33f80a0376337f3bf2c71b90ebbaa14469e531839e9350,scifact,beir/scifact,en,identity,token,0,q32_d128,1.2,0.75,,0.03260545010851603,0.1755256043569114,0.14292015424839535,2.614437022807506,3,9.999000099990002e-05,0.013998600139986002,10000,False
4e9774cd74da78ee15ae78ca47db8e198b4f8b2de4c3f9a65f7689586caeafaf,scifact,beir/scifact,en,identity,token,0,q32_d128,1.2,0.75,shuffled_idf,0.03260545010851603,0.15281068354676186,0.12020523343824582,1.8449368547908767,3,9.999000099990002e-05,,10000,False
3efa9944aea042d82422ad28d3475c474ecb79c0185b5388821095a38d3aba30,scifact,beir/scifact,en,identity,token,0,q32_d128,1.2,0.75,uniform_frequency,0.03260545010851603,0.20400357193918367,0.17139812183066763,2.449731391593977,2,9.999000099990002e-05,,10000,False
2ee9a15b818e35834097fbdfdbf7f97ba8a10814eb7df821dc5195f8fb68af17,scifact,beir/scifact,en,identity,token,0,q32_d128,2.4,0.0,,0.03260545010851603,0.17894250108026333,0.1463370509717473,2.4287297694791854,2,9.999000099990002e-05,,10000,False
4264bdc9188b194a0af32ea32a9bfc8f244f2227af9e79d241d391da2c2fe912,scifact,beir/scifact,en,identity,token,0,q32_d128,2.4,0.5,,0.03260545010851603,0.17812776787399712,0.14552231776548108,2.722971727756246,3,9.999000099990002e-05,,10000,False
b40dd6e8e702a9eefc5653ad346e5f995c4795d9d873a016ac1fb0b7c8cc9703,scifact,beir/scifact,en,identity,token,0,q32_d128,2.4,0.75,,0.03260545010851603,0.18051960515768437,0.14791415504916833,2.693434811385725,3,9.999000099990002e-05,,10000,False
f7501b00ae57ea2b7dcf340e6170a20cacb22307022b00f0741b1e9fff314e3a,scifact,beir/scifact,en,identity,token,0,q64_d256,1.2,0.75,,0.04011947340741894,0.28657456520839736,0.2464550918009784,2.408909217036169,3,9.999000099990002e-05,,10000,False
81be291a9d6ae2bd350403689579cc246ec739a852fa9e9db8499ae420fad981,scifact,beir/scifact,en,kmeans,pooled,0,native,1.2,0.75,,0.027397366354751027,0.025939021854903734,-0.0014583444998472923,-1.7109424303142722,2,0.19708029197080293,,10000,False
9d98c7cb551a1f611d727711cfc14d52083b37a401dddc1539abcb4e903e4ce4,scifact,beir/scifact,en,kmeans,pooled,0,q16_d64,1.2,0.75,,0.027397366354751027,0.025939021854903734,-0.0014583444998472923,-1.7109424303142722,2,0.19708029197080293,,10000,False
187bf25f0d25b594a23240b96da52c258391f88d6b4bc1395cdb3120a55e1b25,scifact,beir/scifact,en,kmeans,pooled,0,q32_d128,0.6,0.0,,0.027397366354751027,0.025836869787815336,-0.0015604965669356909,-1.776856452331656,2,0.1640835916408359,,10000,False
21b5e04ba9771bfd16789679e747d8eefbc4d51e61af5ad515a89b10d48c631f,scifact,beir/scifact,en,kmeans,pooled,0,q32_d128,0.6,0.5,,0.027397366354751027,0.025836869787815336,-0.0015604965669356909,-1.776856452331656,2,0.1640835916408359,,10000,False
369f75e2ec51463c953c70676b6a03497108d601e2894ea8654d33cc52448d3c,scifact,beir/scifact,en,kmeans,pooled,0,q32_d128,0.6,0.75,,0.027397366354751027,0.025836869787815336,-0.0015604965669356909,-1.776856452331656,2,0.1640835916408359,,10000,False
f806d5599e988ba2a93c71ab6e54714197a580e263a9d87954d749bb7fa4b481,scifact,beir/scifact,en,kmeans,pooled,0,q32_d128,1.2,0.0,,0.027397366354751027,0.025939021854903734,-0.0014583444998472923,-1.7109424303142722,2,0.19708029197080293,,10000,False
7068c569c94a7063148b7a1f92f7050e68066803aaa046f808fed5d975abc700,scifact,beir/scifact,en,kmeans,pooled,0,q32_d128,1.2,0.5,,0.027397366354751027,0.025939021854903734,-0.0014583444998472923,-1.7109424303142722,2,0.19708029197080293,,10000,False
de8a77022d683ed8ea59a4e776198ea28fde6ed11d99437f57791710d383ddfb,scifact,beir/scifact,en,kmeans,pooled,0,q32_d128,1.2,0.75,,0.027397366354751027,0.025939021854903734,-0.0014583444998472923,-1.7109424303142722,2,0.19708029197080293,1.0,10000,False
cf36a9a5edd4990baf683a304852b1f68dd721464b05420b89baf03ba4c3eb58,scifact,beir/scifact,en,kmeans,pooled,0,q32_d128,1.2,0.75,shuffled_idf,0.027397366354751027,0.02783379886665588,0.00043643251190485233,2.0,1,0.6383361663833617,,10000,False
fd75ae049dae93174a029309c242c9bf5307076caeff06f606849e89703d85ff,scifact,beir/scifact,en,kmeans,pooled,0,q32_d128,1.2,0.75,uniform_frequency,0.027397366354751027,0.02783379886665588,0.00043643251190485233,2.0,1,0.6383361663833617,,10000,False
1fac3b680682a951cea23ca43dc2d72a9f2883e4e55f4b200e26e3d381d0a18f,scifact,beir/scifact,en,kmeans,pooled,0,q32_d128,2.4,0.0,,0.027397366354751027,0.025939021854903734,-0.0014583444998472923,-1.7109424303142722,2,0.19708029197080293,,10000,False
2a2e5fcd8370cf5c59dee80beae6b223cc83aa866725ed447c1ae141d7c3098c,scifact,beir/scifact,en,kmeans,pooled,0,q32_d128,2.4,0.5,,0.027397366354751027,0.025939021854903734,-0.0014583444998472923,-1.7109424303142722,2,0.19708029197080293,,10000,False
16ed02cc5527d4e88b04d673fb522235e9525d361878527d041c3f67f3106304,scifact,beir/scifact,en,kmeans,pooled,0,q32_d128,2.4,0.75,,0.027397366354751027,0.025939021854903734,-0.0014583444998472923,-1.7109424303142722,2,0.19708029197080293,,10000,False
fe6da2fdda5da930be58f53b7f4cf9ab0ab245fa26dbfd0ca4d5cd630c3f6ed8,scifact,beir/scifact,en,kmeans,pooled,0,q64_d256,1.2,0.75,,0.027397366354751027,0.025939021854903734,-0.0014583444998472923,-1.7109424303142722,2,0.19708029197080293,,10000,False
fd791e0505e357250def6ccd7cf636a1a5bc12ebdd80d725c2bf9e732d22e488,scifact,beir/scifact,en,kmeans,pooled,1,q32_d128,1.2,0.75,,0.01581019998114188,0.020059275202686664,0.004249075221544784,2.0,1,0.11828817118288171,,10000,False
112f0fa5960d94bdcf2411c4d901d60cd4d6a4af32abad0c8f3facb8ccd6385a,scifact,beir/scifact,en,kmeans,pooled,2,q32_d128,1.2,0.75,,0.022222222222222223,0.024768921860244642,0.002546699638022419,2.3204427331697564,2,0.268973102689731,,10000,False
e701dc64a00fc3b6f2ffbcb36e3bd81752bd48351f22ff6df989e1ff3f0c0eae,scifact,beir/scifact,en,kmeans,token,0,native,1.2,0.75,,0.10716428473165832,0.44188795071576475,0.3347236659841064,2.1338357441868774,3,9.999000099990002e-05,,10000,False
ed5f99c0c80968308e712dacfde14886ef12e7525815370fa5b7029f7d4d7b06,scifact,beir/scifact,en,kmeans,token,0,q16_d64,1.2,0.75,,0.09647480441736334,0.2551772230831681,0.15870241866580476,2.2562573338964786,3,9.999000099990002e-05,,10000,False
851d5b9ffccd830b00825d2735bf93785c85b1a5ceca7ed05b82447927e960fa,scifact,beir/scifact,en,kmeans,token,0,q32_d128,0.6,0.0,,0.10177256744427589,0.39029536652212105,0.28852279907784517,2.137826528733786,2,9.999000099990002e-05,,10000,False
ff8f9db4fa6139cb5fe0e30b38e56bd823815ca805c7f7a7a21b7c92522d9adc,scifact,beir/scifact,en,kmeans,token,0,q32_d128,0.6,0.5,,0.10177256744427589,0.39197171190260377,0.2901991444583279,2.232260336928089,3,9.999000099990002e-05,,10000,False
1b61765b148c79641b342282d01c27115729e387b13c3ec7e37ee021d1f43474,scifact,beir/scifact,en,kmeans,token,0,q32_d128,0.6,0.75,,0.10177256744427589,0.38848579609803896,0.2867132286537631,2.2023681536463724,3,9.999000099990002e-05,,10000,False
25ef6c7aedee37bd6df3d6e39223b9b2a6e21ea458c1b08e50d7f22dcbdbaa59,scifact,beir/scifact,en,kmeans,token,0,q32_d128,1.2,0.0,,0.10177256744427589,0.3985193609280927,0.29674679348381683,2.1936179722926137,2,9.999000099990002e-05,,10000,False
40d6075825ae14c0b9c786faba59f1c283eaba39ccce9c4fbb6600107523ed11,scifact,beir/scifact,en,kmeans,token,0,q32_d128,1.2,0.5,,0.10177256744427589,0.3898259769980086,0.2880534095537327,2.2076257708082703,3,9.999000099990002e-05,,10000,False
ac3849aa83d074193f0fcd6a83edfcdbd64b16108189e5b180ea17cdd98c05f7,scifact,beir/scifact,en,kmeans,token,0,q32_d128,1.2,0.75,,0.10177256744427589,0.38832469336181413,0.28655212591753826,2.2063219029108345,3,9.999000099990002e-05,0.013998600139986002,10000,False
7bf9c7f72cac74939721bb1e6dbd96ecf5b78491e3ef77ad054821102abe88d0,scifact,beir/scifact,en,kmeans,token,0,q32_d128,1.2,0.75,shuffled_idf,0.10177256744427589,0.3864247223276927,0.28465215488341683,2.1250741676719267,3,9.999000099990002e-05,,10000,False
d5949c78eab95c760486fb33220d24254a8deb499e63371b02b1a9c15d76a662,scifact,beir/scifact,en,kmeans,token,0,q32_d128,1.2,0.75,uniform_frequency,0.10177256744427589,0.38625879865022916,0.2844862312059533,2.112370540749275,2,9.999000099990002e-05,,10000,False
754a8418cf349d78c45563de0f62c0ec23a9fa6e7b879770d7f3dccd1160ab94,scifact,beir/scifact,en,kmeans,token,0,q32_d128,2.4,0.0,,0.10177256744427589,0.39260327969741454,0.29083071225313867,2.22941771781835,2,9.999000099990002e-05,,10000,False
6971186adfa8a7a761182d9114aa3b74249569f1c5a552c58d95b83f4b56e076,scifact,beir/scifact,en,kmeans,token,0,q32_d128,2.4,0.5,,0.10177256744427589,0.3938979270449331,0.2921253596006572,2.314835601194691,3,9.999000099990002e-05,,10000,False
4b938f9a2f21faaa6f3a636368c6646f6887f82aae56364ec91d7b96945c52be,scifact,beir/scifact,en,kmeans,token,0,q32_d128,2.4,0.75,,0.10177256744427589,0.3876944430068704,0.2859218755625945,2.27164707212649,3,9.999000099990002e-05,,10000,False
f29bdf92701c32c82be204176db00144926097f0469313c04b5b09db9d007313,scifact,beir/scifact,en,kmeans,token,0,q64_d256,1.2,0.75,,0.10611273514237257,0.45387068946424575,0.3477579543218732,2.173318521320572,3,9.999000099990002e-05,,10000,False
7b87c020a98217cebbeb80758e1e521b5f94641a50c2462a1a8deac0a4c4a7bd,scifact,beir/scifact,en,kmeans,token,1,q32_d128,1.2,0.75,,0.10894553014167828,0.3877285494647373,0.278783019323059,2.15772727779335,3,9.999000099990002e-05,,10000,False
6d9333e3c74ccb5a4f515c53fccf63690a3fd7e91b4b78b03b3a6c8f8ee82350,scifact,beir/scifact,en,kmeans,token,2,q32_d128,1.2,0.75,,0.13004542117983123,0.41810659214857604,0.28806117096874484,2.1349340287381358,3,9.999000099990002e-05,,10000,False
bd8b542e0ea3af649764f541fc2d0d199dc51312fb126ee6f9720e953d1a6c7e,scifact,beir/scifact,en,pca,pooled,0,native,1.2,0.75,,0.23362246306457776,0.1922076433509371,-0.041414819713640666,-0.1891320736127385,3,0.009499050094990502,,10000,False
4677e777668e8f3a252d5acbd4512a3a7187306963fb38edf3d7fdc6f10594b6,scifact,beir/scifact,en,pca,pooled,0,q16_d64,1.2,0.75,,0.07675617986594861,0.0807922365066004,0.004036056640651792,0.07125325781685854,3,0.7328267173282672,,10000,False
5d3b115e2c2f6fd077ddb5bf1970926a0042b2b9d24a817fe8a9423790730b71,scifact,beir/scifact,en,pca,pooled,0,q32_d128,0.6,0.0,,0.15319544876536595,0.1670370666780636,0.01384161791269764,0.13146537933169605,2,0.36636336366363365,,10000,False
e7f3873c4327ba3d18617166471d7682f24cd7c39be48b681e39b222d49b4538,scifact,beir/scifact,en,pca,pooled,0,q32_d128,0.6,0.5,,0.15319544876536595,0.17850589010890655,0.0253104413435406,0.24305493149202645,3,0.11638836116388361,,10000,False
299377af781feeb321411c63bdd15431b93edca6063ab0aa9182fe59b21e72c6,scifact,beir/scifact,en,pca,pooled,0,q32_d128,0.6,0.75,,0.15319544876536595,0.18435900701238597,0.031163558247020023,0.29120026355195555,3,0.056194380561943806,,10000,False
1f57b14bce4cc98d9a1efa461c02a370ea94abe3cd938673b7a8c1336dd05f2b,scifact,beir/scifact,en,pca,pooled,0,q32_d128,1.2,0.0,,0.15319544876536595,0.1493169889314548,-0.0038784598339111354,-0.03696322172079262,2,0.7912208779122087,,10000,False
30fc4abc158ed5379c23f2b277e929c5773bc0d20e3e53e2ea3e4b31d11d2d54,scifact,beir/scifact,en,pca,pooled,0,q32_d128,1.2,0.5,,0.15319544876536595,0.16811684458924392,0.01492139582387797,0.14186641111016454,3,0.34796520347965204,,10000,False
2b3d1131b364532c010ac3b8af7466feee8640594c324755c6eca0fcd6f1122c,scifact,beir/scifact,en,pca,pooled,0,q32_d128,1.2,0.75,,0.15319544876536595,0.17632085291793978,0.02312540415257383,0.21136196858472525,3,0.1556844315568443,1.0,10000,False
253100db95dfbccabadc4676e9b4bfd469605cdd4da07d416d94529b143991a8,scifact,beir/scifact,en,pca,pooled,0,q32_d128,1.2,0.75,shuffled_idf,0.15319544876536595,0.3671510038483251,0.21395555508295916,2.8032001246391625,3,9.999000099990002e-05,,10000,False
970fd64cc7b8646d6ea22a8d34114cd56dd7bd4d9238f06b140f7289ae9c13ab,scifact,beir/scifact,en,pca,pooled,0,q32_d128,1.2,0.75,uniform_frequency,0.15319544876536595,0.38552408796966614,0.2323286392043002,2.615168216156226,2,9.999000099990002e-05,,10000,False
ac3a93e9cfb8591a3f1bcb2528b35fcd446f48df18c6dc1d51f18107f85d67f0,scifact,beir/scifact,en,pca,pooled,0,q32_d128,2.4,0.0,,0.15319544876536595,0.12820557975256713,-0.024989869012798815,-0.253902487517402,2,0.0805919408059194,,10000,False
4942abdebed4033816ea971fcb54a1fda352d1df4ad2db649edd149138f5f2c7,scifact,beir/scifact,en,pca,pooled,0,q32_d128,2.4,0.5,,0.15319544876536595,0.1452058062640435,-0.007989642501322447,-0.07716212571535813,3,0.5802419758024198,,10000,False
84a769db9730be893483fd234d464d42920ba8b54cbf9f95342f30e0e5a48fe5,scifact,beir/scifact,en,pca,pooled,0,q32_d128,2.4,0.75,,0.15319544876536595,0.16611420964236642,0.012918760877000474,0.11884803658883228,3,0.41155884411558846,,10000,False
f839a2b384e9a6cb6064a34bc482d77d1640c1ebd9fb0cbd79eaaf745338621e,scifact,beir/scifact,en,pca,pooled,0,q64_d256,1.2,0.75,,0.23350696842190458,0.21390718250122215,-0.019599785920682428,-0.11534174061358128,3,0.23347665233476653,,10000,False
6399aa455e90c2abe68ed76a6ca9964fd2f7e088da2dcdfcc6742946206366fe,scifact,beir/scifact,en,pca,token,0,native,1.2,0.75,,0.1385224353911357,0.47265651192219443,0.33413407653105875,2.4412396031019825,3,9.999000099990002e-05,,10000,False
5c8ae5313d51b44dcec4c8ec5c4dd6bb1d8ee7c8ea60d69041f5d7f046d03b16,scifact,beir/scifact,en,pca,token,0,q16_d64,1.2,0.75,,0.06158102819322528,0.2199208151782384,0.1583397869850131,2.7814523291845297,3,9.999000099990002e-05,,10000,False
43f6409e6e8e132d3549037dfa79633aa62d0fe6f863a77a2b4c3f520ad71b96,scifact,beir/scifact,en,pca,token,0,q32_d128,0.6,0.0,,0.11136876827534181,0.3716113681149146,0.26024259983957276,2.29763512102226,2,9.999000099990002e-05,,10000,False
dde703ab5ec88e17d25c4769b899ff8e1f94f2ac303e5737c71cc125e883ea29,scifact,beir/scifact,en,pca,token,0,q32_d128,0.6,0.5,,0.11136876827534181,0.369293068018626,0.2579242997432842,2.566631277931631,3,9.999000099990002e-05,,10000,False
25335251bbd1534630475480be90ba790da5032faab7e9b0eb994693fdb5cb09,scifact,beir/scifact,en,pca,token,0,q32_d128,0.6,0.75,,0.11136876827534181,0.3699098328337658,0.25854106455842396,2.614042090941168,3,9.999000099990002e-05,,10000,False
1e70a7a42ee11f2f59729410994191d2fdb0979e84a6417229ea882022f511c4,scifact,beir/scifact,en,pca,token,0,q32_d128,1.2,0.0,,0.11136876827534181,0.3800753074816021,0.2687065392062603,2.316683245666876,2,9.999000099990002e-05,,10000,False
1131d27d82032bf3a41948f8b0bf5d588f6cba68b1541948d16b12466d1f4e15,scifact,beir/scifact,en,pca,token,0,q32_d128,1.2,0.5,,0.11136876827534181,0.37642083627222234,0.2650520679968805,2.585953601542281,3,9.999000099990002e-05,,10000,False
fe293cc179ad4f3f66f794e0710656bfbb5176175d4b1be067cb98176bf8fdd5,scifact,beir/scifact,en,pca,token,0,q32_d128,1.2,0.75,,0.11136876827534181,0.3736137858620495,0.2622450175867077,2.6103267709909113,3,9.999000099990002e-05,0.013998600139986002,10000,False
2c92dcaf58b1ef1f7d049bfd57f58317a1c863a25d3ada86d23dc060877c10a5,scifact,beir/scifact,en,pca,token,0,q32_d128,1.2,0.75,shuffled_idf,0.11136876827534181,0.3497285014426526,0.2383597331673108,1.9886229862156604,3,9.999000099990002e-05,,10000,False
6166a55944c8225e5a8e3eefc2b8ca5444e97a2d73e9f73fceac1292e1ff8bb1,scifact,beir/scifact,en,pca,token,0,q32_d128,1.2,0.75,uniform_frequency,0.11136876827534181,0.4055152817967907,0.2941465135214489,2.4169335790806232,2,9.999000099990002e-05,,10000,False
c43002f97925fe143566bf7d95a438e5346ecd696bf44c0cce9fd355056ce795,scifact,beir/scifact,en,pca,token,0,q32_d128,2.4,0.0,,0.11136876827534181,0.3841365742725873,0.2727678059972455,2.341666829394592,2,9.999000099990002e-05,,10000,False
1ec7fde5f667cc6fe40e450f756bfb9c4ad5424a6c0f7a21772305ddf6d60df9,scifact,beir/scifact,en,pca,token,0,q32_d128,2.4,0.5,,0.11136876827534181,0.3833589074112654,0.27199013913592357,2.6194645372139282,3,9.999000099990002e-05,,10000,False
ccc4745255112076ed290109c38e21c0d314aac4ef7f5af4d74b699ff4be2e87,scifact,beir/scifact,en,pca,token,0,q32_d128,2.4,0.75,,0.11136876827534181,0.38169897222503674,0.2703302039496949,2.6591882571088807,3,9.999000099990002e-05,,10000,False
a3c49d4cd37bf38ff195ff6624b125494ba075bab54fc462ac6d4233afe69f0c,scifact,beir/scifact,en,pca,token,0,q64_d256,1.2,0.75,,0.15462229973622152,0.5301452639926052,0.37552296425638365,2.774735377539098,3,9.999000099990002e-05,,10000,False
6cd2c9db543aab77a3010fa2986216e900e0ce1d546a99c5ecf861d4d346d6d2,scifact,beir/scifact,en,pq,pooled,0,native,1.2,0.75,,0.018271977799869107,0.01744416903654287,-0.0008278087633262383,-2.0,1,0.5526447355264473,,10000,False
6e1b894df5660fa6be253306d4cbbea50417e1f59ace18066443c169fa2d838e,scifact,beir/scifact,en,pq,pooled,0,q16_d64,1.2,0.75,,0.018271977799869107,0.01744416903654287,-0.0008278087633262383,-2.0,1,0.5526447355264473,,10000,False
2065c8538f3448fa2b797967513e41ae2fc1a53b1bf8bcb51ac03703ff7567b5,scifact,beir/scifact,en,pq,pooled,0,q32_d128,0.6,0.0,,0.018271977799869107,0.01744416903654287,-0.0008278087633262383,-2.0,1,0.5526447355264473,,10000,False
b8d801155a9f30c56a83026dcc05c93da9792127e33fc5fedd0ae4c20db2c348,scifact,beir/scifact,en,pq,pooled,0,q32_d128,0.6,0.5,,0.018271977799869107,0.01744416903654287,-0.0008278087633262383,-2.0,1,0.5526447355264473,,10000,False
ff5b2aeec2ed573ccbc6352353599b0a8138f380810e0723bc93e5293562b0bd,scifact,beir/scifact,en,pq,pooled,0,q32_d128,0.6,0.75,,0.018271977799869107,0.01744416903654287,-0.0008278087633262383,-2.0,1,0.5526447355264473,,10000,False
297375e5986512495c244817ae510971005c6b1e5ab287d4d90298800fd4edc6,scifact,beir/scifact,en,pq,pooled,0,q32_d128,1.2,0.0,,0.018271977799869107,0.01744416903654287,-0.0008278087633262383,-2.0,1,0.5526447355264473,,10000,False
71b120eaab31a8847f105b4d41b6ef1b2bc06ab9947f901b39f1a3bee060b7dc,scifact,beir/scifact,en,pq,pooled,0,q32_d128,1.2,0.5,,0.018271977799869107,0.01744416903654287,-0.0008278087633262383,-2.0,1,0.5526447355264473,,10000,False
913d4bd54c59fa41448f446cffd7de24fa894566af66d8d295ab35baf6c87998,scifact,beir/scifact,en,pq,pooled,0,q32_d128,1.2,0.75,,0.018271977799869107,0.01744416903654287,-0.0008278087633262383,-2.0,1,0.5526447355264473,1.0,10000,False
69f0ff35b56f4c747925087005de2251e7194af4b02a8e1abb231fb2b0db2758,scifact,beir/scifact,en,pq,pooled,0,q32_d128,1.2,0.75,shuffled_idf,0.018271977799869107,0.017532498272833413,-0.0007394795270356941,-2.0,1,0.3180681931806819,,10000,False
921b604e670008caa0d02e4cd39c78767fc3dce1daee13a026af2def90f8f56f,scifact,beir/scifact,en,pq,pooled,0,q32_d128,1.2,0.75,uniform_frequency,0.018271977799869107,0.018271977799869107,0.0,,0,1.0,,10000,False
6d56676e733496e863d76db64d7be7179bc63dd90b774aceb142b9bcddbc94ad,scifact,beir/scifact,en,pq,pooled,0,q32_d128,2.4,0.0,,0.018271977799869107,0.01744416903654287,-0.0008278087633262383,-2.0,1,0.5526447355264473,,10000,False
ce90523f36ac118aa55cebeeb23dcd84d945fee24d34f483e7e8fa67a1accc15,scifact,beir/scifact,en,pq,pooled,0,q32_d128,2.4,0.5,,0.018271977799869107,0.01744416903654287,-0.0008278087633262383,-2.0,1,0.5526447355264473,,10000,False
29ec7c65105f71f881dad09163edca6364affd136f4abb1d153972b52a5d0614,scifact,beir/scifact,en,pq,pooled,0,q32_d128,2.4,0.75,,0.018271977799869107,0.01744416903654287,-0.0008278087633262383,-2.0,1,0.5526447355264473,,10000,False
a11de4c2de9c92edbb689331a37bf238f5a8791d7875fe4cd3770dd455f71d4f,scifact,beir/scifact,en,pq,pooled,0,q64_d256,1.2,0.75,,0.018271977799869107,0.01744416903654287,-0.0008278087633262383,-2.0,1,0.5526447355264473,,10000,False
729ac55fa434dcf78f86eaf3c8edee0f5487a9d9b39f8dd99559ee08f8af59be,scifact,beir/scifact,en,pq,pooled,1,q32_d128,1.2,0.75,,0.018879661683812124,0.01602723013451835,-0.0028524315492937727,-2.0,1,0.07589241075892411,,10000,False
02fb39293e9bdf6dac03c3b2f9d47d2af51f005b83d85f2a9ceb6be93cec0d5e,scifact,beir/scifact,en,pq,pooled,2,q32_d128,1.2,0.75,,0.010118836724512012,0.008102255193577976,-0.0020165815309340362,-2.0,1,0.2546745325467453,,10000,False
66702ba13417563eadc9f12db106054ed6d9d21a39a117211465ed576f0e8808,scifact,beir/scifact,en,pq,token,0,native,1.2,0.75,,0.12289346449216668,0.3924465260603125,0.26955306156814585,2.2183737468923246,3,9.999000099990002e-05,,10000,False
c1986718b395bd13e96d2792dbead0390754d054d0a54d0c92d4fe5336dbdce8,scifact,beir/scifact,en,pq,token,0,q16_d64,1.2,0.75,,0.0692567128557501,0.1635269162067211,0.09427020335097101,2.4597339045882776,3,9.999000099990002e-05,,10000,False
78b012eca405e404d65380195114d3e8b975894d723a749a902d6adb23ce2ab7,scifact,beir/scifact,en,pq,token,0,q32_d128,0.6,0.0,,0.09974126549587624,0.2577156110873806,0.15797434559150436,2.2113149478836602,2,9.999000099990002e-05,,10000,False
0a5361554ebfdbc01528384f1dd03137243d8f1db5f2477626e8caefc29e0b68,scifact,beir/scifact,en,pq,token,0,q32_d128,0.6,0.5,,0.09974126549587624,0.26007874923870594,0.1603374837428297,2.2967417051515793,3,9.999000099990002e-05,,10000,False
8e97cd6a5120dee582ebb21c5277e4add68efc3233dae9da7b11ff19a7529abd,scifact,beir/scifact,en,pq,token,0,q32_d128,0.6,0.75,,0.09974126549587624,0.2574805058505723,0.15773924035469605,2.2289217792453395,3,9.999000099990002e-05,,10000,False
70425e0bdc630386a36e862d5d96632feb36497571b17429113a825b5517e814,scifact,beir/scifact,en,pq,token,0,q32_d128,1.2,0.0,,0.09974126549587624,0.2665893832811393,0.16684811778526304,2.231266852440027,2,9.999000099990002e-05,,10000,False
ca3c304ffc0c476ae231c3a72ff21c053f1ae004e1c3cd17af77aaf4daabbb48,scifact,beir/scifact,en,pq,token,0,q32_d128,1.2,0.5,,0.09974126549587624,0.26872349592025285,0.1689822304243766,2.3251278504691584,3,9.999000099990002e-05,,10000,False
e1d113e96598814be8188d03ae45d8dc41bdd5a12d948e4d081744f227d42a28,scifact,beir/scifact,en,pq,token,0,q32_d128,1.2,0.75,,0.09974126549587624,0.26679831110463276,0.1670570456087565,2.2380145183876454,3,9.999000099990002e-05,0.013998600139986002,10000,False
7d4ecfec647e5ad7f28cee3af8b22c497f53d88ba656741b8af22642d644bf0a,scifact,beir/scifact,en,pq,token,0,q32_d128,1.2,0.75,shuffled_idf,0.09974126549587624,0.23465740833233775,0.13491614283646153,1.82964970644813,3,9.999000099990002e-05,,10000,False
4f815dacc19d0a1fcb55ecabc01fde4511bd9b8659d02e79416de985a92a6c39,scifact,beir/scifact,en,pq,token,0,q32_d128,1.2,0.75,uniform_frequency,0.09974126549587624,0.2497508531815428,0.15000958768566658,1.9629494486536752,3,9.999000099990002e-05,,10000,False
3901ac6d2a19f6156f148ca5ff8426a4de6354db447dee106904645bafa38a39,scifact,beir/scifact,en,pq,token,0,q32_d128,2.4,0.0,,0.09974126549587624,0.27498526161349235,0.1752439961176161,2.281573547908238,2,9.999000099990002e-05,,10000,False
27ecfc29e5f95b56107bd033b0cfd6acb8ad9c24b208ae7f055bb2fd5959e4bd,scifact,beir/scifact,en,pq,token,0,q32_d128,2.4,0.5,,0.09974126549587624,0.28058564692760124,0.180844381431725,2.363080418075059,3,9.999000099990002e-05,,10000,False
ec5833bdc5a7f29245d75eb9c5aefd99dace468fcd4cf0a0a68d798d66496bd7,scifact,beir/scifact,en,pq,token,0,q32_d128,2.4,0.75,,0.09974126549587624,0.27768811594261306,0.1779468504467368,2.2955813890056933,3,9.999000099990002e-05,,10000,False
74261fc5dde40c5549cbc6c8b065412f5dbd85a8ecbf1fc685c11c6cd97597c8,scifact,beir/scifact,en,pq,token,0,q64_d256,1.2,0.75,,0.11319296728824514,0.3492012173270286,0.23600825003878345,2.1548003263498847,3,9.999000099990002e-05,,10000,False
5776b17b75b1585f25930e0bc52ec3dbb1fab4636b41b6fb068d78cbc4c86b7c,scifact,beir/scifact,en,pq,token,1,q32_d128,1.2,0.75,,0.10862709085195799,0.27051032445634643,0.16188323360438844,2.416014980171341,3,9.999000099990002e-05,,10000,False
7d3ecdefab6f22ce5b80e16888f8cb2ac6bf1aad0c0ea53bc1ada8cc536710cc,scifact,beir/scifact,en,pq,token,2,q32_d128,1.2,0.75,,0.10903449225699492,0.29587029885851956,0.18683580660152466,2.404183196789399,3,9.999000099990002e-05,,10000,False
b72081540ecd2acf3dc4e303db569e82cc871795f64bf964ae229a92d9f78b94,scifact,beir/scifact,en,rq,pooled,0,native,1.2,0.75,,0.05425129550560507,0.07413546307864337,0.0198841675730383,2.0,1,0.015998400159984,,10000,False
fc8a28ae48dba15bf37308f2158421a32540ee90e8f70f8d7745c79e729d82b2,scifact,beir/scifact,en,rq,pooled,0,q16_d64,1.2,0.75,,0.05425129550560507,0.07413546307864337,0.0198841675730383,2.0,1,0.015998400159984,,10000,False
63dd398a013a4e67281d6c90306816f881b67a428e3dffae26734dc671234a48,scifact,beir/scifact,en,rq,pooled,0,q32_d128,0.6,0.0,,0.05425129550560507,0.07413546307864337,0.0198841675730383,2.0,1,0.015998400159984,,10000,False
0cf92bbda2cf54200927653308b7aa38b4fa7ebcb9b645790debb248cf0ae0cb,scifact,beir/scifact,en,rq,pooled,0,q32_d128,0.6,0.5,,0.05425129550560507,0.07413546307864337,0.0198841675730383,2.0,1,0.015998400159984,,10000,False
29dcfab5648d36940cfad6d85a055a365c20572e2a61f1aaff113b027324b2e6,scifact,beir/scifact,en,rq,pooled,0,q32_d128,0.6,0.75,,0.05425129550560507,0.07413546307864337,0.0198841675730383,2.0,1,0.015998400159984,,10000,False
222e2244e7919caea3ad8cf3a0e98d784ca9e512a67cce5f476b036100a4ec84,scifact,beir/scifact,en,rq,pooled,0,q32_d128,1.2,0.0,,0.05425129550560507,0.07413546307864337,0.0198841675730383,2.0,1,0.015998400159984,,10000,False
ef37c3e6bfda7c085da86a63075eb59942a5f83e72d928d353eb91cc56cb749c,scifact,beir/scifact,en,rq,pooled,0,q32_d128,1.2,0.5,,0.05425129550560507,0.07413546307864337,0.0198841675730383,2.0,1,0.015998400159984,,10000,False
4ae27d43fade3427edc98fa3ca6ea4e7be717f660900fcaf1d1c9c9644a8fcc1,scifact,beir/scifact,en,rq,pooled,0,q32_d128,1.2,0.75,,0.05425129550560507,0.07413546307864337,0.0198841675730383,2.0,1,0.015998400159984,0.591940805919408,10000,False
f5d7a0cc9346799a76ae7acc9e89f5bf30e78a688caaa725c732626d02726417,scifact,beir/scifact,en,rq,pooled,0,q32_d128,1.2,0.75,shuffled_idf,0.05425129550560507,0.057892455040936354,0.0036411595353312842,2.0,1,0.5242475752424758,,10000,False
b49641d52f84b912508285c4e2c5538796bb01afd14d77b7f1d76f0049c99211,scifact,beir/scifact,en,rq,pooled,0,q32_d128,1.2,0.75,uniform_frequency,0.05425129550560507,0.05425129550560507,0.0,,0,1.0,,10000,False
b90754896d012143ac2027b092e95e627b9f87c0cac1bfe078611eb218c1aa90,scifact,beir/scifact,en,rq,pooled,0,q32_d128,2.4,0.0,,0.05425129550560507,0.07413546307864337,0.0198841675730383,2.0,1,0.015998400159984,,10000,False
4714b7a5117883149df5c1079b41de54e50a5e609ecc5680104b37b0c9947f97,scifact,beir/scifact,en,rq,pooled,0,q32_d128,2.4,0.5,,0.05425129550560507,0.07413546307864337,0.0198841675730383,2.0,1,0.015998400159984,,10000,False
012d45aa5bf517e06d65ed9220135b1aac0bd842c3dd6ac9b053f39c77dd3777,scifact,beir/scifact,en,rq,pooled,0,q32_d128,2.4,0.75,,0.05425129550560507,0.07413546307864337,0.0198841675730383,2.0,1,0.015998400159984,,10000,False
597a2a2f7b87f35c61acec327061eddcee9ae92244fa2396c02f1da05e64de40,scifact,beir/scifact,en,rq,pooled,0,q64_d256,1.2,0.75,,0.05425129550560507,0.07413546307864337,0.0198841675730383,2.0,1,0.015998400159984,,10000,False
2ad767bc92808ee8875acd9ca918c3e0350d5bfb7a80c9c206b49856d5b6eb6a,scifact,beir/scifact,en,rq,pooled,1,q32_d128,1.2,0.75,,0.03187713382749619,0.043309233950350905,0.011432100122854713,2.0,1,0.0522947705229477,,10000,False
a1211320c3db9443142187b0360deaf57ac223123b826ae04c9166ad87fe16f3,scifact,beir/scifact,en,rq,pooled,2,q32_d128,1.2,0.75,,0.04939983008174626,0.0526163480938812,0.0032165180121349404,2.0,1,0.6532346765323468,,10000,False
d21a2ef36e9dc96bbf62815e9938f8a37fe97204af13497a2c0847ab121dfe25,scifact,beir/scifact,en,rq,token,0,native,1.2,0.75,,0.23942792827777193,0.3321488433998624,0.09272091512209046,1.0782710133818236,3,9.999000099990002e-05,,10000,False
2da32942810c3af5655ceeb52c551dfd124f96dea132ba9ac1c29ed97ae3d0cb,scifact,beir/scifact,en,rq,token,0,q16_d64,1.2,0.75,,0.20408870928925688,0.27648007289706633,0.07239136360780946,1.6835453734471004,3,0.0004999500049995,,10000,False
a44a28fa155f7acca9089c2e6d934451c2e06525391082c3b1d133b93eb42a7c,scifact,beir/scifact,en,rq,token,0,q32_d128,0.6,0.0,,0.23934889984839644,0.31341514937908777,0.07406624953069132,1.2062734982403536,2,0.00039996000399960006,,10000,False
a09aae9cb3412faee080b45eeb89da6d59c8c0f5ea078f8cc76819a5debefbc6,scifact,beir/scifact,en,rq,token,0,q32_d128,0.6,0.5,,0.23934889984839644,0.31360337561033375,0.0742544757619373,1.2440824082146527,3,0.00029997000299970003,,10000,False
8c28d2cee3f433cfe525d915dde6e4777754630e847ba3d23aff90e1d16d42c9,scifact,beir/scifact,en,rq,token,0,q32_d128,0.6,0.75,,0.23934889984839644,0.3178443613400959,0.07849546149169948,1.348172639384942,3,9.999000099990002e-05,,10000,False
1c5b7dd9b24915bc1f9c585f847dc1c43e7e006baa405c574766737570f17ef2,scifact,beir/scifact,en,rq,token,0,q32_d128,1.2,0.0,,0.23934889984839644,0.32545536604891157,0.08610646620051512,1.2992670806400515,2,9.999000099990002e-05,,10000,False
85eb5a0823d23be2242fdb21b37369c49f5ea9314cf152e0b95d8678a59aad8f,scifact,beir/scifact,en,rq,token,0,q32_d128,1.2,0.5,,0.23934889984839644,0.32832776004279723,0.0889788601944008,1.3523233566611161,3,9.999000099990002e-05,,10000,False
6bce72b838d2b9712acf08532dcf589631472f54e4b62cced4fc5947ae3acdeb,scifact,beir/scifact,en,rq,token,0,q32_d128,1.2,0.75,,0.23934889984839644,0.32846969504361906,0.08912079519522262,1.389104950642388,3,9.999000099990002e-05,0.013998600139986002,10000,False
12d80b723986d6a4273ac83ee7f16cd97a41da15138d41f0adbf62d0a72891d8,scifact,beir/scifact,en,rq,token,0,q32_d128,1.2,0.75,shuffled_idf,0.23934889984839644,0.3347703058774227,0.09542140602902624,1.2474607853385689,3,9.999000099990002e-05,,10000,False
978f775cf7f4ea6153e7744607d11d55faf8065112fb39144de9119fbdbf751a,scifact,beir/scifact,en,rq,token,0,q32_d128,1.2,0.75,uniform_frequency,0.23934889984839644,0.39017279832464186,0.15082389847624542,2.0067455755795303,2,9.999000099990002e-05,,10000,False
5c9e366a6e4045cf30b1eab79df661d2df8436fb59a403bf304dc766b2acc2e0,scifact,beir/scifact,en,rq,token,0,q32_d128,2.4,0.0,,0.23934889984839644,0.344298104144989,0.10494920429659257,1.5023304004299154,2,9.999000099990002e-05,,10000,False
62c8ffee56708f31f1a5ce6f0851056b477b4575ea4bf58ae83f2ab855e02ad8,scifact,beir/scifact,en,rq,token,0,q32_d128,2.4,0.5,,0.23934889984839644,0.3454609370920798,0.10611203724368337,1.5136819702811843,3,9.999000099990002e-05,,10000,False
7d6ee292c042d4db96fe6eefffbcdf9be9b3065f3c95248e5cfb0573aa52a782,scifact,beir/scifact,en,rq,token,0,q32_d128,2.4,0.75,,0.23934889984839644,0.34245563718684685,0.10310673733845041,1.4970526640597337,3,9.999000099990002e-05,,10000,False
1eadb600e6aa76f67a9a9cd43d38cd031e722b0a5be67dd022c203cf3438f254,scifact,beir/scifact,en,rq,token,0,q64_d256,1.2,0.75,,0.235873304130787,0.3324049955379571,0.0965316914071701,1.1477539330153852,3,9.999000099990002e-05,,10000,False
2d329352d66f9de6187ecafea4bdcf4809cc2207ea7c76559d2565ad5abb2e57,scifact,beir/scifact,en,rq,token,1,q32_d128,1.2,0.75,,0.20037862676132223,0.37876389581509645,0.17838526905377422,2.248914904565829,3,9.999000099990002e-05,,10000,False
2a00b8c1075c31b2bea35a8252b32317b4dc8e6b91b9161e4d1a6649732a2f05,scifact,beir/scifact,en,rq,token,2,q32_d128,1.2,0.75,,0.1904469869580114,0.33210890355541417,0.14166191659740276,1.8469847193687943,3,9.999000099990002e-05,,10000,False
628bea36d012f97aac18b88839b6b9c135050c27567f8f1c5d4bee3364ea9d0c,scifact,beir/scifact,en,sae,pooled,0,native,1.2,0.75,,0.10065082545666403,0.11421003497649689,0.01355920951983286,2.066246748570657,3,0.049095090490950906,,10000,False
083227102ef13a088642f58da659b76f41cd5c464f02b6fe0df670151f382d50,scifact,beir/scifact,en,sae,pooled,0,q16_d64,1.2,0.75,,0.08221532579654031,0.09116209895436568,0.008946773157825369,2.768189133740301,3,0.20337966203379662,,10000,False
652bb7a085cdfc514470e5d9444026f70879ae912ca57f718ca1b9d52c7d5b93,scifact,beir/scifact,en,sae,pooled,0,q32_d128,0.6,0.0,,0.10065082545666403,0.11188219835226171,0.011231372895597683,1.8678111815483052,2,0.1171882811718828,,10000,False
406cf567f3bfdf29d2338b318ddc07d31395ab380855dc0959d10a166b8620cd,scifact,beir/scifact,en,sae,pooled,0,q32_d128,0.6,0.5,,0.10065082545666403,0.11406124915959133,0.013410423702927304,2.3590192579451092,3,0.060993900609939006,,10000,False
ed34060d7bec787b04feb804bd8b94df38f4d97aeb128e0cea02d62570058c5b,scifact,beir/scifact,en,sae,pooled,0,q32_d128,0.6,0.75,,0.10065082545666403,0.11470600383831554,0.014055178381651517,2.204190619018549,3,0.05269473052694731,,10000,False
702e1927c144df7156d3bdc6ad88775d041331a9a070ad3dac8e8a651f708a00,scifact,beir/scifact,en,sae,pooled,0,q32_d128,1.2,0.0,,0.10065082545666403,0.10953317595388398,0.008882350497219957,1.8983544835772967,2,0.21587841215878412,,10000,False
c0dfe6d8d1185b3dac6d3f708821d220a08c13f35e5f96af78b6e4d5a5dd132e,scifact,beir/scifact,en,sae,pooled,0,q32_d128,1.2,0.5,,0.10065082545666403,0.11166892579668679,0.011018100340022763,2.1096401418005017,3,0.10078992100789921,,10000,False
2fc220bb338594d9229a0230656aca1f1c8575c896ffb6d252af585b548d1c12,scifact,beir/scifact,en,sae,pooled,0,q32_d128,1.2,0.75,,0.10065082545666403,0.11421003497649689,0.01355920951983286,2.066246748570657,3,0.049095090490950906,1.0,10000,False
df4e3f40dd81987d82cc2af1478f76cca3b1d49ff84982db54349b78e388907a,scifact,beir/scifact,en,sae,pooled,0,q32_d128,1.2,0.75,shuffled_idf,0.10065082545666403,0.11080799413587651,0.010157168679212486,1.4921626009964917,3,0.1850814918508149,,10000,False
a9c6edeb6e4db90c3690af781487b7c71b7a6f59320f7faa8a13ce683da4355d,scifact,beir/scifact,en,sae,pooled,0,q32_d128,1.2,0.75,uniform_frequency,0.10065082545666403,0.12252441326326301,0.021873587806598982,2.7422406909829333,2,9.999000099990002e-05,,10000,False
d179df27517cb6d261d78790fe3aa4f64d1e93266fc573f0b698ac8c1c45d17e,scifact,beir/scifact,en,sae,pooled,0,q32_d128,2.4,0.0,,0.10065082545666403,0.10704670725233498,0.006395881795670952,1.8790744467147362,2,0.34756524347565243,,10000,False
59a7223c29da88c819bd90acc0c4dadb356e73965bb95e09101de2269150e6e2,scifact,beir/scifact,en,sae,pooled,0,q32_d128,2.4,0.5,,0.10065082545666403,0.11145711580405387,0.01080629034738985,2.4746790151045244,3,0.11848815118488151,,10000,False
857e6f0e4594a9bf8d7e1520b34f1e0709f2987ce605f4e609f63733139e06ca,scifact,beir/scifact,en,sae,pooled,0,q32_d128,2.4,0.75,,0.10065082545666403,0.11257849838355352,0.011927672926889496,1.9378518958402895,3,0.08039196080391961,,10000,False
dd3f2246c18b7af704704a1daa694c618c7a4e713c3092144f45955e802d30c7,scifact,beir/scifact,en,sae,pooled,0,q64_d256,1.2,0.75,,0.10065082545666403,0.11421003497649689,0.01355920951983286,2.066246748570657,3,0.049095090490950906,,10000,False
9516f5b00ecb60a7b5147e2f50c8e5d302a1edad0bdd0e95284f30e8ebcb2219,scifact,beir/scifact,en,sae,pooled,1,q32_d128,1.2,0.75,,0.12732370831680162,0.11538344357640885,-0.011940264740392767,-1.5955534491026002,3,0.11188881111888811,,10000,False
1b1614717c40295efa37e88a4f3f7f63c4ec802b1f107ec0662734f5f65bb4b1,scifact,beir/scifact,en,sae,pooled,2,q32_d128,1.2,0.75,,0.11314566459053163,0.11309148353896215,-5.418105156948516e-05,-0.006572596523127733,3,0.9937006299370063,,10000,False
f0b78e1b92e03b746cd5d31d90f858122905244705532baa2e30d114df21b5fe,scifact,beir/scifact,en,sae,token,0,native,1.2,0.75,,0.2197644242907273,0.5755421207580902,0.3557776964673629,2.892986194070189,3,9.999000099990002e-05,,10000,False
85979341c2cf3084276b170aa074079e62e865bc05d39e192750fc07b8c82367,scifact,beir/scifact,en,sae,token,0,q16_d64,1.2,0.75,,0.2208777759329638,0.36625134174508955,0.14537356581212577,2.560091629842416,3,9.999000099990002e-05,,10000,False
af1b0c02bf8301dec19293c83065bb6fd04023638a8640641274782aef18aa4a,scifact,beir/scifact,en,sae,token,0,q32_d128,0.6,0.0,,0.2218701484177592,0.4166617621283346,0.1947916137105754,2.2881562051511293,2,9.999000099990002e-05,,10000,False
89d2522dbf42b5d631bdd2985d894f15dd4654af710082b554687606aa7de54e,scifact,beir/scifact,en,sae,token,0,q32_d128,0.6,0.5,,0.2218701484177592,0.4175029503235153,0.1956328019057561,2.6473899233250537,3,9.999000099990002e-05,,10000,False
3d31b69bf47df1433790c61d08631c3752572e8700402c832a441b45b799e8b8,scifact,beir/scifact,en,sae,token,0,q32_d128,0.6,0.75,,0.2218701484177592,0.41708650417317295,0.19521635575541374,2.788136245628931,3,9.999000099990002e-05,,10000,False
103651db19aa097240895904c7dd93d1b336a91d3055f69c19647778a2fdc9ac,scifact,beir/scifact,en,sae,token,0,q32_d128,1.2,0.0,,0.2218701484177592,0.4312777097530549,0.2094075613352957,2.2974827133973172,2,9.999000099990002e-05,,10000,False
0e8c0dc0cea8c2adca3ffc2ba3c1177d71d79d2da18bcbaf97b7f21d2271e9b0,scifact,beir/scifact,en,sae,token,0,q32_d128,1.2,0.5,,0.2218701484177592,0.42634424346452043,0.20447409504676123,2.6108744778095283,3,9.999000099990002e-05,,10000,False
cbda5293ee4d41f6960261a4145db379b6b8d10886c054e635f15bb30f388b06,scifact,beir/scifact,en,sae,token,0,q32_d128,1.2,0.75,,0.2218701484177592,0.42569677504988573,0.20382662663212653,2.746566743529073,3,9.999000099990002e-05,0.013998600139986002,10000,False
1718222de4f06b3b48a0680112e2034d1897e596d93605ba59eb33f008e06161,scifact,beir/scifact,en,sae,token,0,q32_d128,1.2,0.75,shuffled_idf,0.2218701484177592,0.4385387959850243,0.21666864756726512,2.2999337378609246,3,9.999000099990002e-05,,10000,False
96696a5c048eea4612b1550c4f1386b72416b38ea62384f311e0d35de08c4921,scifact,beir/scifact,en,sae,token,0,q32_d128,1.2,0.75,uniform_frequency,0.2218701484177592,0.4549906172970172,0.23312046887925797,2.436099865884862,2,9.999000099990002e-05,,10000,False
b21c6889a77416437840e0cce530aeb70e0379808a5a3795805c94f1a5852f6b,scifact,beir/scifact,en,sae,token,0,q32_d128,2.4,0.0,,0.2218701484177592,0.44459178042507685,0.22272163200731765,2.277964584480236,2,9.999000099990002e-05,,10000,False
640818f6548582ba54bd6e02bf00a498689aa2973c7b7f5d7cad74f77250cc7a,scifact,beir/scifact,en,sae,token,0,q32_d128,2.4,0.5,,0.2218701484177592,0.442774746475327,0.2209045980575678,2.6169492412771533,3,9.999000099990002e-05,,10000,False
2bff1b3865069babc43d36ad8ad6fb6506ea1128dfac016e422ac7bfa0294a78,scifact,beir/scifact,en,sae,token,0,q32_d128,2.4,0.75,,0.2218701484177592,0.4439174607287303,0.22204731231097108,2.785343729056903,3,9.999000099990002e-05,,10000,False
76e7c8637aff478203b21ab6bc685dedfd4d11012e5981bdbb60a28ce6a5f408,scifact,beir/scifact,en,sae,token,0,q64_d256,1.2,0.75,,0.22091744796368942,0.5148422171211561,0.2939247691574667,2.9855336983517864,3,9.999000099990002e-05,,10000,False
d648099c20b7ff008bdb9c5e1d09fde518da70da3e31a31d6abf25743ac62224,scifact,beir/scifact,en,sae,token,1,q32_d128,1.2,0.75,,0.24179748638105267,0.47026723281956406,0.2284697464385114,3.0032118162214467,3,9.999000099990002e-05,,10000,False
265ee726dc3a409090cb56455d865654dec640039fe25d6e7bd143d709767749,scifact,beir/scifact,en,sae,token,2,q32_d128,1.2,0.75,,0.24242109963054095,0.4670187774205666,0.22459767779002562,2.91479051815147,3,9.999000099990002e-05,,10000,False
96e34cd6beef39c425d819bba642dfc8f3d4f0c51c4828287f68c184f7374156,scifact,beir/scifact,en,sae_shared,pooled,0,q32_d128,1.2,0.75,shared_dictionary,0.38478112643826334,0.4692525484383569,0.08447142200009355,2.5263506428742972,3,9.999000099990002e-05,,10000,False
0b53632888ab5609e2d460f7d632f0b42784c7707b6d067ff8a31d28db538282,scifact,beir/scifact,en,sae_shared,token,0,q32_d128,1.2,0.75,shared_dictionary,0.2218701484177592,0.42569677504988573,0.20382662663212653,2.746566743529073,3,9.999000099990002e-05,,10000,False
45a02c57e316d674047cb0e9cf776560af8274a5ed028a5942b22026cc760f61,trec_covid,beir/trec-covid,en,gaussian,pooled,0,q16_d64,1.2,0.75,,0.03909243159702486,0.06868799543594173,0.029595563838916872,2.019497193633697,3,0.03799620037996201,,10000,False
cbb2a0742e53af554b38816d2e299d6b7e403e338ab13231b2a8a5296d10b942,trec_covid,beir/trec-covid,en,gaussian,pooled,0,q32_d128,1.2,0.75,,0.04539233606686226,0.09017973241098161,0.04478739634411935,2.1584705104772484,3,0.005099490050994901,0.20397960203979604,10000,False
ff7077af724f9443cbe0aff6b04a7b43c1980d85af9124036b40832e093c4f1a,trec_covid,beir/trec-covid,en,gaussian,pooled,0,q64_d256,1.2,0.75,,0.04990816553689599,0.17885376355360413,0.12894559801670813,2.914926091565423,3,9.999000099990002e-05,,10000,False
7e3c2f61bd22cd9349ef6f3b5ed1b5158bc774ffc10d2f0bcd19eac42647883a,trec_covid,beir/trec-covid,en,gaussian,token,0,q16_d64,1.2,0.75,,0.026121750254760948,0.09098473557239782,0.06486298531763687,2.992994830941014,3,0.015198480151984802,,10000,False
48a7b20a9295adab61252456edb28ec81927e5639731c978a9c6e4c3c27aa466,trec_covid,beir/trec-covid,en,gaussian,token,0,q32_d128,1.2,0.75,,0.02065007224417275,0.09805989483503104,0.0774098225908583,2.2190360257748156,3,0.000999900009999,0.042995700429957005,10000,False
25ed6892109c063f3d1e6d2a7b8031f235fa6fdeef5e2d0c7cb558efe668636a,trec_covid,beir/trec-covid,en,gaussian,token,0,q64_d256,1.2,0.75,,0.019547693851391858,0.21759213969719288,0.19804444584580103,2.613779131664915,3,9.999000099990002e-05,,10000,False
2d90ece6b3190a35cc8351e483945e983b0da777d2f8d4fb1dbd4fd1d79c2102,trec_covid,beir/trec-covid,en,identity,pooled,0,q16_d64,1.2,0.75,,0.0012724157639790344,0.05343308967993993,0.052160673915960895,3.138277965703967,3,0.00029997000299970003,,10000,False
fbee675a7fce9c11e71256f501139a5a09610f3264b11325322c04dacdc120df,trec_covid,beir/trec-covid,en,identity,pooled,0,q32_d128,1.2,0.75,,0.067594068417867,0.16619639950309611,0.09860233108522912,2.6516363672035923,3,0.00019998000199980003,0.013998600139986002,10000,False
24fb626462e071fbe5717c1c66d0bdb72e44c83112a941124932beefa74e0ade,trec_covid,beir/trec-covid,en,identity,pooled,0,q64_d256,1.2,0.75,,0.11521792839009855,0.33237866698401364,0.2171607385939151,3.2238511224978925,3,9.999000099990002e-05,,10000,False
5ce5ee6f45ee37965e7202a0b40758e4c448e03f00d15868f80199d678ba9b9b,trec_covid,beir/trec-covid,en,identity,token,0,q16_d64,1.2,0.75,,0.013821961672190958,0.0828485309111221,0.06902656923893113,2.507595402098562,3,0.0016998300169983002,,10000,False
6634e51a59d9aebd477cc58e3aa9068c0a11f7235ad0ebacd05da4ac2c3ee28b,trec_covid,beir/trec-covid,en,identity,token,0,q32_d128,1.2,0.75,,0.016298439847007583,0.1862894999684794,0.16999106012147183,2.5495695791841846,3,9.999000099990002e-05,0.013998600139986002,10000,False
5b20ba7d18bf4b96a00a50adcbd2a97696f039e7c75edba46dce246c029c0046,trec_covid,beir/trec-covid,en,identity,token,0,q64_d256,1.2,0.75,,0.022327431606261414,0.3323996563895147,0.31007222478325325,2.519768964772123,3,9.999000099990002e-05,,10000,False
0410c9a8d7f6ff4e9652e73db10ca23ae21760ac3a9f8fbe0961f4c81049bc87,trec_covid,beir/trec-covid,en,kmeans,pooled,0,q16_d64,1.2,0.75,,0.084054682885692,0.07506791891925303,-0.008986763966438965,-2.274945590963345,2,0.2582741725827417,,10000,False
559ba2a5a06b1e727727f63e3dd73d7c90fdf1ad007784c9ee4482bf9b10423d,trec_covid,beir/trec-covid,en,kmeans,pooled,0,q32_d128,1.2,0.75,,0.084054682885692,0.07506791891925303,-0.008986763966438965,-2.274945590963345,2,0.2582741725827417,1.0,10000,False
dfbaff1e282e7d910ae478d6200c13fc3ef04209ff934bbf32268f2cfc27fcf5,trec_covid,beir/trec-covid,en,kmeans,pooled,0,q64_d256,1.2,0.75,,0.084054682885692,0.07506791891925303,-0.008986763966438965,-2.274945590963345,2,0.2582741725827417,,10000,False
c91918f55cb854af2c2b936294bb4fad62d768ae41aa94e44baa5b2049a828cb,trec_covid,beir/trec-covid,en,kmeans,token,0,q16_d64,1.2,0.75,,0.23001793543865667,0.30656568387032906,0.07654774843167239,1.351657923324924,3,0.026097390260973904,,10000,False
1e5d23208c3fc9433546108247408cf58a2fc87b488587806f93ea540c358df6,trec_covid,beir/trec-covid,en,kmeans,token,0,q32_d128,1.2,0.75,,0.24079102140312336,0.3905248386575021,0.14973381725437873,1.7782137515731864,3,0.00019998000199980003,0.013998600139986002,10000,False
223c20e78c56e6158e052e9b0fa0965ef98d13a418cbf304ee77d6d81cdfc52c,trec_covid,beir/trec-covid,en,kmeans,token,0,q64_d256,1.2,0.75,,0.2454525721384303,0.39559968356906533,0.15014711143063503,1.5154943509242202,3,0.00019998000199980003,,10000,False
e390569e6f8cf246af908e245ab62f4a34857697b2f2b8b3f0094cebc8b5c1b3,trec_covid,beir/trec-covid,en,pca,pooled,0,q16_d64,1.2,0.75,,0.050535191337411314,0.19235545679262508,0.14182026545521376,2.090185992025305,3,9.999000099990002e-05,,10000,False
5e0950f1b91f315170f8bc6f9bc92b9d178b108383edc9e0a6ea0e62eef60a18,trec_covid,beir/trec-covid,en,pca,pooled,0,q32_d128,1.2,0.75,,0.12365419384000262,0.2907397255331607,0.16708553169315807,2.0292387557240352,3,9.999000099990002e-05,0.013998600139986002,10000,False
5023f2f42ea677ad6e82e574dcff07db429844e60ead3894f0094bfc23788b9b,trec_covid,beir/trec-covid,en,pca,pooled,0,q64_d256,1.2,0.75,,0.18997177745066157,0.3698543072333408,0.1798825297826792,1.6365246568459084,3,9.999000099990002e-05,,10000,False
ac5d82e87364103853d087316f481b5710a27197ec3f0db909b3552888f66350,trec_covid,beir/trec-covid,en,pca,token,0,q16_d64,1.2,0.75,,0.04721617427683095,0.3012966531608692,0.25408047888403823,2.365468415742816,3,9.999000099990002e-05,,10000,False
107844b1e64f78a7f06dd40cbe2c990439f8b0f76c1eb1815566122e55f3ad18,trec_covid,beir/trec-covid,en,pca,token,0,q32_d128,1.2,0.75,,0.10098987646185818,0.4421107244976077,0.3411208480357495,2.470186368181606,3,9.999000099990002e-05,0.013998600139986002,10000,False
740d1a7877121a585a8f0ad869485004081d8b16fe13357856d91ad1353961d3,trec_covid,beir/trec-covid,en,pca,token,0,q64_d256,1.2,0.75,,0.12468190766564731,0.5518625258824683,0.427180618216821,2.801972508552149,3,9.999000099990002e-05,,10000,False
8e4a63264bbc2be8ca7f63b1c501817566ddfd7f0e6fa215b11716bec3c132e5,trec_covid,beir/trec-covid,en,pq,pooled,0,q16_d64,1.2,0.75,,0.05838648922156133,0.059105544989170256,0.000719055767608924,2.0,1,0.9313068693130687,,10000,False
57a492d9e2a25cc2dc4888ab316c78fdb398fbca955faf12cecb2f853885be5f,trec_covid,beir/trec-covid,en,pq,pooled,0,q32_d128,1.2,0.75,,0.05838648922156133,0.059105544989170256,0.000719055767608924,2.0,1,0.9313068693130687,1.0,10000,False
4e8dcb2499cc3033079e834e6bd06f5e510635259be1bc91a8203548be3a96b9,trec_covid,beir/trec-covid,en,pq,pooled,0,q64_d256,1.2,0.75,,0.05838648922156133,0.059105544989170256,0.000719055767608924,2.0,1,0.9313068693130687,,10000,False
2c19698f3098df36b7e96256bf508abc0c5ef1e2f2508e5f9588f33b68a8eee3,trec_covid,beir/trec-covid,en,pq,token,0,q16_d64,1.2,0.75,,0.1668319184698107,0.20016293230037763,0.033331013830566913,1.4623471081902844,3,0.34796520347965204,,10000,False
f7ae7f79466f29f672c01da1a22a6e127e6f2ac3124d6e0ebc9aca824da33035,trec_covid,beir/trec-covid,en,pq,token,0,q32_d128,1.2,0.75,,0.18942403230761762,0.3284668716922927,0.1390428393846751,1.6282147016406645,3,0.00029997000299970003,0.015598440155984402,10000,False
2f15869c4157a082357379caefc3d5fc4bf92a5034c86e81887d3be6b5dd5aad,trec_covid,beir/trec-covid,en,pq,token,0,q64_d256,1.2,0.75,,0.19595402745886367,0.4004607785552864,0.20450675109642272,1.7633988148434727,3,9.999000099990002e-05,,10000,False
fe1b5801943da9861cf16891f654f76318003c9267712f2b29adebc1483b47af,trec_covid,beir/trec-covid,en,rq,pooled,0,q16_d64,1.2,0.75,,0.1024396013737895,0.1276350611519683,0.02519545977817879,2.0000000000000004,1,0.026997300269973004,,10000,False
cb5bea44790ba13c7185413517d1b87373ad03c64bfff7beb3b3fe2db4bc5368,trec_covid,beir/trec-covid,en,rq,pooled,0,q32_d128,1.2,0.75,,0.1024396013737895,0.1276350611519683,0.02519545977817879,2.0000000000000004,1,0.026997300269973004,0.9449055094490552,10000,False
499279ffa77b51e385f21e1f80723a8d3421e7606988d2c8e4c255e68b7ab9f3,trec_covid,beir/trec-covid,en,rq,pooled,0,q64_d256,1.2,0.75,,0.1024396013737895,0.1276350611519683,0.02519545977817879,2.0000000000000004,1,0.026997300269973004,,10000,False
b4facadfabf3552d967aa45ad72d3f61e762dea9d04b31817d97383e8a9f40e2,trec_covid,beir/trec-covid,en,rq,token,0,q16_d64,1.2,0.75,,0.2952326928747925,0.3872359866780893,0.0920032938032968,1.564088027122992,3,0.0183981601839816,,10000,False
10be41018a7d0fdd59817540c9909456b4311814e2f10181452e7747d833ee96,trec_covid,beir/trec-covid,en,rq,token,0,q32_d128,1.2,0.75,,0.31568204636304154,0.45840564413195506,0.14272359776891352,1.5986959081137697,3,0.000999900009999,0.042995700429957005,10000,False
355a78886e404cfe604864e092fbd5a70815fc46ee5de4cc2588be783b68031e,trec_covid,beir/trec-covid,en,rq,token,0,q64_d256,1.2,0.75,,0.3286066791589889,0.5065042363671121,0.17789755720812317,1.6530494521891015,3,9.999000099990002e-05,,10000,False
d1c1feca27a535e77c9cf86009850e1462fb2d9b5c6023f03ab59721ff4e1806,trec_covid,beir/trec-covid,en,sae,pooled,0,q16_d64,1.2,0.75,,0.10162609327327327,0.16805576693371752,0.06642967366044425,3.082431245282291,3,0.00039996000399960006,,10000,False
68e67517e790d3093dd0fd6ac4c45ca36f23697cceb84708122383ef990fd3c7,trec_covid,beir/trec-covid,en,sae,pooled,0,q32_d128,1.2,0.75,,0.14433579024549273,0.21267748920393995,0.06834169895844722,3.160461303440157,3,0.00029997000299970003,0.015598440155984402,10000,False
32765b3bc202a81e34313be9e27f609918036e221588e33688952091440c65b9,trec_covid,beir/trec-covid,en,sae,pooled,0,q64_d256,1.2,0.75,,0.14433579024549273,0.21267748920393995,0.06834169895844722,3.160461303440157,3,0.00029997000299970003,,10000,False
68d6dbaf2a64423378b148f14a0cba5c90f6a4fc2a41ee299f6fa8f42bea9525,trec_covid,beir/trec-covid,en,sae,token,0,q16_d64,1.2,0.75,,0.36685144399448105,0.43336277581976934,0.06651133182528829,1.3664331435423067,3,0.12148785121487851,,10000,False
049e4d1eaada0d6ec57bdf36db45f493e677a5801a64928ce018a730061c6865,trec_covid,beir/trec-covid,en,sae,token,0,q32_d128,1.2,0.75,,0.37750841825529685,0.5138692822387759,0.13636086398347907,2.1505694107477304,3,0.00029997000299970003,0.015598440155984402,10000,False
7100b7f26c8cc605895818b03cce7545f5cbf856d27a7280c89ff3d63c0964d3,trec_covid,beir/trec-covid,en,sae,token,0,q64_d256,1.2,0.75,,0.3802235047555184,0.5876876756930047,0.20746417093748631,2.460175443883284,3,9.999000099990002e-05,,10000,False
905b13a55a582ed177a35469228c381a7c0d9d2bd28a5bcefcb83eecbc801262,trec_covid,beir/trec-covid,en,sae_shared,pooled,0,q32_d128,1.2,0.75,shared_dictionary,0.26582218135584845,0.4049340395890364,0.13911185823318795,2.844367059901227,3,9.999000099990002e-05,,10000,False
f95223e42d584580d730b85e9be4f4305b208c01e371739a6fe66dbb201290d2,trec_covid,beir/trec-covid,en,sae_shared,token,0,q32_d128,1.2,0.75,shared_dictionary,0.37750841825529685,0.5138692822387759,0.13636086398347907,2.1505694107477304,3,0.00029997000299970003,,10000,False
