row_id,collection,basis,granularity,seed,budget,k1,b,control,gain,shapley_idf,shapley_saturation,shapley_length
fb6e1585f9efe1219864dcfa2be93432228ff18518874ecb42c9692fcc5338cf,arguana,gaussian,pooled,0,native,1.2,0.75,,0.30409148411971254,0.09278785586897342,0.05538670234956683,0.15591692590117226
d24da5311a0e2593ee146c79d8a95933afd65b7bd0b9697b17e3454824040e2d,arguana,gaussian,pooled,0,q16_d64,1.2,0.75,,0.036233167192383134,0.004215622680449314,0.007891795583751884,0.024125748928181933
5de1b3cd8bfae4329359445d9dcfeea0cb6e68233d77a5f9a79f1acec3225a5c,arguana,gaussian,pooled,0,q32_d128,1.2,0.75,,0.07226488866590271,0.012890379195710715,0.01291616310126685,0.04645834636892514
fec9a68432a6f876474b18dbba77a76537ae29aae668570af48424f8006ae757,arguana,gaussian,pooled,0,q32_d128,1.2,0.75,shuffled_idf,0.06763417240599932,-0.005827893072686153,0.02077259487920069,0.05268947059948478
69b2515e8a46bacadb74da97462ef37eac57fee547e48045e567207095d0ff81,arguana,gaussian,pooled,0,q32_d128,1.2,0.75,uniform_frequency,0.08120765677089627,0.0,0.023945998651173632,0.05726165811972263
6ee6d3f34417eea72d7e587c8ba6892cdefa04ba60dc63ea8218e7a1d8696703,arguana,gaussian,pooled,0,q64_d256,1.2,0.75,,0.12160914618781966,0.02170696637372805,0.020847677638917442,0.07905450217517418
d92b404dd3a95ce7929e95d58c66de5db6f22cf97b05aa4b8cef1e6b7c4b035c,arguana,gaussian,token,0,native,1.2,0.75,,0.08819456521497267,0.02119817207985126,0.021870601028326456,0.045125792106794946
24c2caadb857287984fa3f9bb11a337e9f6bc4e188426dd48bcdfc4437ba0719,arguana,gaussian,token,0,q16_d64,1.2,0.75,,0.023509000919843898,0.0002416812801628133,0.012180126981696637,0.011087192657984447
c1830c9f05724fc3cd743bfce0b3e448f342eeff7842ed137c8fdb04ad62831c,arguana,gaussian,token,0,q32_d128,1.2,0.75,,0.05322705460919802,0.006625892927264238,0.024565785894945447,0.022035375786988328
df03508a265eb9f8911bbd04448ecf4b00121251ec75976fd2ad62886b1b1ea3,arguana,gaussian,token,0,q32_d128,1.2,0.75,shuffled_idf,0.04232544622740543,-0.00484279388188623,0.02459864344595539,0.022569596663336265
8891ded75d5ed45f4a45d2a5077352f39444fea911423902e878a2dfda7986f7,arguana,gaussian,token,0,q32_d128,1.2,0.75,uniform_frequency,0.051274339524576336,2.1181195528213737e-06,0.02760965937885413,0.023662562026169384
3084bcf0c30c8d7a4d548ef24e647d19b6b4ee4e9932ba23b3cb337d904a2243,arguana,gaussian,token,0,q64_d256,1.2,0.75,,0.08583163715870244,0.017098157256832072,0.033144116644694105,0.035589363257176244
c55c780be2bea17532111c6a7fc9edf282d6e069487b8730fb2a598e9076e1b8,arguana,identity,pooled,0,native,1.2,0.75,,0.2652817486596275,0.05149120442275057,0.059304874197679006,0.15448567003919791
c30a724cd7660f72f61f375e7790dabf30e4725509332eb9d72dda22230ac856,arguana,identity,pooled,0,q16_d64,1.2,0.75,,0.027588534286925787,0.012785233807835637,0.005633308056503216,0.00916999242258693
bcd3c5c1641367115dac11ee62a52c12b273863b146bec6d7c348f078f1eb431,arguana,identity,pooled,0,q32_d128,1.2,0.75,,0.0925138183621866,0.025582338822465436,0.026586092603976434,0.04034538693574472
36e4c7c5f977b4e682f01aa92b06b6289fc9e24e220c7b90d054bf4fb77ef55b,arguana,identity,pooled,0,q32_d128,1.2,0.75,shuffled_idf,0.0869372038937869,-0.007676190192710107,0.04690223732126675,0.047711156765230245
bcfcb13dbc3535144a02a4f7790ce87033d24e376fbd612a74a9ead4330e6add,arguana,identity,pooled,0,q32_d128,1.2,0.75,uniform_frequency,0.10231006447790797,0.0,0.050466540249149816,0.051843524228758146
d879ce3ea41d752ce2b62b385b40c2dbf71c473aceb64b072ab5705d6ed25d12,arguana,identity,pooled,0,q64_d256,1.2,0.75,,0.1898633679900512,0.052057405743894065,0.04307956399549382,0.09472639825066331
a7a5397805ece164b6046e750cd2b827cf7aeda7ad778580c63c78cf06c03ad6,arguana,identity,token,0,native,1.2,0.75,,0.14076971467387545,0.0426785789271029,0.03572119628372376,0.06236993946304878
28a1cd4b957e2049be947e546f721b58b7f1d66df7e8879c65fa7bf4fa347078,arguana,identity,token,0,q16_d64,1.2,0.75,,0.01882116808025679,0.004512268475552813,0.008444492754465092,0.005864406850238884
5cd381d1dd6c3b082b21e40146067d3bb68b557cbafa64c7b43c07b1df8cd9b0,arguana,identity,token,0,q32_d128,1.2,0.75,,0.07803664268315251,0.015702058480169104,0.03673435557405844,0.025600228628924953
96d29dc90d20b0a647fc3b734aec078a2fd776279f45140d655d4e46afa04206,arguana,identity,token,0,q32_d128,1.2,0.75,shuffled_idf,0.06218540509107857,-0.006728921903515644,0.04392163082406828,0.024992696170525932
fefa8b7eb5691ba3ee7ad267fd9cc2918cc916431645ccb00b9096562e852ffa,arguana,identity,token,0,q32_d128,1.2,0.75,uniform_frequency,0.07528125412683062,-6.122846621514169e-05,0.04831724084712178,0.027025241745923974
ed42d32e2e750d89c8d72e144fb8fa23b85759c3ccf1eaeb2148162a411f1898,arguana,identity,token,0,q64_d256,1.2,0.75,,0.1509006576350465,0.024755501031027864,0.07254271522436884,0.053602441379649785
e944c8b151cd14b92a8405b0b58cfe594e88fe9be52aeb11d508efd646251045,arguana,kmeans,pooled,0,native,1.2,0.75,,0.002264895099513879,0.002070842267350513,0.0001940528321633661,0.0
98face8b869a2a4f4c473dba74c16c4457fbbd20f342524e97c15748b7279a09,arguana,kmeans,pooled,0,q16_d64,1.2,0.75,,0.002264895099513879,0.002070842267350513,0.0001940528321633661,0.0
6b3dea4874564457a29346ac0b447dbfcb7b27722193fd697c90d8dd0637128e,arguana,kmeans,pooled,0,q32_d128,1.2,0.75,,0.002264895099513879,0.002070842267350513,0.0001940528321633661,0.0
6c4fac140492dcf917fec457d6ccd1338aec6d36c2bbb5b1568bffdbdd4b3c35,arguana,kmeans,pooled,0,q32_d128,1.2,0.75,shuffled_idf,-0.0008914090950903064,-0.0012829457283850439,0.00039153663329473745,0.0
e041221e2a4d029fb4857c8a50335bb264e736e09821995369b83ba69efd5f9f,arguana,kmeans,pooled,0,q32_d128,1.2,0.75,uniform_frequency,0.000348154204890809,0.0,0.000348154204890809,0.0
e251a7d8839af6c9c49046c66fc1c5c341942efe68b42353d6240c424c9ade00,arguana,kmeans,pooled,0,q64_d256,1.2,0.75,,0.002264895099513879,0.002070842267350513,0.0001940528321633661,0.0
971c47af46c21ad41aeaa8af2e3fce97d95ebf1724f3e3744fa6863a0ec93e57,arguana,kmeans,token,0,native,1.2,0.75,,0.14632336781819383,0.058836393945451995,0.05581349959367951,0.03167347427906231
1172673e00bb3e1b9186602582062d650c2879d0b832450fa7960ae981d7bbb4,arguana,kmeans,token,0,q16_d64,1.2,0.75,,0.04199045358617383,0.01989762749111397,0.014160024527872864,0.007932801567186992
695410b466d7d4efa71a0d1eee639f2afee77fcfc9803566ada7638b6c705dd6,arguana,kmeans,token,0,q32_d128,1.2,0.75,,0.07187041774177184,0.03369980619626352,0.02581284167611222,0.012357769869396101
e4bb3d55455a7b9c5a08bb8749caf8c9b6c69f3c04a9056b48b88f7cf451c740,arguana,kmeans,token,0,q32_d128,1.2,0.75,shuffled_idf,0.02546483527377507,0.0016679512690361258,0.017539082006179513,0.0062578019985594325
172548d2d9ac2fd20e72c066f747c42853ba5b9af8b997aa232c6ad92c800371,arguana,kmeans,token,0,q32_d128,1.2,0.75,uniform_frequency,0.023842326954324446,0.0,0.01774137832947754,0.0061009486248469035
40ef8d6083da238607622d6b94ab3981222b59a702b0911049d86d0021a3c9c4,arguana,kmeans,token,0,q64_d256,1.2,0.75,,0.12103582207776445,0.050613887180304004,0.049426822628127316,0.02099511226933313
1cc8bb315b1b7a1968784efe2f76fbd765ce9fd710583ab1a173c011d2879aea,arguana,pca,pooled,0,native,1.2,0.75,,0.21972349996649163,-0.07984922565930862,0.17284574723053725,0.12672697839526295
5044f19fe8347e8380ec4ee0974a8700db75c48929dcac30f3258d94526be8fd,arguana,pca,pooled,0,q16_d64,1.2,0.75,,0.12015907243568018,0.04264604256412367,0.06398814592311017,0.013524883948446335
c2c4053be56f9fd493212720f5cc17feab9ae407c578459da9393152498d85de,arguana,pca,pooled,0,q32_d128,1.2,0.75,,0.19631323004379514,0.04588962878069748,0.12629805640899097,0.02412554485410666
4543c7a42f67dd9e61c651b6a69e4a2c38e405588decae377a912424d7bb0fa6,arguana,pca,pooled,0,q32_d128,1.2,0.75,shuffled_idf,0.18039318136012694,-0.025219023362728913,0.20148053621450013,0.00413166850835571
089faf1f87572a4d5da2399526db2706f650c6964c8f08d6c792e3687d16ab2b,arguana,pca,pooled,0,q32_d128,1.2,0.75,uniform_frequency,0.19854694881556845,0.0,0.1944772728902708,0.004069675925297611
2b3ac0a808402681161bd619904aa06af699514f4efab304c2ce93b24fa606af,arguana,pca,pooled,0,q64_d256,1.2,0.75,,0.21237803033890823,5.7854814145278516e-05,0.16514285306463297,0.04717732246012998
18f5022f8051b853357d089a9978c3a426fcd072a634df0e9f83de8545f560c6,arguana,pca,token,0,native,1.2,0.75,,0.16497900358961712,0.018679576348699684,0.06223234586336695,0.08406708137755048
af0a76d91b6f74d027002aff10586d7f0dd12ba412965757d9e97d90dfc457ed,arguana,pca,token,0,q16_d64,1.2,0.75,,0.09877873942464901,0.03127542606114998,0.05442310865669011,0.013080204706808915
3b207be6953019699a55ea78c918e41990019944d061482156058fbb7aa06d53,arguana,pca,token,0,q32_d128,1.2,0.75,,0.23256761319062705,0.052336097509122576,0.13990380566255764,0.04032771001894679
51282ea5d4624d1c9220667bfaeaac21eabe8eb933178c64b4b86e6eae9b30c8,arguana,pca,token,0,q32_d128,1.2,0.75,shuffled_idf,0.1843230651611699,-0.010803667605193449,0.1733440259267578,0.02178270683960553
1575955f249b497e8b0d1af951b2a05cae55ebf2aa2a2ca0239c9fae3eb68851,arguana,pca,token,0,q32_d128,1.2,0.75,uniform_frequency,0.2057326595504624,-5.6458153830508485e-05,0.18357007311180862,0.022219044592484267
b80feb9c863f711fd109cc9cad1212f740f0f35435d6fd4178f6e60699939612,arguana,pca,token,0,q64_d256,1.2,0.75,,0.31909847251087614,0.05430403616418882,0.19399935938993587,0.07079507695675144
f9eb0cd84b1bbda1797c6372abf3e1b5810f2a2cf4fa86f0a27c0eeefa2e7cee,arguana,pq,pooled,0,native,1.2,0.75,,-0.002730814545642977,-0.002730814545642977,0.0,0.0
12b6cb341b3074aa57732a7c45616fafc02b6ad1e6b3946ef9d554c34669b96c,arguana,pq,pooled,0,q16_d64,1.2,0.75,,-0.002730814545642977,-0.002730814545642977,0.0,0.0
9fcd20bf7702d1ef4bb423d40945e458f6f963c13eb0b7dd286df4d91a1547a8,arguana,pq,pooled,0,q32_d128,1.2,0.75,,-0.002730814545642977,-0.002730814545642977,0.0,0.0
aefad6b079efa411560ef052d9a053a3a0b5d5152d5db7e3009ee3148924bec0,arguana,pq,pooled,0,q32_d128,1.2,0.75,shuffled_idf,-0.0061056494872765675,-0.0061056494872765675,0.0,0.0
946b8bf5ab9b1c3b667d93c8a010ba3688619d7508d925c6b088e167e5079221,arguana,pq,pooled,0,q32_d128,1.2,0.75,uniform_frequency,0.0,0.0,0.0,0.0
6b6179359011c58da7623c446df274f4db56f3833ec3f3fd22c62e5616b5de63,arguana,pq,pooled,0,q64_d256,1.2,0.75,,-0.002730814545642977,-0.002730814545642977,0.0,0.0
23dabaf26ad297059e8fb938b0a7a761d2b91e7a115855c20a4aea892870edfb,arguana,pq,token,0,native,1.2,0.75,,0.14667255629051656,0.045999071104748074,0.05443158997096996,0.04624189521479852
c2d7fa06d4280cc438cea9712d6d9ea30b447c1c5e5c3adfa8d67d94f9700b5a,arguana,pq,token,0,q16_d64,1.2,0.75,,0.042963688854989045,0.01640048358435335,0.018474155776279713,0.008089049494355977
4bd08a48b2ce645255bb6e39fb822c92e690895e1b3ba8a21c22749cfcde73c2,arguana,pq,token,0,q32_d128,1.2,0.75,,0.07232606912808719,0.02394380748037803,0.033027768394848056,0.015354493252861097
8f3ca6afcc88826526dd7cd1e34be5c17d39b6386cdb8373efdd27262fd099dc,arguana,pq,token,0,q32_d128,1.2,0.75,shuffled_idf,0.04064816570462808,9.763809086825909e-05,0.03076221462071421,0.009788312993045604
8b6445462d384840ae8bc8ea4268f9951d72e4bc3fbe25f38679ede211727d19,arguana,pq,token,0,q32_d128,1.2,0.75,uniform_frequency,0.040316872137528256,0.0,0.03051530754233648,0.00980156459519177
137ae3ebc4b5d213e347c173c15d492d819c9a23c8b981494d960c4cab8a2006,arguana,pq,token,0,q64_d256,1.2,0.75,,0.11604150490572711,0.03625981168649456,0.05097903492875326,0.028802658290479292
a02889b4818a95b57d956b80917388f73b417b32bdc97aab605196eb4970ef34,arguana,rq,pooled,0,native,1.2,0.75,,0.005699821410271248,0.005699821410271248,0.0,0.0
3df0f231dba90d2bb3c9c1eded6aacb8738826e7dcccb61329df521e275ef776,arguana,rq,pooled,0,q16_d64,1.2,0.75,,0.005699821410271248,0.005699821410271248,0.0,0.0
72855f800717bd9864aa5b599776039d0aea7a98ab6ba4c019121f0ad55b9fa6,arguana,rq,pooled,0,q32_d128,1.2,0.75,,0.005699821410271248,0.005699821410271248,0.0,0.0
ddbbd623c9b653dca0665eaf472c45a8168d474f4554f1ac12f6757935a1e024,arguana,rq,pooled,0,q32_d128,1.2,0.75,shuffled_idf,-0.0133466973905298,-0.013346697390529799,0.0,0.0
a23389143f3830e6757fb224e81f5ac7005400915725e66c4b79ef4ae83de3e2,arguana,rq,pooled,0,q32_d128,1.2,0.75,uniform_frequency,0.0,0.0,0.0,0.0
795e732b2ae8a24ea169ff18a1cd0af4119090c26f691832c8ec7e2a5ac4a670,arguana,rq,pooled,0,q64_d256,1.2,0.75,,0.005699821410271248,0.005699821410271248,0.0,0.0
de08748a73ac1cf45c8083affa97212c0f1fe9d3315f1da04b50b52b690b5b3e,arguana,rq,token,0,native,1.2,0.75,,0.30183433286911293,0.11662030809514229,0.11793705241927646,0.0672769723546941
96c051afdadd8cb4e85328617cd11172f05f4fb6ddf92157205b256a1d623449,arguana,rq,token,0,q16_d64,1.2,0.75,,0.18820195417511068,0.07108332856597327,0.09318043304817246,0.02393819256096493
ab2696ed71a029b024063279868efb27fcdd7bc345a0f389f85cbfab8927c21d,arguana,rq,token,0,q32_d128,1.2,0.75,,0.2596732049167291,0.10221439799715301,0.1202044087956541,0.03725439812392192
5adf7b7bbda01dfca6e0c58e8ba2984669843f56b2557816596cfb39b602a762,arguana,rq,token,0,q32_d128,1.2,0.75,shuffled_idf,0.11319292061397536,-0.010319020427703123,0.10181681661771605,0.021695124423962438
4d62351368502e45337fc336686d24744fc5fd9940869a7dedd453523cff8c1a,arguana,rq,token,0,q32_d128,1.2,0.75,uniform_frequency,0.13583297643011757,0.0,0.1128567187749474,0.022976257655170182
a8908b480fafad8f6ab7522af4e5015949303dca8ddf3fb7c0069a6dbca98e65,arguana,rq,token,0,q64_d256,1.2,0.75,,0.29371563937252454,0.11337467073990208,0.12766363922177482,0.0526773294108476
bda0fb5e247a4d8bf4208d7eab07548cfbde424bb814b214c43e7d134553026d,arguana,sae,pooled,0,native,1.2,0.75,,0.017442964317448253,0.00020976066469425897,0.006050298963222793,0.0111829046895312
fcb53a2851a3ae1cd0f36eab9c40b3d5f63be53984806a6506fd51bb06bf3b9e,arguana,sae,pooled,0,q16_d64,1.2,0.75,,0.009595936027717397,-0.002424076833313027,0.002536291812842824,0.0094837210481876
a1c1f26702a1248249f2706b73fe9abe9de8a52dc24d8e62ff9141c85bb32a27,arguana,sae,pooled,0,q32_d128,1.2,0.75,,0.017442964317448253,0.00020976066469425897,0.006050298963222793,0.0111829046895312
474efadb06658275e9ea7d8dc77dc46309c141573aaa5b36422b47fb11b3a416,arguana,sae,pooled,0,q32_d128,1.2,0.75,shuffled_idf,0.003885903259193732,-0.010792630307471927,0.005180572567361596,0.009497960999304061
4347021d98a4bac539d55a8d9e8da757f8c2cba3d56eece9b10ecd06662a84f0,arguana,sae,pooled,0,q32_d128,1.2,0.75,uniform_frequency,0.01602071879174828,0.0,0.0057329407082737024,0.010287778083474579
82d444b73185636ad0a4f22398a2afa638e66721e34da219267a3609f655d06f,arguana,sae,pooled,0,q64_d256,1.2,0.75,,0.017442964317448253,0.00020976066469425897,0.006050298963222793,0.0111829046895312
e370bc0cc4fa0ffc34c24718a72cda43ff3666611fb07256aa1bc0df5c96f611,arguana,sae,token,0,native,1.2,0.75,,0.3858330586517043,0.09702446780585659,0.2059813544040393,0.08282723644180835
92008f56f77b14b16c01d5ec36a2bdc9e4f1a306f84e42ec890eace9bc13094d,arguana,sae,token,0,q16_d64,1.2,0.75,,0.33009076719164343,0.10578803997798698,0.19786530144268388,0.026437425770972592
821dc11f3ef89c2bb277c4e9cd69e412c3f1a04ab34dad4f66b1aaf00671fdf8,arguana,sae,token,0,q32_d128,1.2,0.75,,0.37185876005903323,0.09978650010092596,0.23914919388109382,0.03292306607701342
54dc57a3b2b30115a11535ac20ca09f321fe6906763b7434984ea61a871f6a65,arguana,sae,token,0,q32_d128,1.2,0.75,shuffled_idf,0.26432367307811927,-0.010018511560836161,0.2668192419801257,0.007522942658829766
0a3f8b1cc375ad0a23ba133bdee9adc298c1bcb60105b2feddf73916afb1c963,arguana,sae,token,0,q32_d128,1.2,0.75,uniform_frequency,0.2862458485391465,3.614007241618348e-20,0.27642286496817847,0.009822983570967959
2c83dd3b6d22917589e8748656e6a48651a9ce48a7f656590cb6ba801c896312,arguana,sae,token,0,q64_d256,1.2,0.75,,0.4040330770884486,0.09683611753943555,0.2623630727265426,0.04483388682247047
204e63cecdf56b229ddfee214821a60c496adcea6d554c0048128eeb39d5446d,arguana,sae_shared,pooled,0,q32_d128,1.2,0.75,shared_dictionary,0.31751377812555565,0.15184606829056777,0.147001218917421,0.01866649091756689
38da88ad56766af38b96849143c0547abde212973b2d704494577b66128f6f3d,arguana,sae_shared,token,0,q32_d128,1.2,0.75,shared_dictionary,0.3718252099662003,0.09977613724244751,0.23914213434839163,0.032906938375361114
c7b1dea21c0c8244afaedc9f18d5ebee17a0385b7388c120e6a0d5ed795c00a9,fiqa,gaussian,pooled,0,q16_d64,1.2,0.75,,0.015017757472110135,0.001591725850099337,0.0030698170971177794,0.010356214524893017
3c9c799484303da805b9c981d970af7d41bee2ad82ed6728fab8e18afdd8c69d,fiqa,gaussian,pooled,0,q32_d128,0.6,0.0,,0.021079844140331094,0.008141317208319716,0.01293852693201138,0.0
bb9d6f2b73226062d4056e48adb3334171cc224c796e811fcc80ad7ca5b1296e,fiqa,gaussian,pooled,0,q32_d128,0.6,0.5,,0.030733511562175485,0.007093108686596989,0.013130082853232451,0.010510320022346042
6ed453e44305024ee7b5472c560785f216cbbb61823243dd44965cd406dffb90,fiqa,gaussian,pooled,0,q32_d128,0.6,0.75,,0.037153447245748206,0.005067774602523701,0.00999617282511481,0.022089499818109693
5525ce43c9e85f730ea36d664772ed688192926bd7bcba8351d6429263eebbc4,fiqa,gaussian,pooled,0,q32_d128,1.2,0.0,,0.015663956911107876,0.007255239475681635,0.008408717435426242,0.0
c098be09bacd4fb1b75692e9131f5372247212756d2e555a5735932653031ccd,fiqa,gaussian,pooled,0,q32_d128,1.2,0.5,,0.02753017569754783,0.00793932196894131,0.008840403531453895,0.010750450197152622
2cb4c3b33bcde98ff6a1160d8b65b06b61c37ac9d96d8cc44dd230fd1a3261f7,fiqa,gaussian,pooled,0,q32_d128,1.2,0.75,,0.03748662599604341,0.005012145997389881,0.007925671754536751,0.024548808244116774
7587777dd61a8dcc9be6aa5154e545f9c7a28aa4e3d3845fd833776e0497bcfc,fiqa,gaussian,pooled,0,q32_d128,2.4,0.0,,0.01179925910930895,0.007135701928289805,0.004663557181019145,0.0
2f11a8c37ed4788499ae73791f54420e23c22bac78a7c257b11aed3de8ad8471,fiqa,gaussian,pooled,0,q32_d128,2.4,0.5,,0.02598888032040796,0.009702308602656945,0.005315682398822595,0.01097088931892842
d093babcbd11feb86a800e6ba280f7c10f0ab9c8b97ce65c528b4902f158df2b,fiqa,gaussian,pooled,0,q32_d128,2.4,0.75,,0.036782331161923476,0.00558994608040004,0.005412044168768157,0.025780340912755276
0edd588a9649cca1fad18dd0e163ccf42fa56dad681b8ee3f888f564919dd305,fiqa,gaussian,pooled,0,q64_d256,1.2,0.75,,0.0649031706720828,0.0054318534832131,0.014567848119588616,0.04490346906928108
18d042f9ac0c8a2e04c9403dc3a15751d57f99b8ecc6ed6c6edd23ef520a012b,fiqa,gaussian,pooled,1,q32_d128,1.2,0.75,,0.022651126581994644,0.0014895301210427069,0.0042357566622026575,0.01692583979874928
adfafd3e9a2d24eab716d520939613b6abdf8d367c5cb1a4321b6e7b3265a75f,fiqa,gaussian,pooled,2,q32_d128,1.2,0.75,,0.0305512937784117,-0.003524124762027371,0.0053689736816040536,0.028706444858835015
419d0a31d12cdebc9174ea6dc5743270855670796c0496e11eb6e55bc555f986,fiqa,gaussian,token,0,q16_d64,1.2,0.75,,0.015309031834391404,0.003104073246065461,0.0035321384820868437,0.008672820106239099
707064d17eb4d394d6c85c45dbdd054809557898c8dc1182a4e788642c9d032f,fiqa,gaussian,token,0,q32_d128,0.6,0.0,,0.03164488515663768,0.00615426418972122,0.02549062096691646,0.0
f983da93916baf442b04f2de10c6cbb93e4bfaefdb8a59662bd762b29f78c81f,fiqa,gaussian,token,0,q32_d128,0.6,0.5,,0.033033681172985,0.00445729515479818,0.020477255455806444,0.00809913056238037
7479dd069d9b0a3a2d4d2be76a8ec17bc93f812028759f6b93c6b6864b8199db,fiqa,gaussian,token,0,q32_d128,0.6,0.75,,0.035223064838595025,0.004084561935919367,0.014388987234698095,0.01674951566797756
7b66b9c81286bf71fb80ddd49b873108d87dd28434364060d05e33930938c5a1,fiqa,gaussian,token,0,q32_d128,1.2,0.0,,0.029825056090526755,0.007069806056334423,0.022755250034192327,0.0
2654020750a59b6c83f4511ce266da8a72e6dc79f0327753e335b0fa979951cd,fiqa,gaussian,token,0,q32_d128,1.2,0.5,,0.03353987716786834,0.0064519852282275796,0.018365322950171355,0.008722568989469406
419f7cb731e17ee4c198fc97cac9d700fdcaa3f7620c22f390538823169ec46c,fiqa,gaussian,token,0,q32_d128,1.2,0.75,,0.03612758954321653,0.00429123434069511,0.013370227918258912,0.018466127284262505
c227202e2fe6f8fe9416f0d8a68b6324ba01480c32246402307e0af09d578dcf,fiqa,gaussian,token,0,q32_d128,2.4,0.0,,0.02620644564142074,0.009176801707905927,0.01702964393351481,0.0
a68baf45fdc9cb488cdb4aceb3389f049a69da08c2c4ff8d0527545a54432aa2,fiqa,gaussian,token,0,q32_d128,2.4,0.5,,0.0316859041320102,0.007732691368014097,0.013935180312010267,0.010018032451985837
ddd945109f06dd316b713941294dd2db4ef6c13de0888cd0859c79aa4872e26e,fiqa,gaussian,token,0,q32_d128,2.4,0.75,,0.03801842970992358,0.005972931506661455,0.010611996368290506,0.021433501834971613
10e60eb60a57f100c98415c3394df5399277a01c4030288ba8625d286d4e84e8,fiqa,gaussian,token,0,q64_d256,1.2,0.75,,0.0640303544286387,0.007774536892734267,0.0192051714928997,0.037050646043004724
b9ae1109f0afa74cecee34320fe389a436f4effddd779bb58241a5236217ddc5,fiqa,gaussian,token,1,q32_d128,1.2,0.75,,0.023159246230002095,0.0009764721063713123,0.004131221646489184,0.018051552477141596
65934d2c85da9550bd13544b91198160c8a258abf450817a2a71f310f7ecd911,fiqa,gaussian,token,2,q32_d128,1.2,0.75,,0.03458197880182807,-0.0020210088507591605,0.010551040203690286,0.02605194744889694
973f4166fdeb1377950dd2c9c7a40712e7caa38b9972131487be4a5ea14a6db8,fiqa,identity,pooled,0,q16_d64,1.2,0.75,,0.01659849079548761,0.005426411425430079,0.0049535753280778895,0.006218504041979639
a326a80fba0f348097ba8b5e6c29d263002329a5d6dc589d5be6962b6e7e34f9,fiqa,identity,pooled,0,q32_d128,0.6,0.0,,0.04144698069731225,0.012826744868830457,0.02862023582848179,0.0
cfb32e353fbf288cf675d81c05bfae383ff4c6925ad3ccdbb317f46688fe81ef,fiqa,identity,pooled,0,q32_d128,0.6,0.5,,0.04561183363268471,0.011934350782524883,0.024256169327233488,0.009421313522926328
5f1342d9da35535634d287001e6faff50fd5af7fe0518f0a260d4e50a618778b,fiqa,identity,pooled,0,q32_d128,0.6,0.75,,0.04879381212171373,0.010337286832598078,0.021875240136394913,0.01658128515272073
efdf45123944a6d37dffc5fd0f02d79e228cde3a99ee649bd27d8b9e5716ef79,fiqa,identity,pooled,0,q32_d128,1.2,0.0,,0.0355597738753957,0.017432606982035796,0.0181271668933599,0.0
eafd1089d59e9941d9d8e3b92337ccb6098f6d3f1a360366bd444f0df784435e,fiqa,identity,pooled,0,q32_d128,1.2,0.5,,0.04600398919192292,0.016774108541193003,0.01678583375995759,0.012444046890772317
c30d59846cac90de300cd6c75568b069e8925bacce094b7e58f228d3e0240e1c,fiqa,identity,pooled,0,q32_d128,1.2,0.75,,0.05116871685164682,0.013533229424606115,0.016218186737796497,0.021417300689244197
acbc2da7bc895ab337f0900c9d3a92aed23d95598e5d1412a526e2e297c2062d,fiqa,identity,pooled,0,q32_d128,2.4,0.0,,0.030912279720024322,0.01772815756906038,0.01318412215096394,0.0
52c2a37c31e0c66830e4243447a1cb06bed95f5c73d6983fc09739aa2db52400,fiqa,identity,pooled,0,q32_d128,2.4,0.5,,0.04456855901919861,0.021024500019857516,0.011471400563065198,0.012072658436275887
85eb6c82e55e6e018fa8dd72dbf45d78f1e959f275ca226206620c4e61972033,fiqa,identity,pooled,0,q32_d128,2.4,0.75,,0.051609439333245945,0.016582246262688692,0.01244251718835679,0.022584675882200454
6acc4c48dd4688e9a219acadcfd6b339561f91e9105efe7f64edf398ab83d9e2,fiqa,identity,pooled,0,q64_d256,1.2,0.75,,0.10691384946583585,0.017357387634634375,0.03252922939088588,0.05702723244031559
73f7846755461578ab83c28c9b812160b6ebe43cd801ef863a50a6f4e9bec778,fiqa,identity,token,0,q16_d64,1.2,0.75,,0.017393859864845086,0.0023099701755664986,0.008450820078439296,0.006633069610839291
5e29cf975fae12d2b7ee0f96733a4ba75e805d0ec7f9866357fac2fbbceafe3c,fiqa,identity,token,0,q32_d128,0.6,0.0,,0.04972291718081457,0.009008219895573152,0.040714697285241415,0.0
8ed2eab26250485901e7c79b983f794ada9a9ef1f7b70edc3402cec1bb9bc88e,fiqa,identity,token,0,q32_d128,0.6,0.5,,0.04915001249353534,0.009217440441589836,0.03310214780142286,0.006830424250522642
afe2096ce03056910f88ce30d872bd38ec51a31d659e8ae8057592367d12f97a,fiqa,identity,token,0,q32_d128,0.6,0.75,,0.048272839537296795,0.008067790108748318,0.026059445326054365,0.014145604102494113
45682f29173d83f0a64df1ee320f8401185cb0218b8c5b3dbaa147d62cba1557,fiqa,identity,token,0,q32_d128,1.2,0.0,,0.047505652327759225,0.013207794440274655,0.034297857887484566,0.0
3f1bb1d156e5f25bd7bba4e278a25c6f53d3db32974c38024125a33be584f4b8,fiqa,identity,token,0,q32_d128,1.2,0.5,,0.05027355640954563,0.012046519135109937,0.029040960713789525,0.009186076560646163
2e29618289572e906634c87297bd8c4bce9fe6a755b2fd4ab116b25cd7e5cb91,fiqa,identity,token,0,q32_d128,1.2,0.75,,0.05063553801696482,0.010610407898651208,0.022761065972058507,0.017264064146255104
0c79ecc174bb7fa7492b883004eb8892580d9b34147afeeb9981ee4e8d421233,fiqa,identity,token,0,q32_d128,2.4,0.0,,0.03931392585937061,0.013843110413451536,0.025470815445919066,0.0
2f9d272155730753f314b85f629b41708c88c6811c8c0af49994aa65ea638b75,fiqa,identity,token,0,q32_d128,2.4,0.5,,0.0496786044104507,0.014754785265365231,0.022975830428331668,0.011947988716753798
1d31a94965691ce241ca31435a9ec17786d22d43cbb261d72308ce1d7cdde2b8,fiqa,identity,token,0,q32_d128,2.4,0.75,,0.05250328163957443,0.010741621127799953,0.01921580994800619,0.02254585056376828
3f5eeae67058e50dd3f59a39ce380e730c3fabf0b2d7f488ed1242b2a7b6e901,fiqa,identity,token,0,q64_d256,1.2,0.75,,0.10750754252173302,0.006378016360993789,0.05296162714266351,0.04816789901807572
8d46ec6ec0eea0bee5ed108502c63fc19c5c74fcff9507cd4a7539289756cd94,fiqa,kmeans,pooled,0,q16_d64,1.2,0.75,,-0.0029834854538785677,-0.0028895650438105144,-9.392041006805324e-05,0.0
d0181945d1d6b41dbd3fbc6747f86d957225665c351dc9d2d7c935c642394f03,fiqa,kmeans,pooled,0,q32_d128,0.6,0.0,,-0.0029834854538785677,-0.0027089114812910266,-0.00027457397258754106,0.0
133400ced460a34485047d312dc5bd72d826a4c790e46a91b4d4ba128769161d,fiqa,kmeans,pooled,0,q32_d128,0.6,0.5,,-0.0029834854538785677,-0.0027089114812910266,-0.00027457397258754106,0.0
4a071b016dd671e39789ed06e0357c9c322d47944731335cb0012da42786866d,fiqa,kmeans,pooled,0,q32_d128,0.6,0.75,,-0.0029834854538785677,-0.0027089114812910266,-0.00027457397258754106,0.0
496d7cbef646a04f299b9586fa56439c591373c703d84f554f20da098e8bbf82,fiqa,kmeans,pooled,0,q32_d128,1.2,0.0,,-0.0029834854538785677,-0.0028895650438105144,-9.392041006805324e-05,0.0
5687e243a88a99e03c54401919c1e938808aa945205ad2a349b60b37b0b2d2f0,fiqa,kmeans,pooled,0,q32_d128,1.2,0.5,,-0.0029834854538785677,-0.0028895650438105144,-9.392041006805324e-05,0.0
dc1c3a85483915c5b4db4b993b4d2968141feb1f6c816de07f38cccf7276248e,fiqa,kmeans,pooled,0,q32_d128,1.2,0.75,,-0.0029834854538785677,-0.0028895650438105144,-9.392041006805324e-05,0.0
a50e2e89b85740ac84a1d6a9c862bd99345ec22221c73383fdb6f2b9523c0708,fiqa,kmeans,pooled,0,q32_d128,2.4,0.0,,-0.0026228507945208444,-0.0026218125543311967,-1.0382401896477723e-06,0.0
e99f20940d622507eb402d81b67a203f21c60e1f5dab65567284a1829705b645,fiqa,kmeans,pooled,0,q32_d128,2.4,0.5,,-0.0026228507945208444,-0.0026218125543311967,-1.0382401896477723e-06,0.0
2193376a76112efe9814d9e65572c5a5d4c06763b4f6d5f587f0993820d6f574,fiqa,kmeans,pooled,0,q32_d128,2.4,0.75,,-0.0026228507945208444,-0.0026218125543311967,-1.0382401896477723e-06,0.0
337d6fa77f97e313c86cfe14647dc682ec1c6573b9b4f7835566e9281f8a0ddd,fiqa,kmeans,pooled,0,q64_d256,1.2,0.75,,-0.0029834854538785677,-0.0028895650438105144,-9.392041006805324e-05,0.0
681101201623fcc87879c3245cb90607d5f174c62ca6b7f8ad2aa9acc482dabe,fiqa,kmeans,pooled,1,q32_d128,1.2,0.75,,-0.002032328932749095,-0.002146294126791957,0.00011396519404286222,0.0
7a7c4dcaec3444f2b0f2cbd16bf3e5dbdfe8611d85c7aaa262d84042b3ec010e,fiqa,kmeans,pooled,2,q32_d128,1.2,0.75,,-0.001402892366494754,-0.0008892560942057331,-0.0005136362722890208,0.0
b2775dbfc7ed480441492b35005511bb69b86047ff73c9fd0aa2898ab4ec5053,fiqa,kmeans,token,0,q16_d64,1.2,0.75,,0.08046310932074911,0.012497745648301906,0.065866577375336,0.002098786297111212
672390c5aa4fb5db12b2f6c4667b8eb96185c3bb995cf62d16e12534953928eb,fiqa,kmeans,token,0,q32_d128,0.6,0.0,,0.13146757068898998,0.0161121051605477,0.11535546552844227,0.0
2ccc6d7f9c2229e7d8dd4ccfd7ea6a520b21baea38d168c6f16bee7ded46aea7,fiqa,kmeans,token,0,q32_d128,0.6,0.5,,0.13610001384552786,0.016291365294861436,0.11444322710941154,0.005365421441254861
064f743f21aca1def319b802953ba22235028b3bd06a8bb0af30163bc8def6ef,fiqa,kmeans,token,0,q32_d128,0.6,0.75,,0.1314149745305747,0.016770313248904486,0.11092504768914689,0.0037196135925233113
ee39a88bdc15fd09112d7ef9953d0d3736880020e8517ee88a6d0cb818dc899e,fiqa,kmeans,token,0,q32_d128,1.2,0.0,,0.12151161456882441,0.016495329882328692,0.10501628468649571,0.0
454ef3c4b0f6aa2546c25807bbefbb56ae676675c39537c0916521a19b9d47b9,fiqa,kmeans,token,0,q32_d128,1.2,0.5,,0.13204693717079455,0.01550379464581162,0.10764088367559652,0.008902258849386389
af87d3af19c6f48d447f519be97a226880a758c5a34b539d7ea043a86fe9562f,fiqa,kmeans,token,0,q32_d128,1.2,0.75,,0.12661332732168842,0.016438951393930944,0.10352031459121724,0.006654061336540212
7721784b46bf60f82de50a2b0d1ffaffd5155407cb14a4cd335a63a0fe5c370d,fiqa,kmeans,token,0,q32_d128,2.4,0.0,,0.11157317023207941,0.01771678263612239,0.09385638759595702,0.0
193efe1625fd3001c835d84b9bdde471303dc3dfd7805515e4b1221021dddac3,fiqa,kmeans,token,0,q32_d128,2.4,0.5,,0.12433478530125451,0.016915859625292684,0.09749882670581662,0.009920098970145194
2d75f4eaae61b93095022bac5a211a4aecbd92c8dc6868b9bd7d6c744cae58b7,fiqa,kmeans,token,0,q32_d128,2.4,0.75,,0.11697587648862427,0.015515078715220357,0.09358357696877112,0.007877220804632785
d1ed313caae15aa493b914306ea70aa98e20abb85eb1bd0c57659bafb99733b7,fiqa,kmeans,token,0,q64_d256,1.2,0.75,,0.1463790250584278,0.014884074925104025,0.11887755177983753,0.012617398353486211
d08e94476bd2ea74e4be0da8e0a328d8af62c4d551b6f5958c455462fef04fb7,fiqa,kmeans,token,1,q32_d128,1.2,0.75,,0.12944301275207704,0.015718363286542407,0.11014679287747198,0.0035778565880626653
249c140fda4884ae67f3563b7b1ef83762842b96b6d158135df77080c8f74f5a,fiqa,kmeans,token,2,q32_d128,1.2,0.75,,0.13212592761900008,0.016317739124259326,0.11116649756350873,0.004641690931232017
c7996af47f1c4e3b7f33f3a3ca279f838a66d2f1d1bc29fb1f136c5133047817,fiqa,pca,pooled,0,q16_d64,1.2,0.75,,0.020295306449081008,0.002167786377331747,0.016539831608555232,0.001587688463194029
de6165531700e04056d3d8923361a4cbb6376356ce986a39fa128ecfdb32a2dc,fiqa,pca,pooled,0,q32_d128,0.6,0.0,,0.057462509955869406,0.0070210182845993575,0.050441491671270045,0.0
5ace3a1190c54791913b2430df83d0e03befb8d33a3f79de6b35f743c7f46be4,fiqa,pca,pooled,0,q32_d128,0.6,0.5,,0.0655138527367052,0.00757679764637104,0.052653640745381154,0.005283414344953002
4976c8356e511d803a67ec935576360a4784c57144eb71ec7cf18f9d99e38eeb,fiqa,pca,pooled,0,q32_d128,0.6,0.75,,0.0685164627225312,0.007673392160921141,0.05285592631304963,0.007987144248560427
0649fa44f49348ff1186a63bbc58ce27de2c421d26d6f7c3e66f4696b6de6f88,fiqa,pca,pooled,0,q32_d128,1.2,0.0,,0.046840475940296576,0.005302477919815135,0.041537998020481436,0.0
f3632781148c2c31a4431d499a5c9297e0e543ccd3badbee871ca992926de703,fiqa,pca,pooled,0,q32_d128,1.2,0.5,,0.059440046703888264,0.00708570537513376,0.04541053703919702,0.0069438042895574766
5b837b5a0d6ee4b871c353a1dc3ce29e0a06879809aae12d06d455f13774eb64,fiqa,pca,pooled,0,q32_d128,1.2,0.75,,0.0650476192815716,0.007171306126492913,0.04692080078438965,0.010955512370689046
277f1176bcddcd7ef570ef93e02e8b2d5dc3a5a30d7bf13cb7c67276bcabfdf6,fiqa,pca,pooled,0,q32_d128,2.4,0.0,,0.0356662735317239,0.004965295248854052,0.030700978282869842,0.0
915a23cf6d2853e4978c7a8f63f8cfe615716b897b07d98a301c523948ecd096,fiqa,pca,pooled,0,q32_d128,2.4,0.5,,0.04756632426587901,0.005298461628181763,0.034948787824862604,0.007319074812834648
7d0c6e699e8e0e70f2affc1229ef04860f91bf8ed1d917c86c860728bdd31079,fiqa,pca,pooled,0,q32_d128,2.4,0.75,,0.05746331677965157,0.00694033854201945,0.037825623456860566,0.012697354780771556
25f397823f05df3610737ff3f08317b497d7b429b1e41542e79d93f05a9a0230,fiqa,pca,pooled,0,q64_d256,1.2,0.75,,0.09975132693071792,-0.003915945758517156,0.07910088940632486,0.024566383282910213
2cdca8159093d7616328c36b334256a5640407961a65f2de1e5a104f23e1cfb0,fiqa,pca,token,0,q16_d64,1.2,0.75,,0.08089847239052278,0.029188243235760598,0.03715557654802861,0.014554652606733557
a12adfca4b1e45cb368c31123841eceda59df4dbd735f467c892c1feb6c4b174,fiqa,pca,token,0,q32_d128,0.6,0.0,,0.16887385409810446,0.02147629849370079,0.14739755560440365,0.0
43b5040fcf850aa64757bb9b5ddca768d469f18af37642bf901909e8c738c5bc,fiqa,pca,token,0,q32_d128,0.6,0.5,,0.16482705051740326,0.025212697802407338,0.12068349761131977,0.018930855103676116
1d03e9c970b9e33cb3c7254ed0ab3d30056bd81ed8d7a1bd66e4ed1f61202b5b,fiqa,pca,token,0,q32_d128,0.6,0.75,,0.16124945746780026,0.030929626046266527,0.09792211399172444,0.032397717429809264
33a139da90bcd5fb087b5cc1ff5312422fbb7f032fd245c1e93d243718f18eae,fiqa,pca,token,0,q32_d128,1.2,0.0,,0.16979070933286558,0.02503583278459789,0.14475487654826769,0.0
300669067ef4f11610a3350a3cb2550ed8bbbfdba556c43396296a9688bf4d37,fiqa,pca,token,0,q32_d128,1.2,0.5,,0.17231751531428544,0.028743441865619185,0.12134201845008696,0.022232054998579266
c7809bb7d788af095032994549075b4bf5302acf430f5f7f067a7bbc5ec6e809,fiqa,pca,token,0,q32_d128,1.2,0.75,,0.16790042047912648,0.0335067285574091,0.09863770471374829,0.03575598720796908
2f0fc3720cddf374ad8c89002daa1f234361e06a13870ab08e7c44a0c895dff7,fiqa,pca,token,0,q32_d128,2.4,0.0,,0.1625253786388041,0.034036569190267346,0.12848880944853672,0.0
b294c550597bfe19da0213f1b06161b8727b588ea36e674ce3f9a94e0f0c6b40,fiqa,pca,token,0,q32_d128,2.4,0.5,,0.17528582015039706,0.03382167576221531,0.11215402036997923,0.029310124018202488
669615f82688b84f4015c09c09f05dfa9a17f8b192fb7c5a6d0820bd78775323,fiqa,pca,token,0,q32_d128,2.4,0.75,,0.17304946314276198,0.03652776328616993,0.09156867513132015,0.04495302472527188
3f0c750e819994253b2cd4760060b169aeeaf3b183092a669a5aee16f1d7ed27,fiqa,pca,token,0,q64_d256,1.2,0.75,,0.22984482261578645,0.038058514140256995,0.12370361827629406,0.0680826901992354
844cf425009c1118cde1cd0f83a476712c8875c5652787aa0b5ae565d79da30b,fiqa,pq,pooled,0,q16_d64,1.2,0.75,,0.0012622549308412027,0.0012622549308412027,0.0,0.0
a060c0b8c7833f42e2695c846553177a5a5ede3eeaed1c7940d4c136ecb2c6c3,fiqa,pq,pooled,0,q32_d128,0.6,0.0,,0.0012622549308412027,0.0012622549308412027,0.0,0.0
0fa4fd4450edac6a80ce132afedbc6479206a92eb7d7a2aac6a4b622ff5c3ae5,fiqa,pq,pooled,0,q32_d128,0.6,0.5,,0.0012622549308412027,0.0012622549308412027,0.0,0.0
7933407a71e68152405537b82c093ba3faaedf6b4d0f125ecfa2711076fbbd69,fiqa,pq,pooled,0,q32_d128,0.6,0.75,,0.0012622549308412027,0.0012622549308412027,0.0,0.0
0ec70889c552e1b912c5370150b1030557f3087d962e04d951a14e15da39a088,fiqa,pq,pooled,0,q32_d128,1.2,0.0,,0.0012622549308412027,0.0012622549308412027,0.0,0.0
24fec4d587428240b7c1e40e376126e9e2c98275033efbc418cf60bf4748437a,fiqa,pq,pooled,0,q32_d128,1.2,0.5,,0.0012622549308412027,0.0012622549308412027,0.0,0.0
d393b88251503016ebe7c10efd9b3d8e735b3794998ccbfbe2ebbfcf3c5e4e20,fiqa,pq,pooled,0,q32_d128,1.2,0.75,,0.0012622549308412027,0.0012622549308412027,0.0,0.0
9e429edc9a0d6ee89b268414270f7b1c879c4750c5ae2f831eadc1767275c70c,fiqa,pq,pooled,0,q32_d128,2.4,0.0,,0.0012622549308412027,0.0012622549308412027,0.0,0.0
6769341b83b8fd2f8c2f322395d72c150d4ea0177b3c2050362c475731f47492,fiqa,pq,pooled,0,q32_d128,2.4,0.5,,0.0012622549308412027,0.0012622549308412027,0.0,0.0
88e4680de142571651850b0e9e70207097c1ffdfadd26c11378d03f1c09ad844,fiqa,pq,pooled,0,q32_d128,2.4,0.75,,0.0012622549308412027,0.0012622549308412027,0.0,0.0
cee0813f268fa95d3a4fdf857ccb84c937c1620dbf3de240db8e88eaf9747e65,fiqa,pq,pooled,0,q64_d256,1.2,0.75,,0.0012622549308412027,0.0012622549308412027,0.0,0.0
8edd220ac798d3857f86c4ac133f810ada311fc0bacd5c8e75c611aead913d19,fiqa,pq,pooled,1,q32_d128,1.2,0.75,,-2.7583896147634693e-05,-2.758389614763469e-05,0.0,0.0
a6eabe40d0fc6bd534a4796dde2e3c38aaf8b7e10d5c27746d873364f140caf3,fiqa,pq,pooled,2,q32_d128,1.2,0.75,,0.0011486184432328767,0.0011486184432328767,0.0,0.0
e84051d728a96cc1ec3933165f9c0cf71ae5c8757665b40f3737d68aad799c0c,fiqa,pq,token,0,q16_d64,1.2,0.75,,0.024743380016345733,0.0031845060203924986,0.021418987949772712,0.00013988604618052195
592077d8f26412add8408ba188c6528a1a8bba2e310370f7c8a93bb50ea958d6,fiqa,pq,token,0,q32_d128,0.6,0.0,,0.05689820695881656,0.00633130425655308,0.05056690270226348,0.0
9731bbf4cb90ffba2058b202cd7d730bf5c28df2cc7399f33e35113b13496c19,fiqa,pq,token,0,q32_d128,0.6,0.5,,0.057146254541911884,0.0037755995852801257,0.049405865063240094,0.0039647898933916625
d5320ce4ad9932426009706973cbad36bcd7bff44f6a9eba350db45249910e47,fiqa,pq,token,0,q32_d128,0.6,0.75,,0.053177337989718285,0.003238131504453172,0.04907864362306175,0.0008605628622033561
fa8b1b0a0399f7e4085505d94264b0101ab40d1e544ecfa0e85905f01f64cdff,fiqa,pq,token,0,q32_d128,1.2,0.0,,0.057615628382112594,0.007709111880890737,0.049906516501221854,0.0
d9b86ebd8b6f1b6937822c2cc3912345d855d831733971410c006cdb78fb099a,fiqa,pq,token,0,q32_d128,1.2,0.5,,0.06232249635515598,0.005196104861932744,0.05095354023101502,0.006172851262208212
4a263bf6d2c8af90f68a382766fc116eb5864d2f0ec3fa35c06ad9c4da5a2fea,fiqa,pq,token,0,q32_d128,1.2,0.75,,0.055954381225602715,0.0032423380963972816,0.0501348688445111,0.002577174284694328
24a5f0c1232c94d2b5668d3da62df1a5e9895de8c970c977311ef0a44fdd0d1a,fiqa,pq,token,0,q32_d128,2.4,0.0,,0.050033348274729064,0.0054630847747461735,0.04457026349998289,0.0
ee216a72a995ee065cc2d498a9120c9f26f1fbcc5df63c7010294abc62cae61e,fiqa,pq,token,0,q32_d128,2.4,0.5,,0.06077925153065776,0.005216958699256214,0.04750336439948469,0.00805892843191685
e0fe06190c2fe269275d6f0735a11052a81f69880fa788d94752f85eb23fb93c,fiqa,pq,token,0,q32_d128,2.4,0.75,,0.056402605648958604,0.0037602785752999484,0.04743188431611822,0.005210442757540422
ab9e3e0b092f779039b773e2c01fbc05f97645af72cee91b6525ff0fbc95ad8c,fiqa,pq,token,0,q64_d256,1.2,0.75,,0.09364971235515587,0.004383064253763469,0.07943080760358615,0.009835840497806243
a08ba0aacb1621e8de20c908411ca8185d20f9e7c891a9c991f1ec4e54203a0e,fiqa,pq,token,1,q32_d128,1.2,0.75,,0.05251008871290529,0.003104983791367107,0.05102638232387692,-0.0016212774023387359
15980143225f449b3a2adae220f0f2caa30e31891845692fd47bdf90489c0057,fiqa,pq,token,2,q32_d128,1.2,0.75,,0.0653460607063413,0.00478062644973113,0.06168438892944815,-0.0011189546728379697
1dfebf38f156bd75dca54e6782fe742242919181ba84f6c0e1d8ef7b382fa33e,fiqa,rq,pooled,0,q16_d64,1.2,0.75,,0.00651731371929651,0.00651731371929651,0.0,0.0
6a435a5a84599a3542a764df5073220312b3118fad32fda75dad6fa02706225d,fiqa,rq,pooled,0,q32_d128,0.6,0.0,,0.00651731371929651,0.00651731371929651,0.0,0.0
451b4f1a3fc723243decd434788461542f4ebd59c6ae39f1ef573057c4e93d31,fiqa,rq,pooled,0,q32_d128,0.6,0.5,,0.00651731371929651,0.00651731371929651,0.0,0.0
1cdbaaffe344700733da859388fe49ed52b79dfc50379275634db03f7a631611,fiqa,rq,pooled,0,q32_d128,0.6,0.75,,0.00651731371929651,0.00651731371929651,0.0,0.0
6e8fcfe66fe8c04296fe68b55716709fa387d81d4c25c330292911655f1a7e3b,fiqa,rq,pooled,0,q32_d128,1.2,0.0,,0.00651731371929651,0.00651731371929651,0.0,0.0
0006f356658381ec34ce3c492e1ea98e2b41956d3f063f77c76b9762079d9e0d,fiqa,rq,pooled,0,q32_d128,1.2,0.5,,0.00651731371929651,0.00651731371929651,0.0,0.0
327de2c4d88cadf13bad1231ae6c1827446f2c9163dac97df711149af6b41f5f,fiqa,rq,pooled,0,q32_d128,1.2,0.75,,0.00651731371929651,0.00651731371929651,0.0,0.0
1384a1a9bd64f53ee1087257d1bbb473599d3a4f142debdb5eff82cba59a1909,fiqa,rq,pooled,0,q32_d128,2.4,0.0,,0.00651731371929651,0.00651731371929651,0.0,0.0
ab92eebf3126864784e5ba1abd9d08b4afb4f7cc99da76c717860448828a5c14,fiqa,rq,pooled,0,q32_d128,2.4,0.5,,0.00651731371929651,0.00651731371929651,0.0,0.0
2a1360da048e9b7f8a2cf45ecf93c8f7146b7e1ee3b5614429df33a5482cba0b,fiqa,rq,pooled,0,q32_d128,2.4,0.75,,0.00651731371929651,0.00651731371929651,0.0,0.0
31239f5dfa8d54b34fac30dfa6235e5cd7bcc0c5d9c7bfd657e8d814ee0fb009,fiqa,rq,pooled,0,q64_d256,1.2,0.75,,0.00651731371929651,0.00651731371929651,0.0,0.0
7c7af0e30ccd0a99becd396e5f7749da3b12cc33dbafaaed1366d748af537c09,fiqa,rq,pooled,1,q32_d128,1.2,0.75,,0.008309631305600406,0.008309631305600406,0.0,0.0
74fc3317f760a98b34e4f61190eee7d582d3253f3c7e885db4400976fceb7c72,fiqa,rq,pooled,2,q32_d128,1.2,0.75,,0.009898838330358496,0.009898838330358496,0.0,0.0
7c14e23d0204470437a5b085cfc963434bf99bf748a9b054a56ca42153e9282c,fiqa,rq,token,0,q16_d64,1.2,0.75,,0.12937582183732949,0.010752861356315237,0.1051641250513834,0.013458835429630838
4856e631b169fc612e7906dfeeab26a02713c7d6be01c1a6641933ea27e5acf6,fiqa,rq,token,0,q32_d128,0.6,0.0,,0.1697117492522597,0.01597028997215373,0.15374145928010596,0.0
8379f7d90588f91e1f19b2c0a92fb870c93cfca6db4591cc1b3b310059b53c1f,fiqa,rq,token,0,q32_d128,0.6,0.5,,0.17389837277392853,0.012746158007216651,0.1452363626157454,0.015915852150966456
e07432f728def0d787e9947b56b8e9ee54fcff8738d9425821a7955a52fdbc23,fiqa,rq,token,0,q32_d128,0.6,0.75,,0.16930320129562085,0.01073812464706829,0.14045195215483453,0.018113124493718016
553747c50d120e873ab51a1b2c4d987f6aa6f452f8003a65bf10d243066d697a,fiqa,rq,token,0,q32_d128,1.2,0.0,,0.16552569025199682,0.017900088759317718,0.14762560149267911,0.0
8caf8e59dfdf15c2582833a8a1a6206859a59b6fadb4eb7bc935fcb1720f5abf,fiqa,rq,token,0,q32_d128,1.2,0.5,,0.1774618636424165,0.014190235209489088,0.14323814055513975,0.020033487877787665
f024d7ef1208ae841cd08271df5bdaf4748efb039c141f38972e9b1fcca56b7e,fiqa,rq,token,0,q32_d128,1.2,0.75,,0.16999430813471175,0.010713773554198,0.1377517522271017,0.02152878235341205
212336b513d2233007acb496d7f6e6c582d4dcb66d31a362482c03a4f4d9f1fb,fiqa,rq,token,0,q32_d128,2.4,0.0,,0.15428374101890766,0.017096152445791823,0.13718758857311583,0.0
7cf71473b815171f3a82a085ba860069ed962e8647dd4e61c66a4f6fe4204afc,fiqa,rq,token,0,q32_d128,2.4,0.5,,0.17077528628663338,0.013072648500055604,0.13523463877218328,0.022467999014394478
9b509bed9e656b7572893a28ad3eeeb96d7fd1cf19c6d2d19dc96186b83346cc,fiqa,rq,token,0,q32_d128,2.4,0.75,,0.16360349399227248,0.0101160380932999,0.1296362064265495,0.023851249472423095
f5ed09fad2f3f277ab58557ea700b9db17380da0cc612a817e24297b8be14c18,fiqa,rq,token,0,q64_d256,1.2,0.75,,0.1974305543413282,0.01418274330240784,0.14933784112646897,0.03390996991245137
74aa333e17f2487127a205b3dc8eb4c66f5e6aa75826de116b955bb5ae4e10aa,fiqa,rq,token,1,q32_d128,1.2,0.75,,0.1692096363832919,0.005152981094958734,0.13943080371746538,0.024625851570867753
e3f6bf274b1214f7d38b53120201466d308b0ab12cdb259da78d96deb0462105,fiqa,rq,token,2,q32_d128,1.2,0.75,,0.17771161691205747,0.008203814229560439,0.1426156977209056,0.026892104961591425
339db0af16e09a5d1e02b611550c2de199195e2fb04131c6c533094d2e96413e,fiqa,sae,pooled,0,q16_d64,1.2,0.75,,0.013120625894841975,0.0030694805535746313,0.0027910306487600365,0.0072601146925073065
bf65336172f8f3ad729a136eddbf021cc370a9f72405233eb5ea21e79097abca,fiqa,sae,pooled,0,q32_d128,0.6,0.0,,0.014332470009933203,0.0006656839476444042,0.0136667860622888,0.0
b84ce2cb90e0d8b61bb78eb34ee798db080cae3d891b78c3a7ab79b3c4006216,fiqa,sae,pooled,0,q32_d128,0.6,0.5,,0.01876916069194159,0.0006575027482193923,0.00997137070072595,0.008140287242996248
16a353ea23bdf578787647f346725f9e97580fe4afb8d855bbe0d57b231fa27e,fiqa,sae,pooled,0,q32_d128,0.6,0.75,,0.020234975797271477,0.000750594644967856,0.008341096538538696,0.011143284613764924
3d2a02f2c0d10abb9641e0f948f568f1c404e6de07991b57dd5750795870b727,fiqa,sae,pooled,0,q32_d128,1.2,0.0,,0.011006529773257532,0.0005577683575121312,0.0104487614157454,0.0
c7b8bcd0e268c0c3914c185c6cb73aa02baaa7a0988bdbf7f9402be9db277365,fiqa,sae,pooled,0,q32_d128,1.2,0.5,,0.01750512565696005,0.0005156093569874282,0.007801287555579461,0.009188228744393158
58ffe82d1737860101bb786be41deb6074e04d0dcea91c98c8315f6d11f8b633,fiqa,sae,pooled,0,q32_d128,1.2,0.75,,0.020381029439039317,0.00076367862868208,0.006798569044293804,0.012818781766063433
78b70a254d92d0a3f167cde92b046c558328223e3c0bb2d5f68f009d76a1ec44,fiqa,sae,pooled,0,q32_d128,2.4,0.0,,0.008458930890220758,0.0007360982999152499,0.007722832590305508,0.0
73139f2268281c49c008476ca04e118bb1b35a1fbfca5d377196c1eb23031568,fiqa,sae,pooled,0,q32_d128,2.4,0.5,,0.014822422369745774,0.0005226367499545312,0.005093457802768826,0.009206327817022415
64a26f9c5a69aca0fbf9a55174cf9aa3ed9d91db7b74f175c0b7aa77c91779c4,fiqa,sae,pooled,0,q32_d128,2.4,0.75,,0.01897748203516859,0.0008019665040476173,0.004714686991955727,0.013460828539165247
d9584062df4f620ddabba5c496fc0d462a44b4c16bef18055a5c091380a23615,fiqa,sae,pooled,0,q64_d256,1.2,0.75,,0.020381029439039317,0.00076367862868208,0.006798569044293804,0.012818781766063433
2eac8d354c99dd8ee5347dd9f1fffd280896842161b3eefc0826065356e6bfb1,fiqa,sae,pooled,1,q32_d128,1.2,0.75,,0.02058706090146097,0.0011867533785833947,0.006616131851373448,0.012784175671504125
4a3b410f95b04a17110369873e9bb439fe022d81c189e0d416cbe92ab2168ac9,fiqa,sae,pooled,2,q32_d128,1.2,0.75,,0.018402437659509146,0.0013199667793902593,0.0060715049152595384,0.011010965964859348
bad83fe115bf1e3bb26e977c275d1231e2dc1a04051672ef7e65a4dac0ac9420,fiqa,sae,token,0,q16_d64,1.2,0.75,,0.16910691138099182,0.019221612925265908,0.10376133655647393,0.04612396189925197
5bffd398f1c536f8e566a8b3341f27056ebeb8fce01bbd48d0dac645478b0923,fiqa,sae,token,0,q32_d128,0.6,0.0,,0.20895466240688748,0.01815003446349724,0.19080462794339026,0.0
922c5916627ee4cbca2828b02a178fa03255895cdbb26dc9cb900e5449c40d9a,fiqa,sae,token,0,q32_d128,0.6,0.5,,0.2063262333973307,0.019795772743309115,0.15565054638481884,0.030879914269202734
2cfdd553461a9e699ee3edc13543778202c9443562358b22102a25d55460d672,fiqa,sae,token,0,q32_d128,0.6,0.75,,0.2033055376737654,0.01893144303786666,0.1358298636052409,0.04854423103065784
3ca774b6cbf2601a314b5e1643f0c7c678361399fe986e3d6ae4c48d5120a577,fiqa,sae,token,0,q32_d128,1.2,0.0,,0.21778733060654004,0.017947341014572658,0.1998399895919674,0.0
052efebb2b8ac9746fcad2d41974871242dd4d478736a913a4277fa269d94dbc,fiqa,sae,token,0,q32_d128,1.2,0.5,,0.21643617200244003,0.019833325593294374,0.16520442008666944,0.031398426322476206
7cb0a21b66d0fce8fb27b49af856569f4c98019132d45e747cd2bcfc2bf58489,fiqa,sae,token,0,q32_d128,1.2,0.75,,0.2129363640909246,0.020033585386084046,0.1446118864640004,0.04829089224084016
25c1fb2b789086d8c81d88c889d134881bae06a4ca8fc2d2fe919e8d553cf7bb,fiqa,sae,token,0,q32_d128,2.4,0.0,,0.22816110300346176,0.02110521497426449,0.20705588802919728,0.0
b0567671f3c3c1e8424029e25d98f9c7160ee250313c3c2c477bcb8557ca4e38,fiqa,sae,token,0,q32_d128,2.4,0.5,,0.2280469733277205,0.01926785564283304,0.17490050494315532,0.033878612741732164
1c78c228b3043d60db0125713dcedaf23f1b3ec4826ee26c1cbd81b4f32a6eac,fiqa,sae,token,0,q32_d128,2.4,0.75,,0.22387605574178598,0.018674176956406347,0.1543693857228849,0.050832493062494766
3df02bb9816b7073404e8093a4ac42bc07e2916b3dc99b51ebd92a339fa5527b,fiqa,sae,token,0,q64_d256,1.2,0.75,,0.2533339612439222,0.018481800740782175,0.17642550880069427,0.05842665170244574
6c2ba6ecaa698915a2becbee323ac670eb976b20365669b1e1cba4570c4e9dea,fiqa,sae,token,1,q32_d128,1.2,0.75,,0.22267607705723966,0.024422471997082362,0.14785262650388042,0.05040097855627686
b79cb1d7dc92648ac01668e55b21f64a421073641f684094ef1d111efb838f7f,fiqa,sae,token,2,q32_d128,1.2,0.75,,0.21118741642155286,0.019070717399183736,0.14395613213181277,0.048160566890556346
0673f44aeb3022ff5b476ae40df0fa0be449456ff4443735940358ea2bc818b8,fiqa,sae_shared,pooled,0,q32_d128,1.2,0.75,shared_dictionary,0.14788884785263284,0.023680641325892444,0.07762819141435623,0.046580015112384146
c81caf13215791623c63d447829aef266b5bbc217c9a22d89d37b3bb97d53a23,fiqa,sae_shared,token,0,q32_d128,1.2,0.75,shared_dictionary,0.2129363640909246,0.020033585386084046,0.1446118864640004,0.04829089224084016
7fb14bd33230911f93ee8d140b5673a1a59a59ea974b06f3979754faa4f7b8c2,limit,gaussian,pooled,0,q16_d64,1.2,0.75,,0.00012278468466195075,-0.00012468755396500915,-2.836774468576861e-05,0.0002758399833127285
8868d710bca3ff65e22115d26bbacb140dfef03e7042519096e043b46151a03a,limit,gaussian,pooled,0,q32_d128,1.2,0.75,,-0.00020222031998494118,-0.0003099444392046593,-0.00022897758208046922,0.0003367017013001873
e25f117c5a66ddd054905d4099131e9aaf401164ee35ca025b80a7d2f0806e8e,limit,gaussian,pooled,0,q64_d256,1.2,0.75,,0.0001824704096460555,-9.594666695941087e-05,-7.14191175859763e-05,0.0003498361941914426
b1ada5bc57bf7a61145c3bd42dc75a2d7bf68171fd4a693d3e437fe8ac24bab1,limit,gaussian,token,0,q16_d64,1.2,0.75,,-0.0002283470059315936,-7.392932338140448e-05,-0.00022020360195793001,6.578591940774092e-05
6a28643e354690c6d7fa42171c09be7c0c447b048847ddc4a796e3cb1b0aed21,limit,gaussian,token,0,q32_d128,1.2,0.75,,-5.262201598972804e-05,-0.00014850296553542067,-0.00027686882182395583,0.0003727497713696485
cdeeaf2bbb726d56bfdf7bbbeec1f3e09e12ce7aeada7e91724e89ea0a6e894b,limit,gaussian,token,0,q64_d256,1.2,0.75,,0.00023719771276929622,-0.00023065580581619125,0.00020961107972411526,0.00025824243886137215
7bbe0cf0edcd3b2472cc8e4f94a2ceddfb603961a507067d5a5a8251667b1b40,limit,identity,pooled,0,q16_d64,1.2,0.75,,0.00018457569677956818,-0.00011596514627405642,0.0003741915946195486,-7.365075156592405e-05
f963a60ad7d9728c8bbdff4e79caaaa61ca528ce62b46729dae42fac5c67624c,limit,identity,pooled,0,q32_d128,1.2,0.75,,0.0008315546295836226,0.0010924948637374406,-0.00011002987789570638,-0.00015091035625811164
0348018946235b0cf5dce6372f9a290a84c58708ac0d060613a8d38061606971,limit,identity,pooled,0,q64_d256,1.2,0.75,,0.0008881713093092646,-0.0001745539246905323,0.0004805426654886798,0.0005821825685111171
a320f565bfd5cb7102618754d4b80cf15e816cead9e74f36010eeff9a61d085f,limit,identity,token,0,q16_d64,1.2,0.75,,0.0,-0.00012355523013377284,0.00015039725845891028,-2.6842028325137447e-05
dd0febcb938f7eb6a1bc9e741a350b1d497558c7a7ac14dee08d07139839f04f,limit,identity,token,0,q32_d128,1.2,0.75,,0.0007293634307893794,0.0009208119293330041,-0.0002491395684775884,5.7691069933963704e-05
3fcdb4529353c3020ef958baeae2217a86844c6d9b530c6fa5dc93e0adb10010,limit,identity,token,0,q64_d256,1.2,0.75,,0.0017903864795495062,0.0006746476958660799,0.0005320765995936023,0.0005836621840898238
47bb6264cf09899e2df882d2e1c59df33781a1cd88ae655a15c8d43f2457c593,limit,kmeans,pooled,0,q16_d64,1.2,0.75,,0.0,0.0,0.0,0.0
9b7c87617b83b62bede686d39d4d9f175ba9676a5fa29b4ce7b904fb36cf0135,limit,kmeans,pooled,0,q32_d128,1.2,0.75,,0.0,0.0,0.0,0.0
7ca45120ebcaa1bbd935edac129b0c1a899faae1069ff1fb8e36882efb98a650,limit,kmeans,pooled,0,q64_d256,1.2,0.75,,0.0,0.0,0.0,0.0
171e634e260a81a193282d9207f8dd6edba1efc5dd3011c696ec739f8008e6d0,limit,kmeans,token,0,q16_d64,1.2,0.75,,-0.0025776704138875594,-0.00011115033634887999,-0.0024799494442923186,1.342936675363902e-05
3270cfbf2a7e513d8873876c4ffb6ea1e540b62f4dd48508c82b9bdd42036e3a,limit,kmeans,token,0,q32_d128,1.2,0.75,,0.02789807400980414,0.017281202827064756,0.010093293878854579,0.0005235773038847994
8a25a34b5f408c2800373ce9d356640ad0cd744f774093eda1b27336a96977f9,limit,kmeans,token,0,q64_d256,1.2,0.75,,0.039971302889173464,0.02663850176693529,0.01303421625192427,0.0002985848703138995
96e92967c212026d2f78ddfa713f217a9f37d45b58de3f97e4393d97e65cb7b0,limit,pca,pooled,0,q16_d64,1.2,0.75,,-0.0008772153153380493,-0.0005834957187732406,-0.0002580352538696745,-3.5684342695134015e-05
941c17fa2e6fd776a654c00e3e07d9110832f67a9f28734c7288c0f2ea648211,limit,pca,pooled,0,q32_d128,1.2,0.75,,0.0002986866476699765,0.00022367500421593045,0.00010338595636751177,-2.8374312913465714e-05
25f170033222557ce9a7afc3d2c189e844f909df8db4280455b46c44a6b49410,limit,pca,pooled,0,q64_d256,1.2,0.75,,-0.00046905523972029213,-0.001326837196197998,0.0006903686312878132,0.00016741332518989266
5e4df2c8bc12f1030f504fe296a1fa1de5d01a271e377220e2a2beb2f881f450,limit,pca,token,0,q16_d64,1.2,0.75,,0.001204382397588486,0.0005223972595920485,0.000655243672392772,2.6741465603665296e-05
aa226f13bd40fcd8bc667238d24d34a4f1dfbbb8c94fa0990ee18590b8ea8355,limit,pca,token,0,q32_d128,1.2,0.75,,-8.907312721948273e-05,4.5256238575729297e-05,-0.00021481797731552117,8.048861152030922e-05
c7d7126184bbcf5b0caafc2fcdf8226a9eb1ebdfdddec0baa0214798b535b976,limit,pca,token,0,q64_d256,1.2,0.75,,0.0031274743092120734,0.0009519583649204317,0.0013888262072422252,0.0007866897370494163
9b09fd51f7d3556534ba3a91aa97036137396bc8325eef9cdfc0fac789b4b898,limit,pq,pooled,0,q16_d64,1.2,0.75,,0.0,0.0,0.0,0.0
5767d1904a6a5138584c6c707b6e918bb2f1df2de0ed61e3b5a2bd7b3e1ffe98,limit,pq,pooled,0,q32_d128,1.2,0.75,,0.0,0.0,0.0,0.0
85d3fd5ae58d535a53c271df6387e3f366df18c80287b2d46aae3cf6fad26868,limit,pq,pooled,0,q64_d256,1.2,0.75,,0.0,0.0,0.0,0.0
17b60626e93f187a0f5aaa9084d3c9584342104462a76d0104e5eeaf3a0b774e,limit,pq,token,0,q16_d64,1.2,0.75,,0.0003868528072345416,-8.341907152269884e-05,0.00040874664649738436,6.152523225985606e-05
2f142210ce65c5e21eb7bff85658524a67a3297f72eed22c67b2b8e62768aae6,limit,pq,token,0,q32_d128,1.2,0.75,,-0.00038162168437253386,3.2378387370773364e-05,-0.0005316274545226077,0.00011762738277930047
c053aeb744c5272212bc2a466021b64485db7053f2b01dc7bb37b4835c270d0d,limit,pq,token,0,q64_d256,1.2,0.75,,0.0007552174157348882,-0.00015245863546213808,0.0009785422509898762,-7.086619979284994e-05
1d51d302b90ca9d5658deed34b3411146a0309609b318538bbb6b93113274057,limit,rq,pooled,0,q16_d64,1.2,0.75,,0.0,0.0,0.0,0.0
3acd498ef663295391107f1ac8d2daddb8ca315d37c1020076076dbb9f0a3655,limit,rq,pooled,0,q32_d128,1.2,0.75,,0.0,0.0,0.0,0.0
9834b8aef67c64bf20cb2f74837df3108034cce37117d06b9a0048fbe9956305,limit,rq,pooled,0,q64_d256,1.2,0.75,,0.0,0.0,0.0,0.0
89f7c944daa37db93125922450408b735f8c73fd234990083c423a29d590e1c4,limit,rq,token,0,q16_d64,1.2,0.75,,0.002125096321077417,0.001138773947884539,0.0009675644382060135,1.8757934986864648e-05
3bf33b1148d47b08764769c952198b0a7f84261657bbc8649de48e7b5266c93f,limit,rq,token,0,q32_d128,1.2,0.75,,0.007601544712095233,0.002336966443914677,0.005021637976209376,0.00024294029197117963
5ee6a5befecc308a7612f474e9c9c770f6f2d88707ad851d21022f1ac4e99e0f,limit,rq,token,0,q64_d256,1.2,0.75,,0.015014645507735125,0.004716126796774238,0.010167806969873374,0.00013071174108751207
25b5e2bf800a92303cef4da617270cd004a915eff75abb035074cd4c3ee8194c,limit,sae,pooled,0,q16_d64,1.2,0.75,,0.0,0.0,0.0,0.0
1bea12d9e5a9a12d6ebd40941ef0e52aeaef6a27af16369ef8eef74418f4468f,limit,sae,pooled,0,q32_d128,1.2,0.75,,-0.0003065735963827292,-0.0003065735963827292,0.0,0.0
6b7fc37fd19cdd87f3117878f470e8a8dbdcf43dfc70034cf310d63bf40cc8d2,limit,sae,pooled,0,q64_d256,1.2,0.75,,-0.0003065735963827292,-0.0003065735963827292,0.0,0.0
7e84e9ac7c7e17b931ff18cf162cb29eceab5777837b8c388295cbfa7504c2ae,limit,sae,token,0,q16_d64,1.2,0.75,,0.00311503656936786,0.0009720012505872535,0.0020299049943032273,0.00011313032447737926
7bffb043df0f4a64f97533d994532ea4e512d650822bf71f0976653c5dfaef50,limit,sae,token,0,q32_d128,1.2,0.75,,0.007153713150327254,0.0025546626722286734,0.004425607928265078,0.0001734425498335019
60384a7f9ccfe5374120a29da14e66c9bf69e765483cb41314362fc6878fd073,limit,sae,token,0,q64_d256,1.2,0.75,,0.0164337179373359,0.0030500115204820733,0.013305023307106112,7.868310974771368e-05
aa3f971bd2636a9439a134c1120d20508fb9fe14a0cadba623d9fffd7d434941,limit,sae_shared,pooled,0,q32_d128,1.2,0.75,shared_dictionary,-0.0011863600849948447,-0.0017275132543146813,9.747343756303474e-05,0.0004436797317568018
c639753367e79fd6606851b5e166959ab01e3885b3061d0da6242c063c1944aa,limit,sae_shared,token,0,q32_d128,1.2,0.75,shared_dictionary,0.007153713150327254,0.0025546626722286734,0.004425607928265078,0.0001734425498335019
0dc1a0846b63c8eb30f0b5ba18575dc006d1786fbd435f0115bc9cbea08410b5,miracl_bn,gaussian,pooled,0,q16_d64,1.2,0.75,,0.08439132078409269,0.0022143838095119335,0.01872275180319925,0.0634541851713815
629e8fd6bbc38d5e422c21b7c6e4c184082b658ab243374573252cae7730d28e,miracl_bn,gaussian,pooled,0,q32_d128,0.6,0.0,,0.1028606584978579,0.013522121816521852,0.08933853668133605,0.0
2f8290bdc927f5f0373a47c7c4cef315b9b665d453b66f39126a8fed89106ec3,miracl_bn,gaussian,pooled,0,q32_d128,0.6,0.5,,0.13826435575731286,0.0073075817206664714,0.08725085578217123,0.04370591825447516
10df0758eac3212c3cb90de33f269ab0e805083a80fa460d252707b25c084634,miracl_bn,gaussian,pooled,0,q32_d128,0.6,0.75,,0.15703031716329788,-0.00492052171100456,0.05568239144242715,0.10626844743187527
11e8597cc1ea9bb9cb107405763db51845394f52b60dc646725e859f9b7b3293,miracl_bn,gaussian,pooled,0,q32_d128,1.2,0.0,,0.08398578202054423,0.030457952326173723,0.05352782969437052,0.0
faa80c1b39d12afaf3d95e43de6f3483cfd691ebb8c3431be97c2ef1102ec794,miracl_bn,gaussian,pooled,0,q32_d128,1.2,0.5,,0.13268276992291714,0.021368882925491665,0.059524058769077993,0.051789828228347476
94eb3cef9cc9650e7f7971bf1d9b44dc755474fd6039419d6b226c77b48df505,miracl_bn,gaussian,pooled,0,q32_d128,1.2,0.75,,0.16791263610276777,0.0029620874240050415,0.03927689285117453,0.12567365582758822
bae49adb6281f25d21af31e14a3f6956dee433a1871e8fa39a1afa229f643fd8,miracl_bn,gaussian,pooled,0,q32_d128,2.4,0.0,,0.05214918723541604,0.02538022914248016,0.026768958092935877,0.0
93d32828fce709c140354323affa09d5a3f3eb69d92167bf7a1fbffa85fcfede,miracl_bn,gaussian,pooled,0,q32_d128,2.4,0.5,,0.12293628518136576,0.027903658757676204,0.038003992681492724,0.05702863374219684
9fc2426481b4f86cb5b2fe45e7bc2d5a51edfa8c04933e22ef69ef3c80e5ceb8,miracl_bn,gaussian,pooled,0,q32_d128,2.4,0.75,,0.1718615249857365,0.0062581822708788655,0.02622385406850466,0.13937948864635297
079123f5abb644f4dde79f8afadba2ba144d509af85713a3c1772e19bb51e286,miracl_bn,gaussian,pooled,0,q64_d256,1.2,0.75,,0.2776124830721781,0.02299414530323656,0.059672843664064626,0.1949454941048769
ca37bc0e3bb0abb49e401199f469f7599b5227661a450623ae15cc03b70ffbc1,miracl_bn,gaussian,pooled,1,q32_d128,1.2,0.75,,0.17212171905753743,0.0019582861214638442,0.04263981859762705,0.12752361433844653
5c13920a3c977dbedadd6dd7fe9c6bef61c45ea9e0b522cd1fa686e522ef7356,miracl_bn,gaussian,pooled,2,q32_d128,1.2,0.75,,0.19405697092786497,-0.002383354756406917,0.05136570379521288,0.145074621889059
768e09075baa9ba11d67abb8b625bc7561a01f27a75595bf1ba623d890a0bb9d,miracl_bn,gaussian,token,0,q16_d64,1.2,0.75,,0.09391701383943118,0.0027740271053676747,0.031323288219617725,0.059819698514445796
b8340ee7e1a0e9be31e8998932fee5272db84bb0e588ac66a89815db61064a6b,miracl_bn,gaussian,token,0,q32_d128,0.6,0.0,,0.1345862696414648,-0.0027618127144955953,0.13734808235596035,0.0
91f1ccff9c91f598de179a3b14be7812836656dbff4b965cb7e60ede0f4922f2,miracl_bn,gaussian,token,0,q32_d128,0.6,0.5,,0.1401283560928269,-0.0021113364196559126,0.10246751922163257,0.03977217329085023
5495b7eb1a1e7436a9a36d2f55ae08ff70fced3b5a5b50b278ab5aa5a7e51b97,miracl_bn,gaussian,token,0,q32_d128,0.6,0.75,,0.1467045420667608,-0.009131109811347453,0.06126301873819687,0.09457263313991138
045853a610fc67c140505760fa2c640bceb2064b96fb3a8befa2cba36d0bb609,miracl_bn,gaussian,token,0,q32_d128,1.2,0.0,,0.12302225442450394,0.006632090498313656,0.11639016392619028,0.0
05c84dcd2d80ee2b98fa97eb1a57e6e48292c4e65612b5b209fff10d2791655b,miracl_bn,gaussian,token,0,q32_d128,1.2,0.5,,0.1429659571400663,0.002515983564277539,0.09109370053840049,0.049356273037388244
bde50e2922a012a1588f43308b68f2cffec46b9f20a71ad0bc039d5aab05e35c,miracl_bn,gaussian,token,0,q32_d128,1.2,0.75,,0.15416291337730922,-0.007177499732819524,0.05353644013932206,0.10780397297080668
a751e2d3a69677980bb6de2ffbe7569974a8b3b9da33c8aa598ebd4feecf0593,miracl_bn,gaussian,token,0,q32_d128,2.4,0.0,,0.1040765699056101,0.020515178605540155,0.08356139130006994,0.0
a817e84f707a30a46117a5fca95e9c7a9b13d3117e3006eb1a8cd3f33f9179b2,miracl_bn,gaussian,token,0,q32_d128,2.4,0.5,,0.14582846153445397,0.011759740975352706,0.07148868771699657,0.06258003284210469
a6145bad3102e45de7d4650a0e68081e958d1b52ac0287a77587367a491dde30,miracl_bn,gaussian,token,0,q32_d128,2.4,0.75,,0.16791406593644656,-0.001308313236800411,0.041063036857821,0.12815934231542594
2b492c63b89aa9f06f3271d2d773a92201c73b02906b1ec785ef3ca31ba5c312,miracl_bn,gaussian,token,0,q64_d256,1.2,0.75,,0.28166055648613963,0.029333309739287987,0.079660436266583,0.17266681048026863
b12b3087e1ed996c74ba6f5cd0ad9acf8ab400ef26e0e143a4153aa006470087,miracl_bn,gaussian,token,1,q32_d128,1.2,0.75,,0.1767089365158681,-0.0017809532073442547,0.06133469500002896,0.11715519472318339
60706f5d15990d8bc69ae91da2995db275ac09dbce9830c2a690a290fae896e1,miracl_bn,gaussian,token,2,q32_d128,1.2,0.75,,0.1879419074820928,-0.010865414517700477,0.07353311189480627,0.125274210104987
c196b83f0db753112474bfd395408dcf3bbdd7c9661ff4e2e5eac1c54fd494c7,miracl_bn,identity,pooled,0,q16_d64,1.2,0.75,,0.07162072318460198,0.017009805298812002,0.020944276603748545,0.03366664128204143
a0c848ed106e807a0140f85cac22543e457f1b61c6149a0653419a815743914c,miracl_bn,identity,pooled,0,q32_d128,0.6,0.0,,0.18769468343736018,0.04655297826615907,0.14114170517120112,0.0
8e460c33c9adeb154e822597f02fa3723bfa1ae6e86e0fcf1cdc4ebacd7cb997,miracl_bn,identity,pooled,0,q32_d128,0.6,0.5,,0.2265334331465084,0.04176969787847567,0.13182446076046722,0.0529392745075655
82d6eb87b62ca514686ea9073205c209251255900213b2476e8a39b11948b263,miracl_bn,identity,pooled,0,q32_d128,0.6,0.75,,0.236170445865157,0.03988406005579377,0.10060431977624631,0.09568206603311691
7ce2c24065403a8d338ae7a73119361c90c83226b568db310b2bc524c087906a,miracl_bn,identity,pooled,0,q32_d128,1.2,0.0,,0.1522560247730911,0.0607577170273404,0.0914983077457507,0.0
8b4b5992aea45efaabb1d4da4a6c033b95828cd6a188363014a2b9d10a75991a,miracl_bn,identity,pooled,0,q32_d128,1.2,0.5,,0.21681836463211848,0.05941593170312867,0.09332211087822054,0.06408032205076923
17a9c737c00786bb07654f0edeaeacad05ca08c4f8a95301815f4f0d5caffce5,miracl_bn,identity,pooled,0,q32_d128,1.2,0.75,,0.24952074804993965,0.04832893117137128,0.07823533659812369,0.12295648028044466
1a6e9162515f3ae035997fb34a074f3f57930061cf87a122d5e6e95c2a8fa056,miracl_bn,identity,pooled,0,q32_d128,2.4,0.0,,0.11094697872584877,0.06086685838837118,0.05008012033747757,0.0
5cfe53cbbba48f0227cf162ea59027eb861abc54c588b9976ac54cd4ac91fbaf,miracl_bn,identity,pooled,0,q32_d128,2.4,0.5,,0.20694082880676054,0.07655535867167568,0.05910453577713152,0.07128093435795332
cdb9e022f24ed0e125d55d6a484ae07de2c08f6f24714d314403fab840347737,miracl_bn,identity,pooled,0,q32_d128,2.4,0.75,,0.2580620539584248,0.06117591138466105,0.0553734057415848,0.1415127368321789
63317e56f048a01f363b0e3133e87f9f7249ad01b3346e859d580923268ad108,miracl_bn,identity,pooled,0,q64_d256,1.2,0.75,,0.4103508383095261,0.06386213315700962,0.12237384841240184,0.22411485674011464
a6ce0b24d6d789403c50ece928c87c7052c143f03c7e05a556f4211b2963239d,miracl_bn,identity,token,0,q16_d64,1.2,0.75,,0.09072326306355935,0.018294892248126013,0.03242241245115711,0.040005958364276215
141833adc558b8a9da238ca2ecfa4e5921119871569f53dd93d8bb80663f26c9,miracl_bn,identity,token,0,q32_d128,0.6,0.0,,0.23458499919212164,0.016728081486973852,0.21785691770514778,0.0
7048d3b86c098f0ecf36b9773eccb045124e9397488e7fccba6e3946411f45d3,miracl_bn,identity,token,0,q32_d128,0.6,0.5,,0.24112362587563035,0.025399705420767464,0.17198535407754761,0.04373856637731525
f08c38c48c13023d562f741105c7d43c2ca19dbfe9b51d357ebc11297fed227b,miracl_bn,identity,token,0,q32_d128,0.6,0.75,,0.23635406417770163,0.02679125192901046,0.11782412468695722,0.09173868756173394
7655eaecfe6155139d3be6696b82b84867835c1fc98ffcefb51e5a1369e6a3b9,miracl_bn,identity,token,0,q32_d128,1.2,0.0,,0.22482746435473755,0.04250831862048307,0.18231914573425445,0.0
c0ccfa38ad6046d13f8b5f0868d871fd19a6729316d3254c393ff890928a684f,miracl_bn,identity,token,0,q32_d128,1.2,0.5,,0.24820007785385603,0.04056360021776988,0.1501727466827126,0.05746373095337353
01a2edd157f410af7270da545f7005dc6fa9195c7ad803d9b3b05f393ccbd6a3,miracl_bn,identity,token,0,q32_d128,1.2,0.75,,0.2527358458277308,0.038767162385386605,0.10225817429833708,0.1117105091440071
9eb014c9fbccd0581222b31846745fb01014110a078f5a09ef046024a3970ef8,miracl_bn,identity,token,0,q32_d128,2.4,0.0,,0.19292754819237645,0.05942120799861167,0.13350634019376476,0.0
4eb94600eb9cd0c9fc2ca6a1082c3704bd1736c65c0fe625967265cf530cebb7,miracl_bn,identity,token,0,q32_d128,2.4,0.5,,0.25132061171861053,0.0589045997157216,0.11815611109586915,0.07425990090701978
dc62839c5879f3536450b9a03cd8740af599cdc622c13044db166b3ee2208961,miracl_bn,identity,token,0,q32_d128,2.4,0.75,,0.2677006869821396,0.048559303495720185,0.08043812155012985,0.13870326193628957
aa4a693cbf61c636876f7e5b84c8abaaa57c2153d0a2d2d3affe84463f7a7ba5,miracl_bn,identity,token,0,q64_d256,1.2,0.75,,0.44587892625308506,0.05249417115544754,0.18158284605384203,0.21180190904379545
4eb3c1853bfe66a35c427ad3ce7f4347bb71211066c7665b151eba1977546d9a,miracl_bn,kmeans,pooled,0,q16_d64,1.2,0.75,,0.000931393490906365,0.0010150295969863156,-8.363610607995059e-05,0.0
436a29eca8bb5df8555c00b44f841740d78fb4422a92ca728bd22c5f138edc15,miracl_bn,kmeans,pooled,0,q32_d128,0.6,0.0,,0.0009973291190177357,0.0008372956895615979,0.00016003342945613772,0.0
562f4bde1637c71c92cb8441f8ff1cb9222b1a6dd83d103cc80a67f981cd95e9,miracl_bn,kmeans,pooled,0,q32_d128,0.6,0.5,,0.0009973291190177357,0.0008372956895615979,0.00016003342945613772,0.0
c0516d7dab1e7b965d1c0f04828375a6ede47fac1a7b24d743f077d591f4ba43,miracl_bn,kmeans,pooled,0,q32_d128,0.6,0.75,,0.0009973291190177357,0.0008372956895615979,0.00016003342945613772,0.0
ac891359004edc09217e6ede7fb31dd60175d931bbd6502ce6a3032d0330f564,miracl_bn,kmeans,pooled,0,q32_d128,1.2,0.0,,0.000931393490906365,0.0010150295969863156,-8.363610607995059e-05,0.0
904c0b17331d40af3bd7a3e05dbb4e7acaf71bf4746f892d561a75e3e05ac086,miracl_bn,kmeans,pooled,0,q32_d128,1.2,0.5,,0.000931393490906365,0.0010150295969863156,-8.363610607995059e-05,0.0
29d9569bfd931c409a9576c87c8dc3b2adb4073d07b84c8c0672659a3e5aa227,miracl_bn,kmeans,pooled,0,q32_d128,1.2,0.75,,0.000931393490906365,0.0010150295969863156,-8.363610607995059e-05,0.0
054b4d9c88a04bb2a07f5e3953293b8b2ee38795bf596bfdeab3be55df4fee7d,miracl_bn,kmeans,pooled,0,q32_d128,2.4,0.0,,0.0006013400275670759,0.0008500028653166711,-0.00024866283774959514,0.0
0559f3b39b49af641502cfb0e495f9874be7a5583c2ed6a6ba078a8eacc7b868,miracl_bn,kmeans,pooled,0,q32_d128,2.4,0.5,,0.0006013400275670759,0.0008500028653166711,-0.00024866283774959514,0.0
737ff707a8c60b06720e44d01f5a83ce3e9f4c5eed78c9395e08848e9b3cba5f,miracl_bn,kmeans,pooled,0,q32_d128,2.4,0.75,,0.0006013400275670759,0.0008500028653166711,-0.00024866283774959514,0.0
c2a90190bafa81ae3b89cd4965e408a0fcf8813497a544c0cd12bd53f0bdf18a,miracl_bn,kmeans,pooled,0,q64_d256,1.2,0.75,,0.000931393490906365,0.0010150295969863156,-8.363610607995059e-05,0.0
3e046aed83ac8a5c194606a67927802211db1dd22db87b8f61098028e30a9a89,miracl_bn,kmeans,pooled,1,q32_d128,1.2,0.75,,0.0026017912098149232,0.0007798990836126329,0.0018218921262022902,0.0
71a1dde4305e7c39c9604525e15ebfda9e93d105586caa8378b10d97abac6931,miracl_bn,kmeans,pooled,2,q32_d128,1.2,0.75,,0.0015358401326397014,0.001479541235649879,5.629889698982246e-05,0.0
c7d0b57416df2084af949724c5521ed156828ca1cf8e0a6fad7ab9604b66fb9f,miracl_bn,kmeans,token,0,q16_d64,1.2,0.75,,0.07713459751381799,0.01053660889282227,0.08922313596093875,-0.02262514733994303
4ba67fda1fa47ac7cb620a4e81fcf88f588509e43dc5760bfaaa20b70636bde4,miracl_bn,kmeans,token,0,q32_d128,0.6,0.0,,0.2004558575594651,0.016952334740630348,0.18350352281883472,0.0
2f19049639818916b6d3f4c306287a7ebeb3e103b8e57369e96d85351abb87ea,miracl_bn,kmeans,token,0,q32_d128,0.6,0.5,,0.19623049004327425,0.01164939483443439,0.1781101759708391,0.006470919238000706
23b60ce7edc0c0226cbff96df3b4bc7b3d766cfe048d784654ed4a8cd8d75d84,miracl_bn,kmeans,token,0,q32_d128,0.6,0.75,,0.1666023822487848,0.013943744369974524,0.17017948640593705,-0.0175208485271268
605bc2f69533be847257eadcec118268f8a46b0ea9361b3b8bd8566632172b01,miracl_bn,kmeans,token,0,q32_d128,1.2,0.0,,0.1821344745863087,0.01816544638741248,0.1639690281988962,0.0
2adfd0580830d9f35a987445abc9494bc56540712f07bc136dd9048d636d7b50,miracl_bn,kmeans,token,0,q32_d128,1.2,0.5,,0.19249260064398266,0.012754075040393512,0.1659216438582445,0.01381688174534462
992002384f7b6cb12f5cae54be80f7ef3e60c7fb24db03a068acf071313709c3,miracl_bn,kmeans,token,0,q32_d128,1.2,0.75,,0.15319833046623693,0.012955782780635035,0.1542041939993636,-0.013961646313761712
eedae856f70932e77181e7c417bad876568ead2547f6fd538f81d09fb4fcdfc0,miracl_bn,kmeans,token,0,q32_d128,2.4,0.0,,0.1530224089509625,0.019348249254702802,0.13367415969625968,0.0
d718ccac8f9922f814e1f6ce36a01e938017360abe149c5180766d723045e986,miracl_bn,kmeans,token,0,q32_d128,2.4,0.5,,0.18417798154747117,0.017535271012401342,0.1442263020726666,0.02241640846240321
b5df9d4f548057b9a37d2ef5c1fad6299764b7ebe66e1359beb249cb25fe58e4,miracl_bn,kmeans,token,0,q32_d128,2.4,0.75,,0.12883969741710988,0.014691487660868793,0.12600959078336493,-0.011861381027123863
8a6e23477c342b9798f4d858d47e25f10906b5124de1912e0ce05f5be5bc6c1a,miracl_bn,kmeans,token,0,q64_d256,1.2,0.75,,0.16955810237380825,0.013124045813432815,0.15452292474283702,0.0019111318175384258
ead296a8d05029c009de82cb71cb22cdd0a31648530f9f7ec7bc374f0f3486ea,miracl_bn,kmeans,token,1,q32_d128,1.2,0.75,,0.15699813646366526,0.01369910218385859,0.1549302754730683,-0.011631241193261645
43eeb6d66e516aa9c10e2d623d163fd173d0480b13a1080a2d8cfbb08b8b2e0a,miracl_bn,kmeans,token,2,q32_d128,1.2,0.75,,0.16719011869329325,0.017052343679315997,0.16339374756573816,-0.013255972551760913
6cbb156df02f8b876589fd94b6f646a5cea08baaf6ae4e2eecaa871dabb6b7d0,miracl_bn,pca,pooled,0,q16_d64,1.2,0.75,,0.14553754480891085,0.03937177142940969,0.07869974961198262,0.027466023767518555
b2548bbb02991d7a4cc8083f108e3673172b2b7abe5a74075994f8779d305231,miracl_bn,pca,pooled,0,q32_d128,0.6,0.0,,0.27443121655375385,0.04355663784211126,0.2308745787116426,0.0
bc6bc6c62e43c03d671aa708a47b8cb41c803051b3c2883039bc23fcfa617b2f,miracl_bn,pca,pooled,0,q32_d128,0.6,0.5,,0.30124177719564177,0.046784483675828326,0.21389387581729863,0.0405634177025148
1a97fcd8667ef5f378240d103c8ba15fcbe24d9b9710d697a32e95c5e509502a,miracl_bn,pca,pooled,0,q32_d128,0.6,0.75,,0.314254340695468,0.05367057709934474,0.19579675234999427,0.06478701124612897
8cf0cb4fdba6280b8a3019faa633a2f65abbccce4223835d8a02c8ca14e6bba7,miracl_bn,pca,pooled,0,q32_d128,1.2,0.0,,0.24519497075911112,0.0470503697918884,0.1981446009672227,0.0
bfac9e8306d3d1038896791d28f63c2a323ee70d54fd358edb1abeef7993bd20,miracl_bn,pca,pooled,0,q32_d128,1.2,0.5,,0.28512803195769465,0.049621141620377,0.18805368535384082,0.047453204983476834
e540d9ffaac945327577da1ebc541501aad3589540056d29d69f00e621dfc016,miracl_bn,pca,pooled,0,q32_d128,1.2,0.75,,0.3072408941400948,0.05653748093403872,0.17449158828275074,0.07621182492330532
35eda70220d04323d397a578030f37c390fc7592f0bdcd2169033e5986c310cb,miracl_bn,pca,pooled,0,q32_d128,2.4,0.0,,0.19103465293273938,0.04617871849040636,0.144855934442333,0.0
ec4482054c01aa4d4a9acf9acda4f7d727ab90cf43f26c66aa0a6ef048bb979a,miracl_bn,pca,pooled,0,q32_d128,2.4,0.5,,0.2614337132236482,0.05372977210619906,0.1475078774814617,0.06019606363598744
7aaea99ffd7c5e2c2bcc92885e237650f28476cbb0a4722024217014b69a1350,miracl_bn,pca,pooled,0,q32_d128,2.4,0.75,,0.28989615832515125,0.05791419187639727,0.13848653164165484,0.09349543480709913
d132c6105b6f53df6779815a9c5d1530629ed06bec445c526d7be0e0c91261df,miracl_bn,pca,pooled,0,q64_d256,1.2,0.75,,0.37676286430812755,0.021271397333694153,0.21434615695499884,0.1411453100194345
4471d569ba22df2839574d3938ab92e29f97b5d60d57ff2b9c185fe066a44040,miracl_bn,pca,token,0,q16_d64,1.2,0.75,,0.23303995831184865,0.0449959260212886,0.10734106637788954,0.08070296591267048
aa14eb141be0f697d2d5258f781ef7dba6f9cfa9b3315c988ec39dd4c5ba0802,miracl_bn,pca,token,0,q32_d128,0.6,0.0,,0.42606868007889903,0.027827524254327315,0.3982411558245717,0.0
5e552ecc1e5cad3ac3567997065007cdfa54ad1bb50a8df1f75bdf172bc01fca,miracl_bn,pca,token,0,q32_d128,0.6,0.5,,0.40898214415724615,0.05795391816618822,0.2519208029290679,0.09910742306199008
28deaaa39a39dfb3cb82c496ba42c9f404268691f3908872bf819b85cf8b7189,miracl_bn,pca,token,0,q32_d128,0.6,0.75,,0.3981272175543526,0.03876199399363571,0.19299798477572888,0.16636723878498802
8709c705c0040da35de1d7e9141344e35545784f5f60c84eb723a881f464d6d3,miracl_bn,pca,token,0,q32_d128,1.2,0.0,,0.4364959361308434,0.031456229960090384,0.405039706170753,0.0
8fd244bbd42ab4b5624a6f9eca2ec92d98d59f0886b30e614a0e7de623eaadf9,miracl_bn,pca,token,0,q32_d128,1.2,0.5,,0.4297189959131068,0.0598828614808319,0.264724032322767,0.10511210210950792
ab0d04b3713bfd90c8665ad97b779f26f5d53c1435520ff0c1244a8c7d299a4a,miracl_bn,pca,token,0,q32_d128,1.2,0.75,,0.4146548349369457,0.04198625917593231,0.20304893604896782,0.1696196397120456
50846d102faa861acb97a665cf7511384f29b8f319e9770f5892ec9768757efa,miracl_bn,pca,token,0,q32_d128,2.4,0.0,,0.43728501861498603,0.038290302323160906,0.39899471629182504,0.0
2eea61bd2fac91887ebb8a168d6be857a6a233de9eaf491ec72af535ac665527,miracl_bn,pca,token,0,q32_d128,2.4,0.5,,0.4486896430250734,0.0636456786816461,0.2693054523388792,0.11573851200454807
cc6c7792e3ad4d0961563ee9a979bc0fa54b47b540a9d37e4734218eec50c571,miracl_bn,pca,token,0,q32_d128,2.4,0.75,,0.4397225411820203,0.04505730225012894,0.21102477269494277,0.18364046623694855
09a0759c777e0d4b37405dc84c61992ef5cfd70b7b9f4fbfebba9b778da9fd67,miracl_bn,pca,token,0,q64_d256,1.2,0.75,,0.5119739248058072,0.025640868057234572,0.25673647495851604,0.22959658179005654
8cfcadcc9dc34a63ef7d46d6314889151ab8455558379378754bf6cda66c0e1a,miracl_bn,pq,pooled,0,q16_d64,1.2,0.75,,-0.0002006321952019623,-0.00020063219520196227,0.0,0.0
19a68c6f2ea1c99bc1fe44936f0d42b32af57e63e3782dc68c2d16712ed10c5f,miracl_bn,pq,pooled,0,q32_d128,0.6,0.0,,-0.0002006321952019623,-0.00020063219520196227,0.0,0.0
f12cdfb78993589b4608c9d76ba09b82ee498df14849a08a72115c7d58a82849,miracl_bn,pq,pooled,0,q32_d128,0.6,0.5,,-0.0002006321952019623,-0.00020063219520196227,0.0,0.0
5dfaca4483fe153e5ddb9c26bf08e61b18645ad27fe672e6af607ab3225864ef,miracl_bn,pq,pooled,0,q32_d128,0.6,0.75,,-0.0002006321952019623,-0.00020063219520196227,0.0,0.0
69c612db694101a6058b7a8702cbd303e3d27ceaf41576603011d4c44d76e3fd,miracl_bn,pq,pooled,0,q32_d128,1.2,0.0,,-0.0002006321952019623,-0.00020063219520196227,0.0,0.0
24dbf0f51a97c7ab34c9e3cfdd5b36e9d9967d7467f1cd2d6d52158586e0ffca,miracl_bn,pq,pooled,0,q32_d128,1.2,0.5,,-0.0002006321952019623,-0.00020063219520196227,0.0,0.0
fa67e2f8e5610555063f86e8dc65655829c0a58fbd00d6ee1b64b622b125968d,miracl_bn,pq,pooled,0,q32_d128,1.2,0.75,,-0.0002006321952019623,-0.00020063219520196227,0.0,0.0
080451caa76fdb89d4fe03aa28ed08f33cbc5808cd677953da996254db3ca088,miracl_bn,pq,pooled,0,q32_d128,2.4,0.0,,-0.0002006321952019623,-0.00020063219520196227,0.0,0.0
69020299f090621fa15b927d45d736dcdfad1b445e7a133482df96cdd9268c64,miracl_bn,pq,pooled,0,q32_d128,2.4,0.5,,-0.0002006321952019623,-0.00020063219520196227,0.0,0.0
33686ce0e5768dd2e8f443270395a6085f8157bd1631ac5fc69292df863e39ed,miracl_bn,pq,pooled,0,q32_d128,2.4,0.75,,-0.0002006321952019623,-0.00020063219520196227,0.0,0.0
949e53014dd7c15a97d39f6c3db7cacb6662d27bc5764856b3dc20ffd3b9f578,miracl_bn,pq,pooled,0,q64_d256,1.2,0.75,,-0.0002006321952019623,-0.00020063219520196227,0.0,0.0
b8d79bafe1598b933f3857fd52d7d534eb3725d5a0f9fe35bbda030a4c4a8508,miracl_bn,pq,pooled,1,q32_d128,1.2,0.75,,0.0026367345242166726,0.0026367345242166726,0.0,0.0
6e4cf47a81e52938b2ee8b303a05ed1aac98a3163a802ba77ae7c66cdd05f35d,miracl_bn,pq,pooled,2,q32_d128,1.2,0.75,,0.0031228767847269415,0.0031228767847269415,0.0,0.0
f183338ebc58cf139dab7ac2b4c97a089320b14a4507d90bebc419caea6d59fe,miracl_bn,pq,token,0,q16_d64,1.2,0.75,,0.06928732677007447,0.011973496672262513,0.06627327941329347,-0.008959449315481517
3b4f768cbf380c357a5ec1551cdaa4b9c80f95d86b223f00c103d45894a9641a,miracl_bn,pq,token,0,q32_d128,0.6,0.0,,0.20036722811797752,0.0189783131852794,0.18138891493269813,0.0
d9f75a07f565f185cc2c1bf91e18484c1a92ab62dbd8b63eaf1461206b0ebcd4,miracl_bn,pq,token,0,q32_d128,0.6,0.5,,0.1878243249443697,0.018600323901170848,0.1580859671612789,0.011138033881919947
a74c4fb65cc14b3c35b488abfc543885d3ef163acfae0eb412d85f5cd70b5f7a,miracl_bn,pq,token,0,q32_d128,0.6,0.75,,0.15690092346430778,0.013932726679208871,0.15786878575423244,-0.014900588969133535
178a295cd9c36ae7bfcbadb8e42ff82a88c71d57efa5e83d3942cf2bfd1c6e3a,miracl_bn,pq,token,0,q32_d128,1.2,0.0,,0.19776297540845703,0.028939902226884542,0.16882307318157247,0.0
24c9c86f37ffcaf834c2eef99342216893685db4c54274258fa49976fd8bb822,miracl_bn,pq,token,0,q32_d128,1.2,0.5,,0.19734283766937488,0.021659203196345202,0.1550328630006315,0.020650771472398174
018a6101c491039b03d3ed918f37637b3867cb0593c43d9c6f1289e71e601588,miracl_bn,pq,token,0,q32_d128,1.2,0.75,,0.16161716028582754,0.018225824573401148,0.15179743434233334,-0.008406098629906975
3017d797fceb6ef0846dcd7314af79de6f2d63bf43731fb334002961176753fc,miracl_bn,pq,token,0,q32_d128,2.4,0.0,,0.17105956142784046,0.03291060727681715,0.1381489541510233,0.0
f906f85ef145c62bbbb9c560e2d892695448dbc4a74932cee155a6887011f28d,miracl_bn,pq,token,0,q32_d128,2.4,0.5,,0.1940852236091362,0.024673293371429223,0.13655995136769555,0.03285197887001141
4d61579c801f6fb4795b00804101f2cca8c1df23ee2c91b6833d599578a12e22,miracl_bn,pq,token,0,q32_d128,2.4,0.75,,0.15565980074893326,0.019704547825058136,0.13274233343278313,0.0032129194910919794
c62d49369e55bebf4abca2bcd50b51bef295788d0266f8e7081927b894f16398,miracl_bn,pq,token,0,q64_d256,1.2,0.75,,0.2597980093092689,0.02158004893134869,0.21060452547913308,0.027613434898787103
5fbdb785232a7efc96b96bc9b77ca5a27d4565b774b564fa1c12ccf3e3261574,miracl_bn,pq,token,1,q32_d128,1.2,0.75,,0.1577567773720175,0.015663204670833906,0.14173298559819697,0.00036058710298659917
7f3808a5e2434d47abb90413791cb5a0fb62c9b968c4f30ea3e77acf12e95675,miracl_bn,pq,token,2,q32_d128,1.2,0.75,,0.16009998589028024,0.013640281706635867,0.15775797512385362,-0.011298270940209264
8ea70ee46921df90c974c9e8a86a5901e80d8ae55c4cb0794918cdc369c5bee2,miracl_bn,rq,pooled,0,q16_d64,1.2,0.75,,0.017441554691877574,0.017441554691877574,0.0,0.0
183e6159ad04fcdbd43fc901356dcc422d3d2f6390d391f29f055e26d064f363,miracl_bn,rq,pooled,0,q32_d128,0.6,0.0,,0.017441554691877574,0.017441554691877574,0.0,0.0
3553e1edc3da5550122bbd6e9220f5bf4760b94b4aeff04caea8370a71e790bf,miracl_bn,rq,pooled,0,q32_d128,0.6,0.5,,0.017441554691877574,0.017441554691877574,0.0,0.0
e028dbf1851b4a8e781a18183c0b97bd0a6bb9ac79a5da9d7f42979c416ee394,miracl_bn,rq,pooled,0,q32_d128,0.6,0.75,,0.017441554691877574,0.017441554691877574,0.0,0.0
0f414cfbbc97d9930f913bd53f219dd82a0f028bcdf18b14350398d5416b8cf6,miracl_bn,rq,pooled,0,q32_d128,1.2,0.0,,0.017441554691877574,0.017441554691877574,0.0,0.0
442a8d804e9b3e10f6ac2b3db61a900a3f20b2f2e332fb481428943e1de1aac2,miracl_bn,rq,pooled,0,q32_d128,1.2,0.5,,0.017441554691877574,0.017441554691877574,0.0,0.0
952e208ac8cdea1beb0b5060a0d3e8c9bf2f45fce31c7bf8ee0284103ff92573,miracl_bn,rq,pooled,0,q32_d128,1.2,0.75,,0.017441554691877574,0.017441554691877574,0.0,0.0
4519c6face555b0fbe2644d3f089bbca7cb890e0c3f5dfa0593f89d741195900,miracl_bn,rq,pooled,0,q32_d128,2.4,0.0,,0.017441554691877574,0.017441554691877574,0.0,0.0
0b57120c43c1b20fafdf4c17a61cbe241c541af555950e239b80a513be7fb885,miracl_bn,rq,pooled,0,q32_d128,2.4,0.5,,0.017441554691877574,0.017441554691877574,0.0,0.0
0743d4d8b123676c8d7069042884a56070076d08489cc7ca88e6491d60bc0a5f,miracl_bn,rq,pooled,0,q32_d128,2.4,0.75,,0.017441554691877574,0.017441554691877574,0.0,0.0
fb19c261106edad649efa9e52cc6ee51510bc0da2f90530c7154bcb05bee16a2,miracl_bn,rq,pooled,0,q64_d256,1.2,0.75,,0.017441554691877574,0.017441554691877574,0.0,0.0
a4bab8863c6fc6d23ce5bb6d9f09b0cf2868e73079620c27defa232b144ed670,miracl_bn,rq,pooled,1,q32_d128,1.2,0.75,,0.0021152725470477245,0.0021152725470477245,0.0,0.0
82c84fa5537d6c7d2b1d16b84ea8a101213164c5e8903daadfbee9f75fb6c627,miracl_bn,rq,pooled,2,q32_d128,1.2,0.75,,0.011029498115122962,0.011029498115122962,0.0,0.0
f5736d8e9cbc53ad3447f57ad3ead85a4eeca78cddb17a1222b9310ef952b56f,miracl_bn,rq,token,0,q16_d64,1.2,0.75,,0.22214196492358093,0.016173203019314013,0.20026894779992177,0.005699814104345131
1c7ac20e9515a23cbbf42bbf7f35ce2165989f2cc57bc4e88a150167cc939d6c,miracl_bn,rq,token,0,q32_d128,0.6,0.0,,0.36189321846806,0.01777905251025168,0.3441141659578083,0.0
3cd787178be0bcf97215cbd92aa854acb06424febb3fe2f9a6f33ed9f43a9d93,miracl_bn,rq,token,0,q32_d128,0.6,0.5,,0.3476893580245922,0.0096452246114151,0.2885333064581945,0.04951082695498256
60539f1b6ead53a4342da4ed1d32e1a22209abccae194850cd4060c2b6b999d7,miracl_bn,rq,token,0,q32_d128,0.6,0.75,,0.3216648540718091,0.0057210404073974215,0.29224527997791305,0.02369853368649864
8ea84ebe8d4ff3122ae3b7169959907da6c71913861903726907e8b89dc512c8,miracl_bn,rq,token,0,q32_d128,1.2,0.0,,0.36639472448469185,0.026460428712448823,0.339934295772243,0.0
a4016c48735b8db92651f3123917b217d192e48b3771b2550e8d67b89bcc1709,miracl_bn,rq,token,0,q32_d128,1.2,0.5,,0.35663360300563585,0.010454140766428217,0.2905110357784272,0.05566842646078045
ad27f4383c6174c4ecbbd97fff8db9cfc4e56534e7f052494d962f7e340e7aa8,miracl_bn,rq,token,0,q32_d128,1.2,0.75,,0.3148954515824508,0.007433451637435334,0.28591443802543226,0.02154756191958317
f377cf560401b0e841163ef17d341e5015d20ca58a554ef71000788314209f9b,miracl_bn,rq,token,0,q32_d128,2.4,0.0,,0.3503135805932045,0.03373203922235509,0.3165815413708494,0.0
96283127256191a32c14fcc239bfa46f7121499cf2403368c6de35c093a42ddd,miracl_bn,rq,token,0,q32_d128,2.4,0.5,,0.34395762672354663,0.009253104044736282,0.2730971887975317,0.06160733388127863
8664e95107feb1c1560ce363d57386045dffb9f18ce563be5ddd5a18bd362ef2,miracl_bn,rq,token,0,q32_d128,2.4,0.75,,0.28476957946012876,0.0045647626249773945,0.26060946926980344,0.019595347565347927
afefc11425004e773c11c39ffd3567f1019b6c4f6cb3033cd526a7863a8b580f,miracl_bn,rq,token,0,q64_d256,1.2,0.75,,0.36536137694393184,0.00561972716005129,0.31459247797812884,0.04514917180575169
3d90d04ee6aadb6b148fd5ab0e585bd9e30ff8a3c7dd99f23423a466a868604a,miracl_bn,rq,token,1,q32_d128,1.2,0.75,,0.33338018169631867,0.011251097302624111,0.284126802563229,0.03800228183046557
e5369cfcf040c0ddec081cdf63659b0d9568a351293866ec72d33a9a67b63e87,miracl_bn,rq,token,2,q32_d128,1.2,0.75,,0.33888487817343377,0.01133588757651064,0.297411336531766,0.030137654065157143
dde436f79eca5516e2f121e395b29fc71d555ce525c5d192e323e59989233728,miracl_bn,sae,pooled,0,q16_d64,1.2,0.75,,0.04530947491190243,-0.0030543178176213855,0.01573654463661238,0.03262724809291143
5ef6f9f1518ea8d558b420408c93160a7b49da94ff8a86cae6a25f8481059cb3,miracl_bn,sae,pooled,0,q32_d128,0.6,0.0,,0.0467887694172552,-0.006404380696968727,0.05319315011422392,0.0
77ea4434b71026a5b77107e815406824f07b4933ad0cda9cb996d5a26d1749b1,miracl_bn,sae,pooled,0,q32_d128,0.6,0.5,,0.0548649241355325,-0.011330717309168403,0.040627952433977516,0.025567689010723385
c3da508873685558fc88cbd54260e4dd02faaea1aaaac3e3e9b6ea9beb43811d,miracl_bn,sae,pooled,0,q32_d128,0.6,0.75,,0.062441152048901424,-0.012197564724186455,0.03483593835789833,0.039802778415189546
7ab5cef6372406c0002661b532514b411c05c9de85616935cb57af27a7fdb734,miracl_bn,sae,pooled,0,q32_d128,1.2,0.0,,0.03190230166303272,-0.00775216154772531,0.03965446321075802,0.0
d918bc0db05cf74885862a4062b7f3a63febd64baa646bccc1d4537869c4ba97,miracl_bn,sae,pooled,0,q32_d128,1.2,0.5,,0.050292021461077904,-0.010852613239839062,0.0313331056103526,0.029811529090564365
c6543f886746901480a041a730a660c8558114c54b43afdf62b9a597570ec669,miracl_bn,sae,pooled,0,q32_d128,1.2,0.75,,0.05858805603426058,-0.012851750039225854,0.02646713955636466,0.04497266651712177
ae9236ff7cc94714bbae267200c6a617fb0cadaec311612a7ec5d76e77d43faa,miracl_bn,sae,pooled,0,q32_d128,2.4,0.0,,0.022327044926355635,-0.004953093361436338,0.027280138287791973,0.0
bb96f8b335f41dfdf50fc124f4d74993ac1b556578cb8c255569fbeccefb68cc,miracl_bn,sae,pooled,0,q32_d128,2.4,0.5,,0.04586774431990369,-0.008823345150616783,0.021919170533671328,0.032771918936849144
fd44f395b32d96aa4f2dd2a98d20ed1df23f4be154d1e835624034396b1cc1e3,miracl_bn,sae,pooled,0,q32_d128,2.4,0.75,,0.0559094222110542,-0.01130178989603399,0.018165680111682514,0.04904553199540568
46abf71dac13d5dcd015fd00eeeb7b268e993190d22fd16b14047488643d6e3f,miracl_bn,sae,pooled,0,q64_d256,1.2,0.75,,0.05858805603426058,-0.012851750039225854,0.02646713955636466,0.04497266651712177
a1178feb7d3aa7dbe9b55ee860ddb5c455baf2fc8c6e963cd134e8f3fedd2a5b,miracl_bn,sae,pooled,1,q32_d128,1.2,0.75,,0.05479732889309413,-0.01706162566818884,0.02484766466426825,0.04701128989701472
e49937e454a9b06c114bede3708ab842c992c58e8e8461dbf8c46ed5bd7e1172,miracl_bn,sae,pooled,2,q32_d128,1.2,0.75,,0.06792773381876648,-0.0030483377012382553,0.0236865463791226,0.047289525140882124
85d53bcdc229afe951b8689a7c007f26824c4480608b9b48319cdafb74e00c31,miracl_bn,sae,token,0,q16_d64,1.2,0.75,,0.307469209785584,0.025561560490413717,0.20456835192165243,0.07733929737351784
684f621f27cc3b00c0178ea1675a43452dd27eaa616146f1a59b1079b96c015a,miracl_bn,sae,token,0,q32_d128,0.6,0.0,,0.4496929727071831,0.03028347824716576,0.4194094944600173,0.0
a703f6dfb208a9e18a4edab15689faa297cd2dccd1a3d716f64034a9253ad6db,miracl_bn,sae,token,0,q32_d128,0.6,0.5,,0.4396780286725843,0.04716604741972729,0.3238613967750709,0.06865058447778606
cf14f39ca8ab06255a35a201b401582f776188fb4cd536adf3d9d9fbcdb94915,miracl_bn,sae,token,0,q32_d128,0.6,0.75,,0.43210814354936367,0.032858252042087956,0.3049658041466515,0.09428408736062421
7cb1f5e12081cf8526f2a2a5a0eb9eb1b985658b2fe8b1e67673acfd41a67dfd,miracl_bn,sae,token,0,q32_d128,1.2,0.0,,0.46743577621718857,0.03092731885386618,0.43650845736332233,0.0
8164d45ad6f14eb2544d6280c2f0ea41580c969d3f7b2ad4a57ba48a8ce76653,miracl_bn,sae,token,0,q32_d128,1.2,0.5,,0.45066295757583735,0.044417651292482846,0.3392775407419722,0.06696776554138228
393dda3388472205d06a0ccf1bc8fc5dc9e16e19610c8f1666196528cb497c35,miracl_bn,sae,token,0,q32_d128,1.2,0.75,,0.4403539960667119,0.03034200210301861,0.3188963368265128,0.09111565713718046
f2661cdd83656d8151d539c79445da39bc7b084bc43eb2dc11756ae04029e578,miracl_bn,sae,token,0,q32_d128,2.4,0.0,,0.491224533105165,0.03163451049358573,0.4595900226115793,0.0
2b468d68ee004996197614b815a31a5dac2adcfc9a46459cba025092d0627490,miracl_bn,sae,token,0,q32_d128,2.4,0.5,,0.46941984046240004,0.04444614679695339,0.36018251705714666,0.06479117660829992
c29fe9022548f42588e1afde608022fc54f7bf39fae4330b901501df1512221a,miracl_bn,sae,token,0,q32_d128,2.4,0.75,,0.450152434092176,0.02926510261939624,0.33587478820518446,0.08501254326759526
d83fe2a1cf7e4df1de97d212e19a82e714ef22ac388abe0c35fbcaa09eb6e8f8,miracl_bn,sae,token,0,q64_d256,1.2,0.75,,0.528574216631247,0.02498491347033012,0.40127729009543645,0.10231201306548039
10e166d36fcb510f3ed946dbae7cff2a9e96f6af331b193940fa617d3d0b0ae2,miracl_bn,sae,token,1,q32_d128,1.2,0.75,,0.4590383309306812,0.02832194944916572,0.32587468844067147,0.10484169304084398
cef3a54ec08f279ce9bf1e751107a50351194e5c15fcc059b21fb0cfe7ee3e6e,miracl_bn,sae,token,2,q32_d128,1.2,0.75,,0.4457974498708467,0.03907646859411629,0.3201256270879223,0.0865953541888081
3fe46336e3c7b0f1876580a792773a3727a413bb7ae4fd96a8075dea2d4d81aa,miracl_bn,sae_shared,pooled,0,q32_d128,1.2,0.75,shared_dictionary,0.1974172317318427,-0.031290288824976545,0.12972220108668672,0.0989853194701325
e5943bf5d62902bea7beb8cdea95c7be530f1580c1883d104de896fcf4926f3a,miracl_bn,sae_shared,token,0,q32_d128,1.2,0.75,shared_dictionary,0.4403539960667119,0.03034200210301861,0.3188963368265128,0.09111565713718046
23e0c8f078287ab014337664536c3815613d884487bafc45d30132fa6430f8f2,miracl_hi,gaussian,pooled,0,q16_d64,1.2,0.75,,0.024524691635689006,0.005345043275175723,0.0032812365915681732,0.01589841176894511
5c1dcf419c1dbcc399d9fc6a4288828f0541a48fe93c3b7d5208477519e95626,miracl_hi,gaussian,pooled,0,q32_d128,0.6,0.0,,0.03237722429470757,0.008472540495250473,0.023904683799457094,0.0
f728a680140b423d6916ad82ee99c7caf439cd9a2b74c3d43bf1f2379aca7f5d,miracl_hi,gaussian,pooled,0,q32_d128,0.6,0.5,,0.04823240030718436,0.004449012292950642,0.026528194503323783,0.01725519351090994
c618794c3c2e74b99565e0e37c16d31275b222731780a999ae8691a1e7258214,miracl_hi,gaussian,pooled,0,q32_d128,0.6,0.75,,0.05473846951306686,-0.0010339435072811032,0.018469690122527603,0.03730272289782036
50d73a1c99e8b032e713b3a2042f8cf084a9b70e0038cfa79bee338881c90440,miracl_hi,gaussian,pooled,0,q32_d128,1.2,0.0,,0.022568201696854695,0.009259952812638576,0.013308248884216117,0.0
a6f439d8f7798df81faf376dc8ee1e96d1bdedef3919ca0b644009068e481a57,miracl_hi,gaussian,pooled,0,q32_d128,1.2,0.5,,0.04475988451398135,0.009285103269153864,0.017075673661000174,0.01839910758382731
91e3fbfaefd1f421590ef1e0689630d2b51a677728b55bf4c9324573ad9fae2f,miracl_hi,gaussian,pooled,0,q32_d128,1.2,0.75,,0.06165215991537373,0.0010354385611776786,0.015593626831831159,0.045023094522364894
f37c423cf7ef3ccc834ae15869c312e1d02a147afb2b1596c3d2f5ab47cf80ea,miracl_hi,gaussian,pooled,0,q32_d128,2.4,0.0,,0.014302165644679371,0.006342733299932787,0.007959432344746583,0.0
be52d60939eb1f91fd974d33340ada2f87dfbb8b6322d5d1d02eee51e425ef2b,miracl_hi,gaussian,pooled,0,q32_d128,2.4,0.5,,0.041497124724301636,0.010866401940694503,0.011979236160655233,0.018651486622951904
25759d2dc1ed376d0293c4a321d57d615748629c9635e514fb5cc05ee9e44e68,miracl_hi,gaussian,pooled,0,q32_d128,2.4,0.75,,0.06466160515351853,0.00534799622560027,0.012267662348957493,0.04704594657896076
1e029c304f58aed2efe35c0a1828a5d2eeec52bf5812003565e206696975e5b3,miracl_hi,gaussian,pooled,0,q64_d256,1.2,0.75,,0.12413699695141284,0.009358335652039374,0.025894688427404815,0.08888397287196864
a957e586efa2638d661095388d355c0afd5770fc8a85867822b0860d8c19fce4,miracl_hi,gaussian,pooled,1,q32_d128,1.2,0.75,,0.09187113084905503,0.00631487133322854,0.023211490422771524,0.06234476909305496
a4db07949d9b6b3e15f4b9127bac9082e2aceb03e8ebc76b1bbe10db6c7477e2,miracl_hi,gaussian,pooled,2,q32_d128,1.2,0.75,,0.060086100628217703,-0.0038811086364576013,0.012894218122859234,0.05107299114181607
8cce37a76497c5937071b5febf467edaa5f48d14a75c8902c6ad82e3b4d08485,miracl_hi,gaussian,token,0,q16_d64,1.2,0.75,,0.028688620764643475,0.0016437800719314448,0.004883343429586226,0.0221614972631258
3161f8c0b114c2f9aad654809efd349ecd1436b101864745107577df1053aafd,miracl_hi,gaussian,token,0,q32_d128,0.6,0.0,,0.04439659006426582,-0.0010832859370143023,0.04547987600128012,0.0
c35a94b13c393078958811cadba3298c1a697ec050762859073a21bd86351f45,miracl_hi,gaussian,token,0,q32_d128,0.6,0.5,,0.0517832172887014,-0.002228855779079147,0.03798137073778826,0.016030702329992288
5ccf80bdbd47009dc5b2d949914d4b5fd19cd54353a5c29731b6fe5f47d0bf83,miracl_hi,gaussian,token,0,q32_d128,0.6,0.75,,0.05723223443225972,-0.0018295822145929157,0.023433876372028598,0.035627940274824035
ba8db35eb4e91113d08d8cd260ac53e0f75e7a84dd05fd4a69d87c02d3a88ed2,miracl_hi,gaussian,token,0,q32_d128,1.2,0.0,,0.035132757471089036,0.0015707168346477886,0.03356204063644125,0.0
c33cd905bee4c4b3c1d389ea7affe049876be02cc088e1a70a41f9eded734cdf,miracl_hi,gaussian,token,0,q32_d128,1.2,0.5,,0.0513811133116019,0.00028953254521805636,0.03056220690467047,0.02052937386171337
06ab8c9fe0e712154e59e4e4592eb65f4a1b30f1fc875a399aa60dab47832797,miracl_hi,gaussian,token,0,q32_d128,1.2,0.75,,0.06085515715425304,-0.00025003180142475464,0.018496644844021738,0.04260854411165605
27e9685859906987b2835d716ff07de3718a944f69a64cebea0f31734641c2e8,miracl_hi,gaussian,token,0,q32_d128,2.4,0.0,,0.025155884947932684,0.0024407089066925142,0.022715176041240168,0.0
208bdb50b2fa1da062e58292a6a4942eee16bef9ce7ac4b4d82111ead4892c39,miracl_hi,gaussian,token,0,q32_d128,2.4,0.5,,0.048502481796079,0.002208745229239886,0.022739852507297563,0.023553884059541546
70e82746a9dadc9df1ead3d57e93f613619acbdcb7cebd38ae56d721cee02af1,miracl_hi,gaussian,token,0,q32_d128,2.4,0.75,,0.0627316958434261,-0.0001799287001007432,0.01397643034034572,0.04893519420318111
86261361b35cebc54fad0069d31184a9042132a52db959445a361020dfc027ef,miracl_hi,gaussian,token,0,q64_d256,1.2,0.75,,0.11641139311857669,0.010133022075399976,0.028300598516480747,0.07797777252669597
f66bba8d589b50a3016f91c4a1f87dea2af1165397a22d8498044bdbfaa22f73,miracl_hi,gaussian,token,1,q32_d128,1.2,0.75,,0.09366646342972901,0.0077090375872004065,0.034032176839842845,0.051925249002685754
1d26d6c18fd5c7eb8babb988abe18c3d8aa18891fe5f05dcd5e5fe40ead5d55a,miracl_hi,gaussian,token,2,q32_d128,1.2,0.75,,0.0686296238659159,-0.00035913911645356605,0.02930664211192302,0.03968212087044644
a13ecee5cc07d09d546ee6c8095d5241edd6b4e6df358efda8cd94adf49bfb82,miracl_hi,identity,pooled,0,q16_d64,1.2,0.75,,0.027090085899673783,0.004507661830978704,0.005993874238595866,0.016588549830099213
6e95689a831fd10a8648ac28fb114f40ae2946122867b3db690305972b66123e,miracl_hi,identity,pooled,0,q32_d128,0.6,0.0,,0.07382935932686999,0.020642691149978236,0.05318666817689176,0.0
893dd574f6dd90c14a11bd8cf923fe84ee1dc57080fbacf3a02075b0e664d12a,miracl_hi,identity,pooled,0,q32_d128,0.6,0.5,,0.08757241788666367,0.018775504579041143,0.046105969897452824,0.02269094341016971
95ccbbc9c49858095142c45292518dca13c05f5bc243a5ec091e9b590b4a372f,miracl_hi,identity,pooled,0,q32_d128,0.6,0.75,,0.09378010375420781,0.016201811073522226,0.03707315965129479,0.040505133029390794
f76831e90925367dfe45330033ab33c497cc73f53607f5b44391813d8862669e,miracl_hi,identity,pooled,0,q32_d128,1.2,0.0,,0.05802617654534207,0.022786718476578215,0.03523945806876385,0.0
99afb5208fc8f4520efdbbe6a06185ee3b166c7b85a271dd5852473ca8f22a93,miracl_hi,identity,pooled,0,q32_d128,1.2,0.5,,0.08507976131908214,0.024607478185017496,0.03297004975660993,0.027502233377454714
4e56b9f1644dee3d448025bc336f87bcd6bd4d476e7bab8c78be10398728a9cd,miracl_hi,identity,pooled,0,q32_d128,1.2,0.75,,0.10067843888882674,0.018462868230226713,0.030418193586188066,0.05179737707241197
db56eb67d9951824fcee869e6aada8746a83ab7c7f5fff3eb8a90f2603736941,miracl_hi,identity,pooled,0,q32_d128,2.4,0.0,,0.04730912018827319,0.023872387135087495,0.02343673305318569,0.0
0eb60e143e449eb8e3eba61461b87c835c77c4fb1ea00c60efacace860a80ffa,miracl_hi,identity,pooled,0,q32_d128,2.4,0.5,,0.08461282043139438,0.03270468091011931,0.022786615442426057,0.029121524078849007
e1b439c8178fcf97dd787f8b164ab08c89de536ca98c54e1d9d740128019132c,miracl_hi,identity,pooled,0,q32_d128,2.4,0.75,,0.10182488017242221,0.02337745936541328,0.02263275615260343,0.055814664654405495
9b81bee046c232e723d5235d9b8a00c32085133de6f83a221ddd88ce50d96ee2,miracl_hi,identity,pooled,0,q64_d256,1.2,0.75,,0.2179904339358995,0.035095545704383675,0.06115711623532462,0.12173777199619118
6c10826cc3c4e041a9ff3d252259b2721fc378da7cc817dd1dcc9427c1879a81,miracl_hi,identity,token,0,q16_d64,1.2,0.75,,0.02140285540095578,0.005236647257248964,0.0022465526853493734,0.013919655458357444
6d6bf3d7cf69f1e650137762a032a57d041cdfffcdb2529ce65907c1ac9674cc,miracl_hi,identity,token,0,q32_d128,0.6,0.0,,0.0945306872033658,0.008257150237129335,0.08627353696623646,0.0
e13137dfa0c00030f7e99c34b047c0697862cb3f662c8a62b208b2de7e2b2d12,miracl_hi,identity,token,0,q32_d128,0.6,0.5,,0.09805475780701212,0.010096897292686792,0.06713743869758373,0.020820421816741583
2701e940926e703c772f90f986a7876bb191108d32ad68d23a1f19a668cb530e,miracl_hi,identity,token,0,q32_d128,0.6,0.75,,0.09892124387530463,0.010314188111732165,0.04837338788502872,0.04023366787854373
ddb502119a83e6c746b71bcb30c4f9ddb4b026d8029e9d5115de1c535d32a00b,miracl_hi,identity,token,0,q32_d128,1.2,0.0,,0.08922903939222301,0.015332034869908084,0.07389700452231493,0.0
6d134d5b36375a29f2e5a3af105e1240642d17f90d0a1db936b270d7d44d43ac,miracl_hi,identity,token,0,q32_d128,1.2,0.5,,0.100573801507968,0.01636096518324134,0.05907666038082364,0.02513617594390302
f3665cdb1c4c8cac314cfa13c837c6d0a968f0edb91cb75c6c15b282c44b336f,miracl_hi,identity,token,0,q32_d128,1.2,0.75,,0.10330641718342548,0.013893316240981933,0.042588144252503506,0.04682495668994004
97bf7f7749f3680fc2eb51c828beac980089d95606f16078110ea458711f9f0f,miracl_hi,identity,token,0,q32_d128,2.4,0.0,,0.07656986713333355,0.02157293146814785,0.054996935665185695,0.0
fc742de8f8dea57b72fb6173bfffea788059bab5b5ce42a86c7af2cc130a6d7b,miracl_hi,identity,token,0,q32_d128,2.4,0.5,,0.09882054697524718,0.022080340164654766,0.0458903111951919,0.030849895615400504
5c2eddeecd46f02c4423ff741f7098b52e8d42ec645898bc8b5097dd87920c64,miracl_hi,identity,token,0,q32_d128,2.4,0.75,,0.11359495385450015,0.02017368703149054,0.03514219276422192,0.05827907405878768
d787ceba795609c674ace063cf8449166cff9376d6edf8fe7a6acecfa88be70a,miracl_hi,identity,token,0,q64_d256,1.2,0.75,,0.22322825730201795,0.02485601282517772,0.0787313620071142,0.11964088246972603
bc2d2af97508f2ad46147b1b10069ca9a0f84e483ce6b8e57faf25f5eed50eaa,miracl_hi,kmeans,pooled,0,q16_d64,1.2,0.75,,0.0021185323614179843,0.0013242423943060915,0.0007942899671118928,0.0
9f6dc55f665f426bc23fed5106bce270def225c33943512bb7ea5780cb194634,miracl_hi,kmeans,pooled,0,q32_d128,0.6,0.0,,0.0022306461211678294,0.001108396610334466,0.0011222495108333635,0.0
16130c6ad9f3136047a5de100c50fdf3042f0b8466d2fc695ac687ee0b177382,miracl_hi,kmeans,pooled,0,q32_d128,0.6,0.5,,0.0022306461211678294,0.001108396610334466,0.0011222495108333635,0.0
48173fca9f09605bb8a2ed2e80270bbddd8f0a1bdc2539005bd17af0b7ef1182,miracl_hi,kmeans,pooled,0,q32_d128,0.6,0.75,,0.0022306461211678294,0.001108396610334466,0.0011222495108333635,0.0
66f13985fe3cb64d97d3eb702f05c7fb26a40355b705743c58f64699f7d732db,miracl_hi,kmeans,pooled,0,q32_d128,1.2,0.0,,0.0021185323614179843,0.0013242423943060915,0.0007942899671118928,0.0
76b8cad53ba3b13d2ecbadedad574e3aa530776ef5f13bd02356f8c40ecc10c2,miracl_hi,kmeans,pooled,0,q32_d128,1.2,0.5,,0.0021185323614179843,0.0013242423943060915,0.0007942899671118928,0.0
de8ff29581439838d6580d9fdd520494b389b19eaf2da59bd485c67a141d4243,miracl_hi,kmeans,pooled,0,q32_d128,1.2,0.75,,0.0021185323614179843,0.0013242423943060915,0.0007942899671118928,0.0
46e8990c98b55c833a3918ad25d255f708af024948832f5e7b0924d7585076d0,miracl_hi,kmeans,pooled,0,q32_d128,2.4,0.0,,0.0019933216447355516,0.001939252022366658,5.4069622368893306e-05,0.0
2cef346d803963ed34079274c3070135d8bf6519cc4b4b7e99751fcaae99f91b,miracl_hi,kmeans,pooled,0,q32_d128,2.4,0.5,,0.0019933216447355516,0.001939252022366658,5.4069622368893306e-05,0.0
be3612d4b106df745306f5ad5c22468ee5443044edea2757f6298261aee3c6e3,miracl_hi,kmeans,pooled,0,q32_d128,2.4,0.75,,0.0019933216447355516,0.001939252022366658,5.4069622368893306e-05,0.0
6f6eda999e783beaaf7486258ebac53d5e231675a876896685334e20ecb5a2a0,miracl_hi,kmeans,pooled,0,q64_d256,1.2,0.75,,0.0021185323614179843,0.0013242423943060915,0.0007942899671118928,0.0
0be2d6cf308c52185f8125bafbafeb121be4984ba00092a365b3c378666d4075,miracl_hi,kmeans,pooled,1,q32_d128,1.2,0.75,,-0.0004900605247632906,-0.0002323373037257719,-0.00025772322103751865,0.0
86f3ff4bc5987c1c605b47e0ad9144b6c9751e1a01acb530aae9e21d8da7ce40,miracl_hi,kmeans,pooled,2,q32_d128,1.2,0.75,,-7.497589061524791e-05,-0.00040806380025508373,0.0003330879096398358,0.0
4f993c5b1b44c67945e83a37a6cbeec087e85b8df83f38be618ee967b625b95c,miracl_hi,kmeans,token,0,q16_d64,1.2,0.75,,0.0635425467244452,0.015012632298846456,0.058699091537614406,-0.010169177112015666
7c04f622e794903ec148bd417144b0ec3b0a841c3e8f3c093c4fd38794aa4de1,miracl_hi,kmeans,token,0,q32_d128,0.6,0.0,,0.1413713601158027,0.021838580624458464,0.11953277949134425,0.0
2a32ab3763d556de44d8b5ec8c77c3c09dd0542cfd8746686d055f43caaed585,miracl_hi,kmeans,token,0,q32_d128,0.6,0.5,,0.14317287804004394,0.018063107484289163,0.11887712252224669,0.006232648033508091
d72e674d71cc21c0cd32c690babee300030d5789fcc4f648a6e1fdae22282a79,miracl_hi,kmeans,token,0,q32_d128,0.6,0.75,,0.13148258690942624,0.01591416675316138,0.11834899735741011,-0.0027805772011452565
ae1d7a0df7d461d77775545ca2394b190b763edb983810505b9a26af494fac97,miracl_hi,kmeans,token,0,q32_d128,1.2,0.0,,0.12049294517814232,0.0214288204354917,0.09906412474265062,0.0
0ecfebaeda8b0c2065d2b2a8e2af5f5b68c2c4841a34d0472e094c7a6893d1e5,miracl_hi,kmeans,token,0,q32_d128,1.2,0.5,,0.13341430117895886,0.0173104235212208,0.10413984869889152,0.011964028958846535
c5578678d0793ca6bfdec3698fa9059239e124306f578ed210a438fc322a2753,miracl_hi,kmeans,token,0,q32_d128,1.2,0.75,,0.1152165898687949,0.015591478857660867,0.1001430154104979,-0.0005179043993638627
8ce6156f0d054d3e8adcea2a3bffddaf38ccc6a9d2886c68e56b4c3c872d3e4c,miracl_hi,kmeans,token,0,q32_d128,2.4,0.0,,0.09196716738976657,0.018365215728049597,0.07360195166171697,0.0
4771854c8d2f54e37ab18b55bc60a7e106ef17cffcbf0e487c05ba8a34f36e48,miracl_hi,kmeans,token,0,q32_d128,2.4,0.5,,0.11688275314442731,0.017821791878423657,0.08288730396255749,0.016173657303446158
46d5472b1f2fcf01a834363b1882518564cf45fa2884cab58d7f7f8eeb2e9138,miracl_hi,kmeans,token,0,q32_d128,2.4,0.75,,0.08811034253751301,0.011109854195527643,0.07609961753545674,0.0009008708065286295
8959ff175e1f7002ef6409e6c008064ebdbe948115c82f96bf041a4de1fe19c1,miracl_hi,kmeans,token,0,q64_d256,1.2,0.75,,0.13595445569109882,0.01579576007553817,0.11243942771664675,0.00771926789891388
40f72c4c207ce5c797691ca09e1d97eb2d91ea21d3d9fe2e2f5b899580b9e99f,miracl_hi,kmeans,token,1,q32_d128,1.2,0.75,,0.12703119793901044,0.01141953441826102,0.11255974763285284,0.0030519158878965593
6115bc1116e43310d0a39a9460977cce480dd91daef49d31fde62f8bab59e67e,miracl_hi,kmeans,token,2,q32_d128,1.2,0.75,,0.1272253659924869,0.013287020638020727,0.10952363073727578,0.004414714617190367
61b280d79a0e2abc086ce450fb01bd5d2aebdef8a3a7ba5b716f00670d867846,miracl_hi,pca,pooled,0,q16_d64,1.2,0.75,,0.09105792869397814,0.028040154635919752,0.04573404899394344,0.01728372506411494
f87959ca3029eca5ac113f550e740044178465eeef4e39804a7238d1d91e6d08,miracl_hi,pca,pooled,0,q32_d128,0.6,0.0,,0.16513296411547765,0.03384493901792328,0.13128802509755436,0.0
ab97235b3754ee1bb16ec6dafc629cd1f4189a68ed2d3b83bea5b84ac820dd54,miracl_hi,pca,pooled,0,q32_d128,0.6,0.5,,0.1829789848315438,0.0384112636657788,0.11979081116997468,0.02477690999579029
8ca89404ec6df53131160cb2eea717c68b22922c6feb82e555c474c9e935bcf9,miracl_hi,pca,pooled,0,q32_d128,0.6,0.75,,0.19191752641538345,0.04250006967095572,0.1130158768892168,0.03640157985521091
f325565ed97a4b9f85b9212ba095dd0dd1d02a913e97115803c6520921d02ab0,miracl_hi,pca,pooled,0,q32_d128,1.2,0.0,,0.139146984112544,0.03492512954255025,0.10422185456999375,0.0
972f39facc38d6b6cc93f8cd051ba3eb796725fbc737db6c09f71f7de475261e,miracl_hi,pca,pooled,0,q32_d128,1.2,0.5,,0.17141785733579418,0.040182125738968906,0.09959173112172451,0.03164400047510074
61db96730aac860ac134f99b3cf77eb0b0a0c5ac5b9012453f448419a4dd61e3,miracl_hi,pca,pooled,0,q32_d128,1.2,0.75,,0.18830229517699773,0.04285603944854016,0.0974971911174514,0.047949064611006134
d1e538b82da59043e132062b1f585f1fd265b8f86391ab5faf70bf106278a2ab,miracl_hi,pca,pooled,0,q32_d128,2.4,0.0,,0.10865607555219563,0.026788378347264687,0.08186769720493094,0.0
49cca81f3aba6a10ed1dbaaba35fd137543eeaad2953fa80589f7ed9047905bd,miracl_hi,pca,pooled,0,q32_d128,2.4,0.5,,0.15393497846953366,0.03881339580996256,0.08035757797056603,0.034764004689005056
179e7736bcf743478182bd4008986a4242df13df657291960b6b6f762fbfd874,miracl_hi,pca,pooled,0,q32_d128,2.4,0.75,,0.17655975498561444,0.042675594739549,0.08053906469372393,0.05334509555234147
9c1e3ff1010da003078cf626864385e93c812dd610d1f1c2e9559077310644e0,miracl_hi,pca,pooled,0,q64_d256,1.2,0.75,,0.252992668203629,0.025630919868932234,0.13964159109136698,0.08772015724332977
7fbb684300c3f05da08c236c364fc3c64ec116c9793689a838d4f1afe04e39e2,miracl_hi,pca,token,0,q16_d64,1.2,0.75,,0.11843814611505073,0.017578542940574142,0.06237921721601289,0.03848038595846368
c1b78215ae3b2982fc9f953ecdc4b2099a082513fb1b386f70bcd095bf5d171e,miracl_hi,pca,token,0,q32_d128,0.6,0.0,,0.24863356569774805,0.0037334864442149914,0.24490007925353302,0.0
f330e8829f903ffc866beb3b76f1d4a1147e8e311e8bd43f18734d525d00eb4e,miracl_hi,pca,token,0,q32_d128,0.6,0.5,,0.24801116081582866,0.01939378149743292,0.18561638045130277,0.04300099886709297
79dbecc764d1a636fb856eee73a8448124748e976811d9f57bd082b5a56dcf7c,miracl_hi,pca,token,0,q32_d128,0.6,0.75,,0.2451008187919946,0.023330790289567048,0.1359684669235951,0.08580156157883245
d5d60c71c2a65f5cb9c627b5bffd73453720d4cd8cc625e806d1ed36a9569810,miracl_hi,pca,token,0,q32_d128,1.2,0.0,,0.2447146470104942,0.007826339359880653,0.23688830765061353,0.0
5c7f72c1a0e1c5965680efaf101a6250c6c86a199fe96c2954ecd5dc92a917d8,miracl_hi,pca,token,0,q32_d128,1.2,0.5,,0.25314680748754553,0.021534612630611412,0.1831079024191122,0.048504292437821915
89dd216cfe587ea4b29cdb618c0b86fd6b18f31d68d1c9c0ea221a742429eefa,miracl_hi,pca,token,0,q32_d128,1.2,0.75,,0.253341934616624,0.022447877608553837,0.13652459537495665,0.09436946163311352
3f2fc5c2823808fb25acd794e69560b49ff2c09ea0930cc6690b02d7822350c1,miracl_hi,pca,token,0,q32_d128,2.4,0.0,,0.22817754984848218,0.0253801873293458,0.20279736251913638,0.0
a87d4fec1ff7c5122f8ab6b104b7d9adca8e6c95233faa996040717f0fd639e1,miracl_hi,pca,token,0,q32_d128,2.4,0.5,,0.2642528618847487,0.03258409064067725,0.16609071804694228,0.06557805319712917
cf36fd7acc09e01769813c90dee9a6340f51e7a6b61c119f9421eb823620a02c,miracl_hi,pca,token,0,q32_d128,2.4,0.75,,0.26566467437386726,0.029083115909133483,0.12232287353754985,0.1142586849271839
c1262e0d774b6a76412fe761ca898d2fb55b36df13a91f0bc1832416266a25c6,miracl_hi,pca,token,0,q64_d256,1.2,0.75,,0.386228599405742,0.027095410419917386,0.18406260267753632,0.1750705863082883
bb3459584e7ec8b3e71a4c87971c618172fd3b364f0e4c21bb477af6c120c396,miracl_hi,pq,pooled,0,q16_d64,1.2,0.75,,0.003215422304187425,0.003215422304187425,0.0,0.0
ea159a759a2e547e3c7214b20441a7dd5b2ee3c5d52bc4561205139af42ddcb7,miracl_hi,pq,pooled,0,q32_d128,0.6,0.0,,0.003215422304187425,0.003215422304187425,0.0,0.0
1eedea3ffedd353124848874946a7e3e0a5f001e41e13f958b530e735427261f,miracl_hi,pq,pooled,0,q32_d128,0.6,0.5,,0.003215422304187425,0.003215422304187425,0.0,0.0
44b657104aac8332a31b1844143b68a61fca8a012b63f413805ff0af7d57c30d,miracl_hi,pq,pooled,0,q32_d128,0.6,0.75,,0.003215422304187425,0.003215422304187425,0.0,0.0
0f79e6a158e242571600e19a36d00f722b4148577db5674f86b4c16a7283b07b,miracl_hi,pq,pooled,0,q32_d128,1.2,0.0,,0.003215422304187425,0.003215422304187425,0.0,0.0
da7d52d621cba72a986ce855aa4a3444a1901b8f005c014f1c5a97937a9fa161,miracl_hi,pq,pooled,0,q32_d128,1.2,0.5,,0.003215422304187425,0.003215422304187425,0.0,0.0
578d24e02aa8ba00ccf39fda8881d7ead9c814ffade75b823671cfc00b33385a,miracl_hi,pq,pooled,0,q32_d128,1.2,0.75,,0.003215422304187425,0.003215422304187425,0.0,0.0
7aad472c5d2ccfb47137718b526c6e851c06ec5356f3204cf4bd12dcc6deb395,miracl_hi,pq,pooled,0,q32_d128,2.4,0.0,,0.003215422304187425,0.003215422304187425,0.0,0.0
855854643595aa7a702e60bae8044655b3e6c26329985771ec6282b282d439c7,miracl_hi,pq,pooled,0,q32_d128,2.4,0.5,,0.003215422304187425,0.003215422304187425,0.0,0.0
92aebcccba62f42370a413881508d1034f2bc69e2c6092e806db55c051cc8514,miracl_hi,pq,pooled,0,q32_d128,2.4,0.75,,0.003215422304187425,0.003215422304187425,0.0,0.0
d30c1b2aaadb4339357d2be807e5d9213611e95e845a2001f33dd77745b03cbe,miracl_hi,pq,pooled,0,q64_d256,1.2,0.75,,0.003215422304187425,0.003215422304187425,0.0,0.0
96de16e367546024b99b7d8bebc5e9bbc14aa0b674656fac6efc167ff41133bc,miracl_hi,pq,pooled,1,q32_d128,1.2,0.75,,0.000288192774760776,0.000288192774760776,0.0,0.0
8255d10647a4c223a994a90499703e8db0daaf8a84671f4b3de20b43ece527d1,miracl_hi,pq,pooled,2,q32_d128,1.2,0.75,,0.004132672011207096,0.004132672011207095,0.0,0.0
9611a5e131ec314a6e1ba5a4aca107da6d8ce19023f336d3deb713dd6a1f91ae,miracl_hi,pq,token,0,q16_d64,1.2,0.75,,0.033489077956452847,0.004536188738135588,0.027179768665089775,0.0017731205532274833
8f51e4d053e23591094572c5cdbb612310c039ccd1d95d01e1c054eeaa8b394c,miracl_hi,pq,token,0,q32_d128,0.6,0.0,,0.06829374444000878,0.009048432869768518,0.05924531157024025,0.0
6280d7164a43e7909422302061880e3efceb1c3e192b8195046eb220de7414a9,miracl_hi,pq,token,0,q32_d128,0.6,0.5,,0.07849046937196956,0.009969041124711055,0.058408098318396016,0.010113329928862474
cc7025e7f5a5d38e90a6213f0798f03bf5c115bdaba6d15346a9d63344ffe2bb,miracl_hi,pq,token,0,q32_d128,0.6,0.75,,0.07240101295615492,0.008047717523105818,0.05756284501747459,0.006790450415574499
e7f1c7a5be288285775570fa8d9651aae897e62592107ac9084b91ff6efad52c,miracl_hi,pq,token,0,q32_d128,1.2,0.0,,0.05825785191576297,0.00659378808339744,0.051664063832365534,0.0
b08c23a66f1b092b4663aa1f064e3df91139735dece5618e24db70e791c5b5d9,miracl_hi,pq,token,0,q32_d128,1.2,0.5,,0.08602117630629817,0.011184366845767174,0.0577751650560949,0.017061644404436083
770b3ed5e543c398951aae629b373ab5a56a177b3ac7a7075882cfd6e11c1ab0,miracl_hi,pq,token,0,q32_d128,1.2,0.75,,0.07748651916500661,0.0093037056028089,0.055686980213111525,0.012495833349086164
1a053b56df9d2d82b81a263a85bab1623c3ed1e3ed29e2062cc3bbe94f7ccb1b,miracl_hi,pq,token,0,q32_d128,2.4,0.0,,0.050432533856450704,0.004968641704091026,0.04546389215235968,0.0
99dd54a4f93012b5a22524ab131371a780490984ae3adeabf35f9f946bd6d628,miracl_hi,pq,token,0,q32_d128,2.4,0.5,,0.08053094169313894,0.009716619392435333,0.05266383563617828,0.018150486664525317
806302246d0cda9f4ec147791ea8bd587adaecbdd5087740a0a16f167882dc37,miracl_hi,pq,token,0,q32_d128,2.4,0.75,,0.07581838481311726,0.010339395392725822,0.05123498230220547,0.014244007118185955
9502468d2109411bd804611c967ffd555b2b6b9ef7851e6df99a8fec3f3eeb83,miracl_hi,pq,token,0,q64_d256,1.2,0.75,,0.12054781214840804,0.013005993490181497,0.09020204572791193,0.017339772930314596
db324c0578b2eaa19b43a662618f42fa0e4bf7fbf29955f2e86c71f095c12f97,miracl_hi,pq,token,1,q32_d128,1.2,0.75,,0.0909891114806707,0.006600741362426953,0.07299592548632171,0.011392444631922028
104d8c4e75a11204ed4955a48ad498b5e02d36f01f1d190592a03e9af2d7b440,miracl_hi,pq,token,2,q32_d128,1.2,0.75,,0.08253354002929976,0.008967713991563677,0.0731305770077242,0.00043524903001188216
4e3a5ab35d31af0fc30a12e676cae0a4491173baeea1988a06799ccc7feb92f1,miracl_hi,rq,pooled,0,q16_d64,1.2,0.75,,0.01537478150948465,0.01537478150948465,0.0,0.0
cc5aa594ceda524b73d4f1b65194a5078aea64249f9cf11e3f9ef5a6519d96fb,miracl_hi,rq,pooled,0,q32_d128,0.6,0.0,,0.01537478150948465,0.01537478150948465,0.0,0.0
489362d571c86ffa50de82c4aee752958e68ae4da0e07d1450a68edbb210003b,miracl_hi,rq,pooled,0,q32_d128,0.6,0.5,,0.01537478150948465,0.01537478150948465,0.0,0.0
332930296687c117ed59bfbcfb3761debc135059ea7f0a780c1ff2bbf093a8de,miracl_hi,rq,pooled,0,q32_d128,0.6,0.75,,0.01537478150948465,0.01537478150948465,0.0,0.0
7a63df81553ffd92b300e60d7d8784db993a857cde690ad4b103b6aaa40fd737,miracl_hi,rq,pooled,0,q32_d128,1.2,0.0,,0.01537478150948465,0.01537478150948465,0.0,0.0
5d248b4f7022521a310eb04d6f082ef154a34f1db391c7bc24bb0939f4ec7f02,miracl_hi,rq,pooled,0,q32_d128,1.2,0.5,,0.01537478150948465,0.01537478150948465,0.0,0.0
ac62e11aa17729e391dc4a1bb24a62cd3d0d92a0f5c372b81afaceceed3d21a5,miracl_hi,rq,pooled,0,q32_d128,1.2,0.75,,0.01537478150948465,0.01537478150948465,0.0,0.0
d35bc5f770a88bffff4462bafea2486ab89503dc2ea57541a9db5aa54d4c2ac0,miracl_hi,rq,pooled,0,q32_d128,2.4,0.0,,0.01537478150948465,0.01537478150948465,0.0,0.0
f60013408d220ea9b4986a708dac7eae9c34fa00457c9c9f91326dd3a790c277,miracl_hi,rq,pooled,0,q32_d128,2.4,0.5,,0.01537478150948465,0.01537478150948465,0.0,0.0
4196ef383a546ab6a45892107a458f6b73939a061b6beb9ade483423688cb72b,miracl_hi,rq,pooled,0,q32_d128,2.4,0.75,,0.01537478150948465,0.01537478150948465,0.0,0.0
00695e95a9b8ce129154f66a84cd9d5a9f5c9eed5f23800348f62404b4e69f75,miracl_hi,rq,pooled,0,q64_d256,1.2,0.75,,0.01537478150948465,0.01537478150948465,0.0,0.0
7dd66525fa73664d8f7b2a56e57b30543de9277bb6c6971da5b2c770196094bd,miracl_hi,rq,pooled,1,q32_d128,1.2,0.75,,0.0017077220171502587,0.0017077220171502585,0.0,0.0
5f4f3bce40a301f50877a19587b66d50fafcc7787d3a11ca9d28b5475277bca7,miracl_hi,rq,pooled,2,q32_d128,1.2,0.75,,0.007788972158145675,0.007788972158145675,0.0,0.0
8430d138d4b7450eafe86e4b5aefe2f7ae57484b97ad7fc4b8f7edd66452623d,miracl_hi,rq,token,0,q16_d64,1.2,0.75,,0.18978130012943367,0.021674800633899295,0.14231531110163329,0.02579118839390107
64b0b2b46618dd1f7e4d4018702cad9fac31c07df2cd4664551dd047919f06c3,miracl_hi,rq,token,0,q32_d128,0.6,0.0,,0.24364820385611208,0.032096477256573094,0.21155172659953897,0.0
6d47651dece536e8321d65ddf2469fcc14a811b05b4d60d16ee36b9b4bfec697,miracl_hi,rq,token,0,q32_d128,0.6,0.5,,0.24928945638222305,0.02338260818509755,0.1891892577605263,0.03671759043659919
96dc594fb37de651a56d238fa16b10edaa1e67f384e8791db56ae86cfb9c8ca6,miracl_hi,rq,token,0,q32_d128,0.6,0.75,,0.23888021743149485,0.01826785212886653,0.18878325398630394,0.031829111316324384
0a4c80135f063ac1d70b9d1d306d0229133713b1ad50e821b60de7fcdf1cf402,miracl_hi,rq,token,0,q32_d128,1.2,0.0,,0.22356558460655201,0.035897064175258606,0.18766852043129342,0.0
9b61bddc9dd47301cd9dc4a6c7d958208ab1eaddd2119b56872c765ccad64166,miracl_hi,rq,token,0,q32_d128,1.2,0.5,,0.24514804225314296,0.0229352053636498,0.17540064902258734,0.04681218786690581
4e3fb1385d1677031373bb4aeb1ce0708d160a09a0fc75c789edf6c3d029ce23,miracl_hi,rq,token,0,q32_d128,1.2,0.75,,0.23137215158019525,0.017301478564538165,0.17357080475869552,0.040499868256961565
f1fc679297d099edaaabeac2286847d92b8c587e5889e415448476773759d69c,miracl_hi,rq,token,0,q32_d128,2.4,0.0,,0.20427735444045067,0.039628804285493646,0.16464855015495702,0.0
15f206f564828e88fda39002a4a3c79485d3fe5b72e80694ba170ad16202c723,miracl_hi,rq,token,0,q32_d128,2.4,0.5,,0.231194124514519,0.02317612948312542,0.15679324295536937,0.05122475207602421
b27b7ebd8b7fd5bf1fb3aa0dbf4202e35ccb3302bfe862ea342a77f925da8968,miracl_hi,rq,token,0,q32_d128,2.4,0.75,,0.21877962071015575,0.017467315142395932,0.15568163589657869,0.045630669671181116
3ddd6f6e040ded0c23ecb8540391e8508d5db013d87e121cd209edbf6d2360a1,miracl_hi,rq,token,0,q64_d256,1.2,0.75,,0.26906501119485166,0.02181244598061822,0.1801944584699267,0.06705810674430675
becd423bb40783a0b59822629b4b758ed6d245146c8b1182da83356d8f3bb8f1,miracl_hi,rq,token,1,q32_d128,1.2,0.75,,0.2330520408115402,0.019272090241797185,0.16505883905098917,0.04872111151875383
420c6f2eeb0372db8f465620d5513d05c7109c37a656b9c2ab9e1473ec67715e,miracl_hi,rq,token,2,q32_d128,1.2,0.75,,0.21813933785058728,0.012046921455794252,0.1717872525153316,0.03430516387946138
0cae236c72bb4d36b4ac38519b2fa33b0a8b5217db77f086915f40fa987c3cb8,miracl_hi,sae,pooled,0,q16_d64,1.2,0.75,,0.026197978274291912,0.0019176408097019088,0.0072916564474804725,0.01698868101710953
a57e1f82a00ef3f912dbdbc8fc231c34bc365da46c9d089a64d04c64565ca57c,miracl_hi,sae,pooled,0,q32_d128,0.6,0.0,,0.044206676914308,0.0035307546018610854,0.04067592231244691,0.0
01a94f3e813f19db70f9957d5919362ff5036edd4f1897b41005f3b8e06c2a76,miracl_hi,sae,pooled,0,q32_d128,0.6,0.5,,0.049516500383619745,0.0028038476960464457,0.0284525790427798,0.018260073644793498
09605c7db3976d652ddf21f43aed9ed70a424dfc75d7242a26fc68bfc947aa00,miracl_hi,sae,pooled,0,q32_d128,0.6,0.75,,0.05272555880854054,0.0036205215368803035,0.022864445956962364,0.026240591314697876
e6b7485a9824dddd3921ff428228ad55fd7ad0fb0c06526f26fc6f40cc0f5045,miracl_hi,sae,pooled,0,q32_d128,1.2,0.0,,0.03442993288418587,0.003700518752543388,0.030729414131642478,0.0
5ed69aff9daf8e4d6f16180d56387fc1031b77ffeaa17e1c0b07f4937091a7d7,miracl_hi,sae,pooled,0,q32_d128,1.2,0.5,,0.04653511852865625,0.0024251794703201435,0.022177968137758988,0.02193197092057712
253462a4ef9a179f96b990351b5056d4f85a486b423274adb1217f0658a579a5,miracl_hi,sae,pooled,0,q32_d128,1.2,0.75,,0.05214806001590922,0.0033440947142573466,0.017740655881555965,0.03106330942009591
db8a914ee6986442eb6aac40b72eb7cc71df92ef9d1ac42bfb2c532f0730262e,miracl_hi,sae,pooled,0,q32_d128,2.4,0.0,,0.02597373376383933,0.004867515161202113,0.021106218602637214,0.0
66b350e0a3f56dd34d6a80ce60d0719b65db6489dab2d29e0bd085a9ed4e0100,miracl_hi,sae,pooled,0,q32_d128,2.4,0.5,,0.04489867456503146,0.004544902103985977,0.015488287074611043,0.02486548538643444
26ecb41a512ef0229a54f9f9f61e423de629befff2f557215ece7d779eb571ab,miracl_hi,sae,pooled,0,q32_d128,2.4,0.75,,0.05015972444663556,0.0035046496240454285,0.011854612877522461,0.03480046194506767
417ed012bc5beea9b204e1c23af96cd85952b07ed29f4239f4b0fbfeb2a7a43a,miracl_hi,sae,pooled,0,q64_d256,1.2,0.75,,0.05214806001590922,0.0033440947142573466,0.017740655881555965,0.03106330942009591
81bfdae00dc1ff3529d3d5b9a758a6c8a06b7020fdbbd12ef6be3c5b69b9fd29,miracl_hi,sae,pooled,1,q32_d128,1.2,0.75,,0.04908579719425606,0.008226864711845961,0.01413371050336126,0.02672522197904884
e0abd3c33dbc86480095dd1aa39155fe85e17b0074d998e44f1ebedf17972c19,miracl_hi,sae,pooled,2,q32_d128,1.2,0.75,,0.04990482670398154,0.004101162897500539,0.017127571557288963,0.028676092249192032
84b0b4c2358ed6526526d09326020361265c15551d8c676b602c6c465a9eab21,miracl_hi,sae,token,0,q16_d64,1.2,0.75,,0.22916015911876636,0.021911880031396633,0.14426577476683128,0.06298250432053844
a3d89d1c0b2134993caadebd86908505d69279a2cee59fec1467369a855ed7a9,miracl_hi,sae,token,0,q32_d128,0.6,0.0,,0.29800526153469387,0.026039402162601026,0.2719658593720927,0.0
7a7076088fd9c530fdcc3cd5a6cc7da9f58ccd127e4ab325d16f9b5a05add1d1,miracl_hi,sae,token,0,q32_d128,0.6,0.5,,0.30245314954758984,0.03146408140621737,0.22058003016627878,0.05040903797509368
80b7a8f2c234ef5d0499a8f3bd27944827e566de4898b4a3c1d39df479a08f1d,miracl_hi,sae,token,0,q32_d128,0.6,0.75,,0.29886695852310063,0.023923098591386503,0.20041210509359694,0.07453175483811719
6f51e0a93e2764b664fdb9a7dd3617a3342b3698f335154f365f198a804b650f,miracl_hi,sae,token,0,q32_d128,1.2,0.0,,0.30554316986348606,0.030234496311662463,0.27530867355182354,0.0
a7cf615530cefc679f25f380f93cfcfa96beb6daa1bfb664c8df09802297d681,miracl_hi,sae,token,0,q32_d128,1.2,0.5,,0.312954696965257,0.03167646608940178,0.22739601862338554,0.053882212252469655
530bc38603f87e1642baf4a88f5aceeac8872eed62b8bc2e19ea2a49b77e8b07,miracl_hi,sae,token,0,q32_d128,1.2,0.75,,0.3117803872038668,0.025630949719990356,0.2076863009595435,0.07846313652433294
5f5955a498d69a43cde6d2e0ca785cbafa9a6ab5affd6a05838f0ec2734d9d23,miracl_hi,sae,token,0,q32_d128,2.4,0.0,,0.30397830147830307,0.030013549931756412,0.2739647515465467,0.0
04e4fcf7fc3bfa1545424b7227c9d1cc1ecb3294159cc69e1b0eef23b1a9da58,miracl_hi,sae,token,0,q32_d128,2.4,0.5,,0.32529601359376303,0.03186723413224866,0.23279933191357668,0.060629447547937663
0d45496b5029b85fc24c9996cbffef45536817d442f4625c97f5d79ed1ae5b4f,miracl_hi,sae,token,0,q32_d128,2.4,0.75,,0.3279289476392644,0.023490272094623007,0.21615895898728751,0.08827971655735388
157a90db51c3c4f0d2f85cc60234fa0d4c195d10cb1d6a7d9f9e272059190b31,miracl_hi,sae,token,0,q64_d256,1.2,0.75,,0.3780756986516016,0.01677210824042836,0.2743356593694395,0.08696793104173375
3ee5e0d295603a798749ffb841b9e3b3586a9fee7074d867a38d39bf4231a7d8,miracl_hi,sae,token,1,q32_d128,1.2,0.75,,0.28907521658083973,0.00788145443496065,0.2147169646900918,0.06647679745578726
08327450bab0c4c826dc67885b7ae49f9f9ab0494d01aca4461ab645b98296c8,miracl_hi,sae,token,2,q32_d128,1.2,0.75,,0.30523920522660847,0.010439817341373545,0.23292458699774898,0.061874800887485926
90f4fe0bd44f4ab2c5e75b1a81973a57ae7a644258a6f25d5f0791896cb63f28,miracl_hi,sae_shared,pooled,0,q32_d128,1.2,0.75,shared_dictionary,0.1483764862981151,-0.018562611506191103,0.10962609157768653,0.05731300622661963
7c0d57a0523244e45a61b1905438bfe637ac770749a4d556c9adf6b178b18ce6,miracl_hi,sae_shared,token,0,q32_d128,1.2,0.75,shared_dictionary,0.3117642869478269,0.025691605293621463,0.207647923044708,0.07842475860949745
98142cb904f24b87d224b5e05295d0dc78ec28367400b99e2eccfa95640230be,miracl_te,gaussian,pooled,0,q16_d64,1.2,0.75,,0.11335181351268973,0.009608003990309052,0.02750192595818039,0.07624188356420028
07deaf6447f96639f5b1873bc777fb54c3d3af220464017fc79abed9ea6bdb00,miracl_te,gaussian,pooled,0,q32_d128,0.6,0.0,,0.1271014388955507,0.03152871580007657,0.09557272309547411,0.0
147589e6f8a5809d3095efcdd7f556d7319e833ff818f7c5de2ae66e7466f566,miracl_te,gaussian,pooled,0,q32_d128,0.6,0.5,,0.18898736017817042,0.024865643190455065,0.1054634369142349,0.05865828007348042
6a0f54fd35e3c312645b3cf53f686dde4410eff923725e545347bd60aec73206,miracl_te,gaussian,pooled,0,q32_d128,0.6,0.75,,0.2207293065506582,0.01410000877829987,0.07703664419261871,0.1295926535797396
7668eebb806e43ae927ebbd070c82bb8de77e2c2408b8e722a41c2c2d249c722,miracl_te,gaussian,pooled,0,q32_d128,1.2,0.0,,0.08933208682291113,0.035740284889196644,0.053591801933714475,0.0
6c8cec4f8f5e0598832df8d4bc66004c2625ad63e9aaaac6cdf7155ee22aa921,miracl_te,gaussian,pooled,0,q32_d128,1.2,0.5,,0.16902017075163386,0.037324821515348404,0.06825979245764015,0.06343555677864529
2c05f03f1717de76b51e7e7f893ff2aad8d4562327d0edc97fcc83e42a4ef23b,miracl_te,gaussian,pooled,0,q32_d128,1.2,0.75,,0.2217623925945978,0.018779503744783342,0.05422297915046696,0.14875990969934746
9e353c1cb0203a9223c530fd9d44ed9d777b0d2ed6b829912cf98e8a019e4ac0,miracl_te,gaussian,pooled,0,q32_d128,2.4,0.0,,0.056528492069796044,0.029479829016509966,0.02704866305328607,0.0
564bea90e85215840c42a440f06116597791431f6e4a36f55c4f68c636b30d5e,miracl_te,gaussian,pooled,0,q32_d128,2.4,0.5,,0.1436774840944124,0.042965459137232556,0.03949656087787313,0.06121546407930669
7822064d0fbd2c79fcb4eacba0a023d94be42987a10b6a2129ce9a0ada58f69f,miracl_te,gaussian,pooled,0,q32_d128,2.4,0.75,,0.22350181406435501,0.027703843141487477,0.03735895074677931,0.15843902017608824
cff745ab3330cde939be5ef98b368aa17c9a18f9b28ae88ab76e88e575684e8c,miracl_te,gaussian,pooled,0,q64_d256,1.2,0.75,,0.36137306649630363,0.05636924732774721,0.07914792757188545,0.22585589159667097
8ed6a1fe32275ddd43aca5eb1c708a670e93b67d8a34e369fde8319001ec1a99,miracl_te,gaussian,pooled,1,q32_d128,1.2,0.75,,0.2231845433330286,0.009296114428157712,0.056179538169369006,0.15770889073550187
c1e966ce51d33c17563c75271ffc5f10bac8ce2dae54fe4e17594bc4dc038d6f,miracl_te,gaussian,pooled,2,q32_d128,1.2,0.75,,0.27357139294385086,0.017415341707152716,0.07066722285500261,0.1854888283816955
43927f42e3e53bcde8b2839cea111084094874b78d3a30f4dfeae31db280a9f3,miracl_te,gaussian,token,0,q16_d64,1.2,0.75,,0.13707087494563297,0.0029363917100534605,0.04902464964785032,0.0851098335877292
be337a6ef2fbf83c4eb26f5f32a3b1caf52bfec608261367ce4b142ce7765f52,miracl_te,gaussian,token,0,q32_d128,0.6,0.0,,0.19786650777641804,-0.00284617270802153,0.20071268048443955,0.0
3ad74208fc9ce27aa87fbad0493cf1c014b42f845c1523927d39f0636c56b52d,miracl_te,gaussian,token,0,q32_d128,0.6,0.5,,0.21773134236245187,-0.00616947762883834,0.16758737127304374,0.056313448718246444
233818854db526818faf0f521079adcfeea10dead3d56353189f6a8bab61b24d,miracl_te,gaussian,token,0,q32_d128,0.6,0.75,,0.22497411220353852,-0.0037538684382082375,0.10104273884703993,0.12768524179470683
8eb7fb5a64aba09c754a7bc9d3fa02b6bc10e937ec207440bba959fa2dc31d96,miracl_te,gaussian,token,0,q32_d128,1.2,0.0,,0.17932501043678456,0.024270500667687954,0.1550545097690966,0.0
53aaa35db6cb77ab270a4b3a64dbb1dc6c35b326533c62e949448f833deb323c,miracl_te,gaussian,token,0,q32_d128,1.2,0.5,,0.21928220840997853,0.007927995939454143,0.13848498215498936,0.07286923031553502
94454d0603b2a26db026eee08a578eef6ded2fcdcf18d9061ad903cef5ec0d1f,miracl_te,gaussian,token,0,q32_d128,1.2,0.75,,0.23753860136851704,0.006183334630397171,0.079527296537555,0.15182797020056485
295c18426961f5b33796e93c8084140e6db658e2c8b8737a8743534e4e240e2b,miracl_te,gaussian,token,0,q32_d128,2.4,0.0,,0.14363498180934767,0.043804841275662025,0.09983014053368562,0.0
627c449a2ac69a3e6be7b06823ce166db586840225dd96b9d5e489deb835d128,miracl_te,gaussian,token,0,q32_d128,2.4,0.5,,0.21550951603309232,0.027063979847559306,0.09941845939478816,0.0890270767907448
c9d4ab34b77406f5841425b729f893b3ede4553bd1e553829a737f666a599461,miracl_te,gaussian,token,0,q32_d128,2.4,0.75,,0.24724669356938156,0.012282179880917423,0.053719735395021645,0.18124477829344246
1a7108e6ff7d8cc486abd375fa230c0b3354e7965111d1dc543e21b441d55ee1,miracl_te,gaussian,token,0,q64_d256,1.2,0.75,,0.4058028607081308,0.04452600529322128,0.12144112805808613,0.23983572735682337
5c59a4c68535eedf8d08b40755bf1d6e10a13266b6e387d37719d855852845a4,miracl_te,gaussian,token,1,q32_d128,1.2,0.75,,0.27089457673144396,0.008228150988538054,0.10376743473555217,0.1588989910073537
ea4d23b5d6f2e11fefa789cca67975c81a0924c9057c4701b35f042ac1cbe3e9,miracl_te,gaussian,token,2,q32_d128,1.2,0.75,,0.3000591192515664,0.004974696281467787,0.11969450132364445,0.17538992164645417
736a1a69aa72518c36768cca6e1731a2391a148a80ced7c25d7a568ce4698af9,miracl_te,identity,pooled,0,q16_d64,1.2,0.75,,0.15852899568026188,0.04023996371543729,0.04443901149363759,0.073850020471187
b566387b85213ebbb8a305390899106f8cdaa5a5452d33af31ba66c2e0c5767e,miracl_te,identity,pooled,0,q32_d128,0.6,0.0,,0.23384102125178463,0.05786154941312893,0.1759794718386557,0.0
cd1c60934852a23277c7afb5117fcab9dc933a4ffba09770b4d0c30d5406e815,miracl_te,identity,pooled,0,q32_d128,0.6,0.5,,0.3025750895631989,0.05065727943231561,0.17946350937912212,0.07245430075176115
4693a25f1fdcc2da0100a0fd425354368074017fb5d88f7e1640bb34f7dc21b4,miracl_te,identity,pooled,0,q32_d128,0.6,0.75,,0.33781542598186587,0.0499929608918396,0.1494626947598591,0.13835977033016716
41a7f01f668c5eab647f92a840695bdf9a53f7898e25bfa1688ee7df8130e9f8,miracl_te,identity,pooled,0,q32_d128,1.2,0.0,,0.17881999004749988,0.0721373074463703,0.10668268260112956,0.0
50457e686641d83cf75e4cc797bd6769c82d0f8994fbd2cac24e67e7a0ebc5e8,miracl_te,identity,pooled,0,q32_d128,1.2,0.5,,0.28258107527883014,0.0744978895395556,0.12289780256455467,0.08518538317471985
6411bd9f457d0a4c9e754df23dffcc080872d06cdd95f1992c2dce1b87fb4a40,miracl_te,identity,pooled,0,q32_d128,1.2,0.75,,0.3434603634567161,0.06672324282654528,0.10927162791116832,0.16746549271900246
7de5e298408c1c4e91826d3e512246ca54f6c64acade8f303939e7492bf82e02,miracl_te,identity,pooled,0,q32_d128,2.4,0.0,,0.1173191205132561,0.05930692340850062,0.05801219710475548,0.0
96d99c8eaef8aff0e1f718c8eebb2f8be49b85419c87e10d33af3640b3fe6ce9,miracl_te,identity,pooled,0,q32_d128,2.4,0.5,,0.25374864169493405,0.09088662535581264,0.07595197511629107,0.08691004122283033
2ab168c33e3ae85aedaa0f72bae32b15ba1536de5dc0a6abea201032e6330a26,miracl_te,identity,pooled,0,q32_d128,2.4,0.75,,0.33907234272886677,0.07730532402383168,0.07745133420041342,0.18431568450462166
2988e91e875ba3aa8a0e2ab0ad8c2338448538e19f535e1a4c6ca2a0ddcef9fc,miracl_te,identity,pooled,0,q64_d256,1.2,0.75,,0.46008240354099644,0.0756762954576432,0.13323916366538552,0.2511669444179677
4cf59f18305537f14413446be5f894dd2c86b1e32cc699768fa6d36e77cc5419,miracl_te,identity,token,0,q16_d64,1.2,0.75,,0.19935664527845337,0.037669363892549025,0.08088968623858989,0.08079759514731444
8cead7996443c6152565cd02b0bd731f410ec7f82e4ad3dfeb7779543a83b5c6,miracl_te,identity,token,0,q32_d128,0.6,0.0,,0.368837351994594,-0.002422479312011939,0.3712598313066059,0.0
f6f917bc3ab3564cfcff41b3b6f856288e44e11823bc8a6fc88f30e05f0ac05d,miracl_te,identity,token,0,q32_d128,0.6,0.5,,0.36766846686602245,0.02125020383120986,0.27790500315683475,0.06851325987797785
48b7702b5907af30f6523e61c4685ab8cb0a7ed9473ed38b458b23943a253495,miracl_te,identity,token,0,q32_d128,0.6,0.75,,0.3609547579630952,0.021570102300742387,0.20320929943328986,0.1361753562290629
b95aa043ecfa44786784ce9bf3a127d6ea76605e34e31a266867fb84f30c22d2,miracl_te,identity,token,0,q32_d128,1.2,0.0,,0.361757628864958,0.03262574331225896,0.329131885552699,0.0
1fa90c9b2e602c04909af57a8b2ff63d2a4b9e9ef556186ac3c0784e5c33bcec,miracl_te,identity,token,0,q32_d128,1.2,0.5,,0.3854939706811231,0.04165840742294421,0.25554968039156445,0.08828588286661446
62520e5e8a6429d33212b15d7447baba715769ca0426d59b677b2892d34095f5,miracl_te,identity,token,0,q32_d128,1.2,0.75,,0.3823499651025019,0.034851766171807685,0.18620209819050715,0.16129610074018708
a4ce0afb300965910533e54e378b441f36e14187a62be1f0de14dfc40909b2b9,miracl_te,identity,token,0,q32_d128,2.4,0.0,,0.3259582868697246,0.0928398972184993,0.23311838965122533,0.0
5f0f0f9fedad1db8fd8e03843e58cb768e4a3c2cfff89405c7a8e6ccae5f3696,miracl_te,identity,token,0,q32_d128,2.4,0.5,,0.3945516009451669,0.07496923168321744,0.19541633544271286,0.12416603381923659
4117d32381d444e90e0c62a7ef87242fa980ac182f5456b0c140f98a94f2317f,miracl_te,identity,token,0,q32_d128,2.4,0.75,,0.4039330626355123,0.058960633868631866,0.13693246515786342,0.20803996360901705
6d6a1ed768e008f0a322ca81b361c1bd446db6a1eb833099df58ee26f184ef17,miracl_te,identity,token,0,q64_d256,1.2,0.75,,0.5234405116036627,0.0415345134079837,0.22321041868712133,0.2586955795085577
fa5a564dcf600e924c032d68af24dff2da030cba377b776f74474f35df05b06f,miracl_te,kmeans,pooled,0,q16_d64,1.2,0.75,,0.0003456671331967284,0.00020338775347152478,0.00014227937972520366,0.0
8317f3a8f21b9e77da30826600d076271be3205cc9161d89007e86971f75b91c,miracl_te,kmeans,pooled,0,q32_d128,0.6,0.0,,0.00031804170593261166,0.0001854844706226165,0.00013255723530999517,0.0
3a41d7b20054a97e64ebc1a7a38d663df9c7d0caf48d20e325b48281c813ca13,miracl_te,kmeans,pooled,0,q32_d128,0.6,0.5,,0.00031804170593261166,0.0001854844706226165,0.00013255723530999517,0.0
9f631cc457a6bb762961c2e9ad431b6b3b87f31f1466f1bcc4bcbee069b5aac6,miracl_te,kmeans,pooled,0,q32_d128,0.6,0.75,,0.00031804170593261166,0.0001854844706226165,0.00013255723530999517,0.0
41321336dbcdf9e7bc14801e84ad81dda1193645143c33e6faef96e286a53aff,miracl_te,kmeans,pooled,0,q32_d128,1.2,0.0,,0.0003456671331967284,0.00020338775347152478,0.00014227937972520366,0.0
27982648f5265fea79abbca5ce7f6ac26b7481f90b2036c430db98c530c1e0c7,miracl_te,kmeans,pooled,0,q32_d128,1.2,0.5,,0.0003456671331967284,0.00020338775347152478,0.00014227937972520366,0.0
aa214d790073849189f82d08531507aa45ed29777cfae98a1bd77044a12a942c,miracl_te,kmeans,pooled,0,q32_d128,1.2,0.75,,0.0003456671331967284,0.00020338775347152478,0.00014227937972520366,0.0
21688e4af6b7fdd2da8bd98fa9ee532396c73a3f41ddff4bcc1746ecc68f7d81,miracl_te,kmeans,pooled,0,q32_d128,2.4,0.0,,0.0005193299506991173,0.0002902191622227192,0.00022911078847639814,0.0
cb31662f3685437a7c9e6d6af425a0971000a15113da89c2fbab2eda73ca1dd3,miracl_te,kmeans,pooled,0,q32_d128,2.4,0.5,,0.0005193299506991173,0.0002902191622227192,0.00022911078847639814,0.0
f9dec653f662cf16cea90e4e1155f614050517dda7f7a605967adf2d1f14e55c,miracl_te,kmeans,pooled,0,q32_d128,2.4,0.75,,0.0005193299506991173,0.0002902191622227192,0.00022911078847639814,0.0
e9f21f794bde03b13e233261176cddb41a5d5f18e0999e698706dc9c8664f243,miracl_te,kmeans,pooled,0,q64_d256,1.2,0.75,,0.0003456671331967284,0.00020338775347152478,0.00014227937972520366,0.0
57bb50c07aefbd67db11195b1b38ad517c3a686ecf398710c84d0e853c980abc,miracl_te,kmeans,pooled,1,q32_d128,1.2,0.75,,-0.0008255369709813387,1.534404955616433e-05,-0.0008408810205375029,0.0
dfffff8d2e98b79f501573c39b6110209a3c89deb629bc7a196423f061894deb,miracl_te,kmeans,pooled,2,q32_d128,1.2,0.75,,0.0003958992421649859,0.00014221899489373028,0.0002536802472712556,0.0
91d393879d432724836b67f81112b5d904548d41ed13b42b7d994e6c576a7bfc,miracl_te,kmeans,token,0,q16_d64,1.2,0.75,,0.08461706434489633,0.005909225408427254,0.0869069163202107,-0.008199077383741642
5bcac87aea77fda43b5a50486070ae88899ae81d89f46baeb7d76c594d0edf41,miracl_te,kmeans,token,0,q32_d128,0.6,0.0,,0.19815281551946337,0.004496062859713818,0.19365675265974955,0.0
7391f384439766dc6aa5811d32c594053f52e8ffab2750475e0102c309e79a26,miracl_te,kmeans,token,0,q32_d128,0.6,0.5,,0.18923295932620438,-0.0001254492467340036,0.18600058771074357,0.003357820862194824
a81a8e8d120f19a08b52a3ee7315c3b472f2947f9b73e7971eb5bfb51bf79c3a,miracl_te,kmeans,token,0,q32_d128,0.6,0.75,,0.16472256477384492,0.0018080230811143283,0.17833553710122194,-0.015420995408491345
d1d6a88dc2b4c7374eb909e37720f5e63f639d5d71fc6364e5437b3d61243227,miracl_te,kmeans,token,0,q32_d128,1.2,0.0,,0.16507444823341316,0.013475787151337341,0.15159866108207581,0.0
8c9706e37df0cdf87b3b987b2eeccc91b6194dc20b68ca18a5b323d92c00b68d,miracl_te,kmeans,token,0,q32_d128,1.2,0.5,,0.16794580618015673,0.005841001044292064,0.1513447402033698,0.010760064932494833
7472d6896b9532048647ffbee0ff7486d225571c571ead2e36a9753df5666dc1,miracl_te,kmeans,token,0,q32_d128,1.2,0.75,,0.13890326189024665,0.004163744760253605,0.14321897903101627,-0.008479461901023248
d14ee71805c82d68c88b1b96cfc05084c1de7cc98c15b471c8ce1aa09fed993a,miracl_te,kmeans,token,0,q32_d128,2.4,0.0,,0.11690247688868514,0.012787998122530559,0.10411447876615458,0.0
3c48fd27bf0282e22f831da172ad1e3024b266d7fd2ffdca085a050e42027cac,miracl_te,kmeans,token,0,q32_d128,2.4,0.5,,0.13750829023697128,0.00502290536655578,0.11279293891268463,0.019692445957730877
7fc9d4c1e81aaae139ab78c1dd7bf983b00645d856c520deae59519e371ec31e,miracl_te,kmeans,token,0,q32_d128,2.4,0.75,,0.11083726540411125,0.005521707593135896,0.10476490821354682,0.0005506495974285197
e0d2b9dc31ecbdc8ff00c2085f4b788c5e719cc1994f5a0f5e10bb08d22b2898,miracl_te,kmeans,token,0,q64_d256,1.2,0.75,,0.15074254809632484,0.0024360532312524487,0.14213535818121845,0.006171136683853925
21b3ba4e3f4c5df60076064624963ae5591fb51ecc0041c89b3d31ea884a98d4,miracl_te,kmeans,token,1,q32_d128,1.2,0.75,,0.13443636702999337,-0.00389319344601171,0.14538230262594065,-0.0070527421499355725
e935c6af6e28c840a387ff9581363cb2c638d16ad6e657aa6fbf335d690376f2,miracl_te,kmeans,token,2,q32_d128,1.2,0.75,,0.11753000198356112,-0.0031432375542469137,0.12862711171330632,-0.007953872175498306
0c19917add1668aa2d296d5f144f3ff02f25d017ccbf22befaf577af51a02748,miracl_te,pca,pooled,0,q16_d64,1.2,0.75,,0.17089351693267657,0.04668072868313172,0.09538825712027149,0.028824531129273353
75ca592d83c1eea6f5844ccd22ae5bf09b0396c14af8be40bbf61bf9278c4fe4,miracl_te,pca,pooled,0,q32_d128,0.6,0.0,,0.25907050031000495,0.04296646728761543,0.2161040330223895,0.0
8fb16faf7e906d8aee6c85dfcf098d86ec6cd6cc174aaa82cd9b56f98d329b8e,miracl_te,pca,pooled,0,q32_d128,0.6,0.5,,0.2954797744801935,0.04596611511442668,0.21448752157338496,0.035026137792381874
cfba7191d9a39772a890b84f8b75cb08bdba975e4fbd9f57b70119332e4e90e5,miracl_te,pca,pooled,0,q32_d128,0.6,0.75,,0.31630055488423897,0.05142108156031775,0.20617841303669932,0.05870106028722189
da882fe19bb12cd8175f45391d290f020e274d85e044ebcb0b11d090ec9bc876,miracl_te,pca,pooled,0,q32_d128,1.2,0.0,,0.21084248451496546,0.03805627162584822,0.17278621288911722,0.0
15604975004e69be912e32c3d0c91bb53d81a85eeb731d163eeb15f77a9bd01d,miracl_te,pca,pooled,0,q32_d128,1.2,0.5,,0.2684154903113622,0.045403206849209496,0.17957792355494173,0.04343435990721094
6c86ab1e13b5d8972b1b6d43edb3389a0667ddcb0a8a5dbbd3d2d52a9a008d6e,miracl_te,pca,pooled,0,q32_d128,1.2,0.75,,0.29806483987077975,0.04936667512174875,0.17642884868261804,0.07226931606641292
a80554c4b719efa6c4754f9d499d69f02ef5fe1983402fcd183bdbaf23067d94,miracl_te,pca,pooled,0,q32_d128,2.4,0.0,,0.152195622634396,0.033002473399260615,0.1191931492351354,0.0
b86ab175e8602c84a14d13ec6c1e1f503e98fedd10db15ec04e9cb0e8a8df862,miracl_te,pca,pooled,0,q32_d128,2.4,0.5,,0.23018717505978376,0.042284326821735746,0.1352266741158985,0.05267617412214951
c5f78c73e2ba0520ed4985ad9235a257deb89f04a02758ab8189928586e4b1fc,miracl_te,pca,pooled,0,q32_d128,2.4,0.75,,0.2710443335311354,0.04898809064613978,0.13631135592360946,0.08574488696138613
b86ad6056382364305cb5cdfbe1eeac561eba1cfe4f1733c3b74600a0513ac40,miracl_te,pca,pooled,0,q64_d256,1.2,0.75,,0.3484933805452756,0.011832335216965358,0.20836673402345238,0.12829431130485786
c65ecbdaa9e8bc5af9ab73d67fbbae56cebc2d6ac3f91c062a275ebb2e1592f1,miracl_te,pca,token,0,q16_d64,1.2,0.75,,0.3385708752613183,0.04903494447079036,0.19278432008029117,0.09675161071023673
33dbe9e825422814a98c5fcbc1c282954416be9cdab1cd505bc4051aee5ddb3d,miracl_te,pca,token,0,q32_d128,0.6,0.0,,0.5365666636984917,0.024404083541322022,0.5121625801571696,0.0
140593a9d09bf2c42064585ab30a88551f4b11f353eb84e0fb9b9a8f2cc6da8f,miracl_te,pca,token,0,q32_d128,0.6,0.5,,0.5229897839033038,0.07874170973278413,0.32614404161942356,0.11810403255109604
1158352ac28ce7bf71bc055e5951a55c25c4ba12887f1f46a417aa66bce6721a,miracl_te,pca,token,0,q32_d128,0.6,0.75,,0.5115860046321136,0.040551928744063125,0.2545395555377414,0.21649452035030903
89eb50c07137e5716d6685736e861f5281994afff3c034bb2196a0b4ad51a1bd,miracl_te,pca,token,0,q32_d128,1.2,0.0,,0.5514243268396081,0.027442584959476837,0.5239817418801311,0.0
eaeffe581b07ed85e96729d0231601944c8e999f139e1d0fd0d7d0b63fc5dc6d,miracl_te,pca,token,0,q32_d128,1.2,0.5,,0.5404328802757811,0.07944007382417434,0.34042598862144785,0.12056681783015882
26007cf6ff2eaa5fd94f231d286f0f7baeeac4effa74f63472b3a2961c5ba098,miracl_te,pca,token,0,q32_d128,1.2,0.75,,0.5285027114595771,0.04285805567994927,0.2677544263450108,0.21789022943461692
422c578a26644e24fb958569609b6864719a86477587dc12574abcbe393d8553,miracl_te,pca,token,0,q32_d128,2.4,0.0,,0.5661377323100952,0.044031924701257115,0.5221058076088381,0.0
b05bd0080188100fffbd5aefd4f17f6ee6065c14c9fafe4ee27bd8f2c2fcca8e,miracl_te,pca,token,0,q32_d128,2.4,0.5,,0.5623450307846164,0.0865525530669797,0.3468878571188163,0.12890462059882038
7f08e22b6267693556a342deac531f203cd544fd5b03cb058bafe6eae9ae31af,miracl_te,pca,token,0,q32_d128,2.4,0.75,,0.5487150644990558,0.048704320800671524,0.2739995031687425,0.22601124052964175
13b06c297b018141b6025e3fbc52bb6109076f175be4d21790bad08945685139,miracl_te,pca,token,0,q64_d256,1.2,0.75,,0.6196132470483808,0.020691470914327225,0.30661759066150845,0.2923041854725451
7047116443913c222754166878377e02cf8ddfc647f71035d77fc36a7746afd9,miracl_te,pq,pooled,0,q16_d64,1.2,0.75,,0.002449129530195378,0.0024491295301953776,0.0,0.0
fc0316f8d0f117db311d83eeac2ffa5c3b2d60b4fb8a9b675fc208b7541f7590,miracl_te,pq,pooled,0,q32_d128,0.6,0.0,,0.002449129530195378,0.0024491295301953776,0.0,0.0
a00bcefe904dfffde443b025de8b444d225bff12e3d0b752f653da7d8afa87b1,miracl_te,pq,pooled,0,q32_d128,0.6,0.5,,0.002449129530195378,0.0024491295301953776,0.0,0.0
8ae02e3c95dfc03e2547d0d15e1e037df939cfb02e776f500b3be2cc21a99b09,miracl_te,pq,pooled,0,q32_d128,0.6,0.75,,0.002449129530195378,0.0024491295301953776,0.0,0.0
320348a7a2ec6464fc10640fc0aa7368854fbe8356ba8dc5b39c1fbe4e0c31ea,miracl_te,pq,pooled,0,q32_d128,1.2,0.0,,0.002449129530195378,0.0024491295301953776,0.0,0.0
65f574724e78305a08ec1560ede89ee27c3fa12ba3706a91c410dbe2bc46b7ea,miracl_te,pq,pooled,0,q32_d128,1.2,0.5,,0.002449129530195378,0.0024491295301953776,0.0,0.0
7cfb43c27bf7c8d1d19a9ce2d4f257f4e316b2355ad8c0d07fb2ad76bfa5db82,miracl_te,pq,pooled,0,q32_d128,1.2,0.75,,0.002449129530195378,0.0024491295301953776,0.0,0.0
134bd124571e343f9ad9404c764fbfbbda10ee41ae29357998ee5172a749a617,miracl_te,pq,pooled,0,q32_d128,2.4,0.0,,0.002449129530195378,0.0024491295301953776,0.0,0.0
6971cf6be6b32e948a12f512709b54c4fbe77a2f85c31e7db3824099a65b3fa3,miracl_te,pq,pooled,0,q32_d128,2.4,0.5,,0.002449129530195378,0.0024491295301953776,0.0,0.0
5bce4d52aa4becb69c034ae4c1e9b8329ff3ba66767d10b4659dbb398904cfca,miracl_te,pq,pooled,0,q32_d128,2.4,0.75,,0.002449129530195378,0.0024491295301953776,0.0,0.0
213758077a5eef86bbc14f9ed7fc61a115eb7d3fc4e9491574a02f0730a869f3,miracl_te,pq,pooled,0,q64_d256,1.2,0.75,,0.002449129530195378,0.0024491295301953776,0.0,0.0
8f6471ceac791c8a20013850c5c856c167b6909268c04e4dacaf701f69689304,miracl_te,pq,pooled,1,q32_d128,1.2,0.75,,0.0015398975464367016,0.0015398975464367014,0.0,0.0
c2a0f48e37d68d9577276f467c061fd1b0b281502f91fd2c41dcf25b83e2dd92,miracl_te,pq,pooled,2,q32_d128,1.2,0.75,,0.0007395033306521817,0.0007395033306521817,0.0,0.0
ca7bc1b66faf13cf9a33056f68240c1d2f9fa4f0219f3a39a11acbf2f9602c55,miracl_te,pq,token,0,q16_d64,1.2,0.75,,0.09153713250649345,-0.00041356521631639954,0.10311509459043923,-0.011164396867629385
f2a2c7a18cdb61c4004b7fedd292a6c9ee5d09d63fec81dc11f45c2c4331c7e8,miracl_te,pq,token,0,q32_d128,0.6,0.0,,0.2604679756498657,-0.002298819128220636,0.26276679477808634,0.0
d48d24343ce396ae128c4b673233529672673dbe68e3a8102efa7dd37300458c,miracl_te,pq,token,0,q32_d128,0.6,0.5,,0.24535855943776172,-0.0062929463892019005,0.22953797994420416,0.022113525882759465
b2f948252348c32a481310ab74c9e9b1cc7e679e142383649233a940aae904a0,miracl_te,pq,token,0,q32_d128,0.6,0.75,,0.21655823696222942,-0.0056344517569856065,0.2265559889589453,-0.004363300239730283
78957a51aa400963779e0e90d55a967c3ab4e241f3c40cda7093fce8dca325c4,miracl_te,pq,token,0,q32_d128,1.2,0.0,,0.2452452881895207,0.0015000907820084672,0.24374519740751224,0.0
cb6c70416bef62ef514a59d14671b5e98b1b9c5fd84776ea7392290b15bf9f61,miracl_te,pq,token,0,q32_d128,1.2,0.5,,0.25454941777731777,-0.005520909346356143,0.22423659190727224,0.03583373521640167
4b64e505a6751a31240f87baee1356aa6942e1590f55c7e2a4b1ca509d7e71f7,miracl_te,pq,token,0,q32_d128,1.2,0.75,,0.21051622497047157,-0.006654082453208337,0.21453399962589068,0.002636307797789202
d362ea3e51d54462ee91a478c91a6b2d000a4e9f823a8747d9fad64cc591b711,miracl_te,pq,token,0,q32_d128,2.4,0.0,,0.21280002144308166,0.007753516046135819,0.20504650539694583,0.0
86b71c3d08786c7eb7c5c1bf1f9f61c49684c4199100f9674e1370d40c5e3587,miracl_te,pq,token,0,q32_d128,2.4,0.5,,0.24748091270956787,-0.0007426854178126385,0.19896388140384236,0.049259716723538155
49ac8428860a8dfe3e7683ab9139e25f4f2f4b442d24a8ecc11bb21810f263ea,miracl_te,pq,token,0,q32_d128,2.4,0.75,,0.18468212288494737,-0.005580791565001532,0.181730957133742,0.008531957316206902
f3b03d5d293b2f04e4d428c009cd213fa504a968e8f36eb579eae5885f195b7f,miracl_te,pq,token,0,q64_d256,1.2,0.75,,0.31016773771240674,-0.007073099460427821,0.2704660781211129,0.046774759051721654
219d797968c93ec5e9e42e84ca81bc395f945a11b79873e666efad64c1f23abb,miracl_te,pq,token,1,q32_d128,1.2,0.75,,0.19581970726513465,-0.014365117429127685,0.2130175044606426,-0.002832679766380285
98f06dd7b851d53e7a3c7929db8e8993a451821f3f77ef7d3e6126937db3514f,miracl_te,pq,token,2,q32_d128,1.2,0.75,,0.18792826021756104,-0.013750471576052758,0.2054315014731801,-0.003752769679566342
6a2c15a72e8c99f234f7b566bac34bf9ef36408450b5556e2371d29306c84880,miracl_te,rq,pooled,0,q16_d64,1.2,0.75,,0.010058171239864248,0.010058171239864248,0.0,0.0
3896a1c0d15294787dcfffb9f8807a997dd19f0bc81330db04e67dbb7cdf0c59,miracl_te,rq,pooled,0,q32_d128,0.6,0.0,,0.010058171239864248,0.010058171239864248,0.0,0.0
ba4a5fc8fd93fa9273425a465a3c182006857c371142df924e1dec6e6af2affc,miracl_te,rq,pooled,0,q32_d128,0.6,0.5,,0.010058171239864248,0.010058171239864248,0.0,0.0
65ad6e05f05d0cdc69a9974b1666c1388ec0b14bcb1a96638d87bc0141f51047,miracl_te,rq,pooled,0,q32_d128,0.6,0.75,,0.010058171239864248,0.010058171239864248,0.0,0.0
3b5346c0a03accf6b66f2baca88b5d2cf301a6516a32afc0b29eca1d5f36059a,miracl_te,rq,pooled,0,q32_d128,1.2,0.0,,0.010058171239864248,0.010058171239864248,0.0,0.0
730f4961f96096beddc76643f20cce1c39878225502a61299212c107ac222c85,miracl_te,rq,pooled,0,q32_d128,1.2,0.5,,0.010058171239864248,0.010058171239864248,0.0,0.0
34582c1cba408524895c7a807103425d64f81e731e6a2b169ed0d6b5a1ac4c48,miracl_te,rq,pooled,0,q32_d128,1.2,0.75,,0.010058171239864248,0.010058171239864248,0.0,0.0
b9a0230f57999525e6912468024d71ff7d4d5a93347fd699b451d26d1e440eb1,miracl_te,rq,pooled,0,q32_d128,2.4,0.0,,0.010058171239864248,0.010058171239864248,0.0,0.0
8bb1bcde369b939de0a8ee6e00b45aeeddc056f8568dc800b7046f48864be6d7,miracl_te,rq,pooled,0,q32_d128,2.4,0.5,,0.010058171239864248,0.010058171239864248,0.0,0.0
fe7b67f55c935b2a5c6ef8dbb22993f0dac51c99b13fd410d7dc9ade133a81db,miracl_te,rq,pooled,0,q32_d128,2.4,0.75,,0.010058171239864248,0.010058171239864248,0.0,0.0
3d4b141e0b1e2c23af3ab58b7e03ec2817173270ab3bb1fb531851331e91c1ef,miracl_te,rq,pooled,0,q64_d256,1.2,0.75,,0.010058171239864248,0.010058171239864248,0.0,0.0
1c52982ce7347a1cde9dcb4615581daa603dbb6906b6ddb6dc86b287ab423dcf,miracl_te,rq,pooled,1,q32_d128,1.2,0.75,,0.007533544098817116,0.007533544098817116,0.0,0.0
e46c13a1c4d288446aef76d5e55640304a7c08b1c7bdc29ce24ffcb1201ce447,miracl_te,rq,pooled,2,q32_d128,1.2,0.75,,0.00998123153536994,0.00998123153536994,0.0,0.0
4a5fd7528263c190971fede72f1c1f6538cc0b38198b863519676440317455ec,miracl_te,rq,token,0,q16_d64,1.2,0.75,,0.29593206504796643,0.00797357397782305,0.273904193918172,0.014054297151971352
f46030f659834318a8736f141836e48bddd154a7c0203a5f58c48e2509195cba,miracl_te,rq,token,0,q32_d128,0.6,0.0,,0.4440202577441543,0.00798287344359271,0.4360373843005616,0.0
97afcb223a6c500c2df7eb9e2f81ef20e3d1f987637132b0b13be5fa4cf3b839,miracl_te,rq,token,0,q32_d128,0.6,0.5,,0.43469104585915097,-0.001227103969178256,0.3716084280720937,0.0643097217562355
a53b157759f588fbdbc2e85633be352a81bcbe304db2032cf9a6c3fd4e9dcec4,miracl_te,rq,token,0,q32_d128,0.6,0.75,,0.40220955951021153,-0.0017066913207592041,0.3746170637714671,0.02929918705950362
982b8175bcc503bd664cbabdfff52c8e50024d25d9edcef3fd7805e43500a581,miracl_te,rq,token,0,q32_d128,1.2,0.0,,0.4397045984803866,0.01657277838989631,0.42313182009049033,0.0
5347bdad1672bd269b924470b4fe3837d90003be39aa48d1add67ce36f5725c0,miracl_te,rq,token,0,q32_d128,1.2,0.5,,0.4334814676049447,0.0011677111266730003,0.3633534492920293,0.06896030718624241
b8b7f0c877d5302b62b205985f3bc7c4bc4415208d865fecb637146a1657a12e,miracl_te,rq,token,0,q32_d128,1.2,0.75,,0.39253786104824356,0.0009018715167568234,0.3620241510166895,0.02961183851479727
b8f59836835b251fb0c6f1f11e38ec0734b2a65aa5fa99f6780c0723a24c5e5f,miracl_te,rq,token,0,q32_d128,2.4,0.0,,0.41351385322981643,0.02476697352713088,0.3887468797026855,0.0
f045b50e8b11c786a3a84a874337564c0e4b52cef8f8d12dd45243b0c76c69b0,miracl_te,rq,token,0,q32_d128,2.4,0.5,,0.41353480603644976,0.003881575795773211,0.33483071597932934,0.07482251426134721
b5f61f242eac651f9174c44854361aa5180dfe2c662ff62fbafa64d7b50a9720,miracl_te,rq,token,0,q32_d128,2.4,0.75,,0.36577101374280446,0.00022478546525360292,0.3317868001958192,0.03375942808173171
c8110d8afba647e8cb49dfcea3926d1ba8d869d118f8d1e8725f3066c77de281,miracl_te,rq,token,0,q64_d256,1.2,0.75,,0.43328287040632674,0.0028538833548271848,0.38151780422411635,0.048911182827383215
0d6041ad63181f838660c3ae06672ab37edf1833871aa2a8d27c1ab87bc1df12,miracl_te,rq,token,1,q32_d128,1.2,0.75,,0.381103982576296,-0.0024418715336440855,0.34392423234428754,0.03962162176565251
e98b137530fa214e6656639131f18db4907c510462d2a8e20dc8a9decfc42071,miracl_te,rq,token,2,q32_d128,1.2,0.75,,0.37357115736625657,0.0007313389465948301,0.343954061720116,0.02888575669954566
4ef52ac017c39a6926ebd8ef2c3241f8fa86cf686675bdb850d46ca3a81db95d,miracl_te,sae,pooled,0,q16_d64,1.2,0.75,,0.049477409987105314,0.0025304769845570967,0.01778019220779762,0.029166740794750595
cc019019d0dffa00b8830f2f133189a90fa80eb053f422fac7bb437a60eee664,miracl_te,sae,pooled,0,q32_d128,0.6,0.0,,0.0473982603801098,-0.0006150402698615193,0.04801330064997132,0.0
7703e159d82967e0e5c80b3e2b328f3667256a1c896770fa0bea17247a56a42c,miracl_te,sae,pooled,0,q32_d128,0.6,0.5,,0.0602430929334553,-0.0015074172223798429,0.03771645740709104,0.024034052748744088
115cd9a33c54dce0228c95ccfb4c8766f5ef56b4dc5ce30c53026eea68a5c1ff,miracl_te,sae,pooled,0,q32_d128,0.6,0.75,,0.06640699047595629,-0.002933306435575621,0.03143716512455989,0.037903131786972015
25725fbd36f2a76d563eaa791279f3cdcf28159c8ebfb7c13bf8c485d3d1f2d3,miracl_te,sae,pooled,0,q32_d128,1.2,0.0,,0.035249269298460145,0.0006120712751519347,0.03463719802330821,0.0
4c3b7e0f9709318053cab21435ff300972f102d634a119ee410abe28d96b25f4,miracl_te,sae,pooled,0,q32_d128,1.2,0.5,,0.05513038300993198,-0.0008048126104776472,0.028120748826046735,0.027814446794362888
fd7fcbac6ac53a99541c2fa946eff9f008bd6d4d9d2c34c4c7913dfdd5e4f5ac,miracl_te,sae,pooled,0,q32_d128,1.2,0.75,,0.06266149172087572,-0.0023149147432904235,0.022567168587545455,0.04240923787662068
c13d0553f058957739841f4ff50e57cf99df9d7f614f0a6e94f0f600d7f2371e,miracl_te,sae,pooled,0,q32_d128,2.4,0.0,,0.025707542093617086,0.00340305490146825,0.022304487192148836,0.0
2bc66f4a6bc68006f63d8218e8c9690598175cc0df2d6e8af2af8b8153d3f878,miracl_te,sae,pooled,0,q32_d128,2.4,0.5,,0.04842574513442069,-0.00012478201690113233,0.018262059175923145,0.03028846797539867
717120ac936a1f537dca06773729ae20d9478f6fe0566bb091ee49146cf887ed,miracl_te,sae,pooled,0,q32_d128,2.4,0.75,,0.06027151004886448,-0.0012381520778596531,0.014667441003244764,0.04684222112347937
33f0ea76a0afb4b88daeb4010d82fce51978d5df60289c670e0f5894abb7a911,miracl_te,sae,pooled,0,q64_d256,1.2,0.75,,0.06266149172087572,-0.0023149147432904235,0.022567168587545455,0.04240923787662068
5629b0cbe2d30381f06c6db64696e21f4eb1fe753a03c983fb8c3f9086b5890f,miracl_te,sae,pooled,1,q32_d128,1.2,0.75,,0.06574591654349166,-0.002687350367977475,0.02422299277138803,0.04421027414008109
cffe637d7709d5e10a9637bbdf7275faaafe5b39e71c582bb9fae3315a76f281,miracl_te,sae,pooled,2,q32_d128,1.2,0.75,,0.08100223559973013,-0.011875972538424127,0.03404425126443458,0.05883395687371967
66b7d13f6c704d14238c77880830284fbc3092ee68091dda17a10cae3f2f60c9,miracl_te,sae,token,0,q16_d64,1.2,0.75,,0.40539820281920647,0.010439907063771606,0.2831656074484643,0.11179268830697053
0067479ab525af077a65ea6a5b27da0eb91540df5cc60963fb246458e11d2738,miracl_te,sae,token,0,q32_d128,0.6,0.0,,0.530558782280645,0.008651293022515293,0.5219074892581297,0.0
9bbee74d6126e58f633d8b08db6c151a9c646ccbd9909912cb9e0527d5ab2a80,miracl_te,sae,token,0,q32_d128,0.6,0.5,,0.5248186181117886,0.02337081914428544,0.3918959978609259,0.10955180110657722
1019bce62f6aea70d1764b1f17fa9293de5c58f2f4e6c2f92c4a5e2f3a3bdf72,miracl_te,sae,token,0,q32_d128,0.6,0.75,,0.5206660995859977,0.006544929906951642,0.374388296942895,0.139732872736151
99d5b2488e0f426db0b65173162e631694eb1eb21a6ac1cddaea6e86c6248c48,miracl_te,sae,token,0,q32_d128,1.2,0.0,,0.5475121435061239,0.009447818997938473,0.5380643245081853,0.0
66e5ea4cfb661a066c495ea5325771b07e8384a188285ef8661dac5d53918790,miracl_te,sae,token,0,q32_d128,1.2,0.5,,0.5352513920327973,0.022641021558940707,0.4055557012391304,0.10705466923472605
328675214c6b586a4393eb07dbb4a3183d938414dcd6d0db6c6129d6d6474583,miracl_te,sae,token,0,q32_d128,1.2,0.75,,0.5304256384634012,0.007319877841280565,0.3869590100394601,0.1361467505826604
71b0629927a93aba9225af364817caef826d255a2cb3a27d796437748d9bed5a,miracl_te,sae,token,0,q32_d128,2.4,0.0,,0.568105032697416,0.015791921300725674,0.5523131113966901,0.0
3914d6a131980f48a4c75007090d95125f6ca6ba0f501adef4aaf3077905d06a,miracl_te,sae,token,0,q32_d128,2.4,0.5,,0.548845959436834,0.024761803800260086,0.41841698726474164,0.10566716837183235
3d6ea2928513f155391bcf5903a2aee71af03990d68cb4a243ab972c1f6beda4,miracl_te,sae,token,0,q32_d128,2.4,0.75,,0.5361459917971023,0.008528854865211403,0.3963390916385977,0.13127804529329312
f26efeafb7b0549c9a5c54d55fcfafe022eea6aa2b9982cec3d6eaf4bd4ab634,miracl_te,sae,token,0,q64_d256,1.2,0.75,,0.6007989875608017,0.0031164187634775253,0.4590059766030495,0.13867659219427475
8d197d8aaebb40750bf464072149bc788960d5cfa7ed00045cf1296bee47597f,miracl_te,sae,token,1,q32_d128,1.2,0.75,,0.5083825263022801,5.809134592425422e-05,0.371507335524557,0.13681709943179882
7285ee82f19a6f31490b6e0f7ed3a359760d6e7a4dc25aae6aa3de80f8450ddd,miracl_te,sae,token,2,q32_d128,1.2,0.75,,0.5200194833129106,0.00645385269417416,0.38749247043183277,0.12607316018690357
19c506aac8558d6aee05f820b065f3313bb424627875dce14780d7c94d4001d3,miracl_te,sae_shared,pooled,0,q32_d128,1.2,0.75,shared_dictionary,0.28490881480311653,-0.02201513328971069,0.18267350737572102,0.12425044071710618
604a47c70b5b28713837482176d00579601cf0142acb67340ac7b1ba8b9db0bb,miracl_te,sae_shared,token,0,q32_d128,1.2,0.75,shared_dictionary,0.5304256384634012,0.007319877841280565,0.3869590100394601,0.1361467505826604
0f756cc7137d479cfa0980202c60302b7992e8ce25ef7c2b698325b5cb5eb558,nfcorpus,gaussian,pooled,0,native,1.2,0.75,,0.15786205343267012,0.014840424556672213,0.039441845583318966,0.10357978329267892
81c463eef0271e2c332c6461b9dea2f4b8ccb78747ad000512bc301edce01378,nfcorpus,gaussian,pooled,0,q16_d64,1.2,0.75,,0.026816395828777213,-0.0012314123773171089,0.006805066640176277,0.021242741565918048
4e93218832b598cf1a29f77f41c04d1b770def61f64c2b13f12def50b177fa11,nfcorpus,gaussian,pooled,0,q32_d128,1.2,0.75,,0.0603764604243791,0.007661206214629212,0.015140841555023139,0.037574412654726747
e5c4386096f14cc192e6f36a03a4c4122fe21fa5f72a7bbc42300c9939cf7024,nfcorpus,gaussian,pooled,0,q32_d128,1.2,0.75,shuffled_idf,0.07701954338205161,-0.0014200619992325119,0.023332349424999847,0.055107255956284275
363551ce920869f4372bffe9b7f5a92224aa333f78aa442f359b3a71a03178f7,nfcorpus,gaussian,pooled,0,q32_d128,1.2,0.75,uniform_frequency,0.07653480150912567,0.0,0.0224474143740695,0.054087387135056175
de3a22bc4069ced3682ac353d5895aeb89ae3f70100bf358fd99cc7a95e36c6f,nfcorpus,gaussian,pooled,0,q64_d256,1.2,0.75,,0.10429245261192065,0.011912317065620612,0.024497061939568923,0.0678830736067311
3990f3ffeef7df300b38f6c51451cb06a58671be8fe209a36d81645e73ca00a7,nfcorpus,gaussian,token,0,native,1.2,0.75,,0.1170563039488735,-0.013286602206451458,0.05665703961335644,0.0736858665419685
9d8472f564e934e94bd72f7557ad71458ce8dc486bb0ee85d7ac7f600f2d2199,nfcorpus,gaussian,token,0,q16_d64,1.2,0.75,,0.021849792387943344,0.00037931263701220875,0.009355033391878745,0.012115446359052389
a7e90efdffdccff4dc6b8addd99f2bf084804a9202c7f6bef58bc19e96124ede,nfcorpus,gaussian,token,0,q32_d128,1.2,0.75,,0.04329834775953086,0.008337729804750813,0.015383522448227101,0.01957709550655295
655b70f6f582a33e676676a1c9ebe1d68ab01ee0342a1b21a66cceb0f1587c56,nfcorpus,gaussian,token,0,q32_d128,1.2,0.75,shuffled_idf,0.04490505349938618,-0.004574443899879134,0.025599011479384697,0.023880485919880616
b008c2df66e56832bb491f405de55d04f6ae1f07cb8dc1bebf9b55b1945d7940,nfcorpus,gaussian,token,0,q32_d128,1.2,0.75,uniform_frequency,0.05071355105886994,0.0,0.0245141324674719,0.02619941859139804
b1b14c9d8b531b2285179746ddf8b5a7543248481fb40d90bfa5156446557804,nfcorpus,gaussian,token,0,q64_d256,1.2,0.75,,0.07177835077568195,0.011997815967546167,0.022181137867488314,0.037599396940647484
c04b770f5f54e079f44cd17da617667082aa3ea415e82a9c8500f6f0eaff8ce1,nfcorpus,identity,pooled,0,native,1.2,0.75,,0.14317827282556395,-0.006635393003273454,0.03846927268109057,0.11134439314774683
1f5a55dea83172ad9514ba42567dd4cbe9ae45dbb96dd9a04d0eeed60aee3307,nfcorpus,identity,pooled,0,q16_d64,1.2,0.75,,0.045358980652095066,0.009723688735938681,0.016275789576739516,0.019359502339416867
07d9ad601571c21627deb54dabe3e70dbeec546e60c0fc4be1b8aa67db500735,nfcorpus,identity,pooled,0,q32_d128,1.2,0.75,,0.07488409350115145,0.0010232251333147698,0.02810007611261396,0.04576079225522272
d3e92a9febbbaacad9c4721b73d2028f41d3280ab9471673d3d12bb5c6073348,nfcorpus,identity,pooled,0,q32_d128,1.2,0.75,shuffled_idf,0.09348094395857465,-0.017507570994824008,0.04806538486427356,0.06292313008912509
59be0a58c844386a15c4f17f12a72023c2cd252c7f92dd807afc1bbbfa974411,nfcorpus,identity,pooled,0,q32_d128,1.2,0.75,uniform_frequency,0.11958850107042711,0.0,0.05174607162354912,0.06784242944687799
d42a05d01cbe75427ddc008c9ef1651d106baf6ab543c01bc27682305db269d5,nfcorpus,identity,pooled,0,q64_d256,1.2,0.75,,0.12523079308374355,0.0011776528000874316,0.0394178438083838,0.08463529647527232
01da4182e741eef403ab74e0a2266a0af3013f40dfceb5a0ea6683be84a8237c,nfcorpus,identity,token,0,native,1.2,0.75,,0.12865705409804395,-0.004598115826917878,0.05639062103628727,0.07686454888867457
983e8f2a4ad38e97f7542c3845f25807aaa899ec0b330a1eb6a433e5dcecef19,nfcorpus,identity,token,0,q16_d64,1.2,0.75,,0.02901655377755833,0.008351642045635455,0.010417434348695624,0.010247477383227253
2708fe9ddfca1347e9cdd0e8626a127fbed7396a31e2b389c663f20cbd733f4e,nfcorpus,identity,token,0,q32_d128,1.2,0.75,,0.05210250226560914,-0.0037180410689010256,0.030527229257553173,0.025293314076956983
8e06ca63a78c0ecf445849088727fa16c78f6a51405a551f738e58bbb3f02d96,nfcorpus,identity,token,0,q32_d128,1.2,0.75,shuffled_idf,0.06328427609486302,-0.018046075621045307,0.05160503005325801,0.029725321662650312
ea8768c3ad5306f7a93f03ef868b8236f322ff5367751fb4f18db62ff21d7827,nfcorpus,identity,token,0,q32_d128,1.2,0.75,uniform_frequency,0.08769333241006547,0.0,0.05430112372769772,0.03339220868236773
0a49e69929db11af980c7b5816b2dd248564e0e8701294c99183fa2875fcfbdf,nfcorpus,identity,token,0,q64_d256,1.2,0.75,,0.0983234712358137,0.008212145584062799,0.047131017740514,0.0429803079112369
2f4d69f2ab6801194c1b3ab5fe7a730966b584a2727893a64c1723cccb8fa475,nfcorpus,kmeans,pooled,0,native,1.2,0.75,,-0.00026390615890825933,-0.00028226678375815016,1.836062484989083e-05,0.0
8eba4aeb2900f2f4dc5bf9824eac2a50b4985aa6297e19d54ee98259d901beee,nfcorpus,kmeans,pooled,0,q16_d64,1.2,0.75,,-0.00026390615890825933,-0.00028226678375815016,1.836062484989083e-05,0.0
308dcd84afd600e9e966f2913409a0de6f7c6e98dc45b03d1d6edb2ed41ef548,nfcorpus,kmeans,pooled,0,q32_d128,1.2,0.75,,-0.00026390615890825933,-0.00028226678375815016,1.836062484989083e-05,0.0
55eae0d2c7deb8c214e37c64bbdb30ed241225ad9fcf91949c718be5de36138d,nfcorpus,kmeans,pooled,0,q32_d128,1.2,0.75,shuffled_idf,0.0,0.0,0.0,0.0
ea39bcfec798dbb6239dec1e0f42b603e08959eb95216f2b73e94f372240dab5,nfcorpus,kmeans,pooled,0,q32_d128,1.2,0.75,uniform_frequency,0.0,0.0,0.0,0.0
3820aa42a91b0a1e4b11d03a596a2bca01a3496a2c16e234a1f28c0e34c3e640,nfcorpus,kmeans,pooled,0,q64_d256,1.2,0.75,,-0.00026390615890825933,-0.00028226678375815016,1.836062484989083e-05,0.0
5013c29766e39c7749d30c41a7199182c90ab2ef9e153f6027e0b395f8db09a6,nfcorpus,kmeans,token,0,native,1.2,0.75,,0.10677832460135984,0.006069068723148265,0.09358704688540842,0.007122208992803141
9913575c9f0184600a4e7134ef6dd4cd8f24256b8c7a71a35c27ac0834c666e6,nfcorpus,kmeans,token,0,q16_d64,1.2,0.75,,0.07610528242571264,0.010410481104703351,0.060588177527117884,0.005106623793891397
fb1d6388ce926a168dc73d8ce0f30d8abbbabd972efaeb9f1b2eec76674f9112,nfcorpus,kmeans,token,0,q32_d128,1.2,0.75,,0.09699818514623874,0.009002431205466547,0.08285761162180434,0.005138142318967845
c24997a2b64255a2866524e9234c3dcb971b46895a38a0de9416873c16d267f1,nfcorpus,kmeans,token,0,q32_d128,1.2,0.75,shuffled_idf,0.09834416110880133,-0.0019400547123409881,0.09311148697445613,0.007172728846686176
74e705bf2af7e4d198fe0b6e446ddba655b201ea131a4d6cb4e427091bfec75f,nfcorpus,kmeans,token,0,q32_d128,1.2,0.75,uniform_frequency,0.09826709991176542,0.0,0.09262617978219534,0.005640920129570064
d2f3733a4a4261e0f5287ab570c2882b77eff1d6ebccfedb26d0dececa1b7a8d,nfcorpus,kmeans,token,0,q64_d256,1.2,0.75,,0.106974635193707,0.007019566494676842,0.09323857089325352,0.0067164978057766365
4e58d4b321a5efceb8a5fa57ebeea58284648cc26dfa04b80cf4ce40d9b947de,nfcorpus,pca,pooled,0,native,1.2,0.75,,-0.02056086853086562,-0.15901844630988676,0.08917715629290332,0.049280421486117824
22da90a306771055c7e6df129bca2fca66390e816424889adf43c774d04dfdf1,nfcorpus,pca,pooled,0,q16_d64,1.2,0.75,,0.003544420707727272,-0.032079322621502995,0.030740078219194274,0.004883665110035992
32b5e087edb750b9abcfd0d10bbb7b31e0ba5ffb439cdbde68f31ba7838ab2ea,nfcorpus,pca,pooled,0,q32_d128,1.2,0.75,,0.001033997087008999,-0.08375429771219906,0.06588896848539817,0.018899326313809885
d38ef1584ab9e5cab63b134bf6175959b8687ecdfbb90b0960632e8cf7da6e16,nfcorpus,pca,pooled,0,q32_d128,1.2,0.75,shuffled_idf,0.10333558519396306,-0.023406944509448274,0.09911822314691554,0.027624306556495785
377ec1e749c7ec957cab2ff737e55f35b4c9781b2e68a365fdf21f089737a807,nfcorpus,pca,pooled,0,q32_d128,1.2,0.75,uniform_frequency,0.13867294281086273,0.0,0.10774548906757495,0.0309274537432878
7fb9708d2dffe33fbe165adee1bf8e30909ef81d7c92a9f3fe066d39d353a037,nfcorpus,pca,pooled,0,q64_d256,1.2,0.75,,-0.014489559316662737,-0.1304214170693928,0.08517179169504131,0.030760066057688773
ab6e8613663be983b82d09c5c869523203b48b4291c918c5194d33d07f4dfa61,nfcorpus,pca,token,0,native,1.2,0.75,,0.07987438740062555,-0.07049702023167587,0.06092972773053656,0.08944167990176485
140345695b67bdfd8a571673a55aff1cc89d14b2942f79b442730a292c026d08,nfcorpus,pca,token,0,q16_d64,1.2,0.75,,0.0767785264241166,0.025979506704349977,0.03577241066011136,0.015026609059655263
b8cf7183658ff2f5369a6943d26079a8f59b4c2134e9c8e053ec86b895a0e314,nfcorpus,pca,token,0,q32_d128,1.2,0.75,,0.11700573885138335,0.03292447758150345,0.05554068790589256,0.02854057336398733
81f10d28048ea78e4442102a80fcdca244223788aca8840a664d9614c1608d03,nfcorpus,pca,token,0,q32_d128,1.2,0.75,shuffled_idf,0.11117013928402594,-0.027629535047603997,0.10828384350617404,0.03051583082545591
bef6beb06c0d64b38951134927fbcc4d7187bdbb2cecad777f2d71bdfc036795,nfcorpus,pca,token,0,q32_d128,1.2,0.75,uniform_frequency,0.13093367750972806,1.4034872020812772e-06,0.09663333462301602,0.03429893939950996
0295f8fedeefbb07c49cf795c7ff8f64c37dcafc41bccb1502a07423ec4bf6ae,nfcorpus,pca,token,0,q64_d256,1.2,0.75,,0.15918912898306709,0.02947297556543135,0.07976295947148437,0.04995319394615136
75f38547c737c6b15a67e09f447720275b7707648342a321b9e43dedc59c0e54,nfcorpus,pq,pooled,0,native,1.2,0.75,,0.003145020896383601,0.003145020896383601,0.0,0.0
352b451e9380ebcc505dd173a657afdc939cf185dc535f067dac8ff386fda1b2,nfcorpus,pq,pooled,0,q16_d64,1.2,0.75,,0.003145020896383601,0.003145020896383601,0.0,0.0
65a52d33827b16ce5e0d99b90b10aeeb69f47fc210fe5f99af7daf66fd1cf4a3,nfcorpus,pq,pooled,0,q32_d128,1.2,0.75,,0.003145020896383601,0.003145020896383601,0.0,0.0
69db574811e4e2830310a3ce572b41c98b64316bb7ac1f7f4390ce076f85ca0d,nfcorpus,pq,pooled,0,q32_d128,1.2,0.75,shuffled_idf,0.0001047725961808195,0.0001047725961808195,0.0,0.0
6b1c2e8d4d1d47ba388fcf6fec8b51ddc55352b333e9443a9da19c16f6e78730,nfcorpus,pq,pooled,0,q32_d128,1.2,0.75,uniform_frequency,0.0,0.0,0.0,0.0
e5d38edb1d8e3c4e99b21514ab9f1fe7f4616812a10bb59944fb987cc41e509f,nfcorpus,pq,pooled,0,q64_d256,1.2,0.75,,0.003145020896383601,0.003145020896383601,0.0,0.0
0548e69b075c9c24fef13cf705492863232641ec6aa927e54247b621db102856,nfcorpus,pq,token,0,native,1.2,0.75,,0.07653744595973731,-0.001993124992230111,0.07086105139475896,0.007669519557208464
ca3344efd22b9505a7edc04815061adcedc73cb2739dc4c1668ef653ee1343df,nfcorpus,pq,token,0,q16_d64,1.2,0.75,,0.03165530482058555,0.005756294596776979,0.021557756941859085,0.00434125328194949
19f632a097a4222358e75d66051598f70e3b68c006e3002df634779fcf905c2f,nfcorpus,pq,token,0,q32_d128,1.2,0.75,,0.04850045708257501,0.004334464919404639,0.039174484609044324,0.00499150755412605
317b23e6925b645d30de3455b2710a43f40992f36586563b4418f21558dc694f,nfcorpus,pq,token,0,q32_d128,1.2,0.75,shuffled_idf,0.04915216158216636,-0.0031768673836778368,0.04676017021071045,0.005568858755133739
496b00894b7cd10cad032d61881ff8fc4d3b1b17dfd8a2618218f1bdc10979bc,nfcorpus,pq,token,0,q32_d128,1.2,0.75,uniform_frequency,0.052758830713477214,-5.444881225787068e-05,0.04706076018517097,0.005752519340564116
5143f8ffb6396a3e1a127ac992f675f4fdbcc6a5d08f36ebc91ffff257d9a6e0,nfcorpus,pq,token,0,q64_d256,1.2,0.75,,0.07190598247488279,0.0016939863754277134,0.06293943545175187,0.00727256064770321
28727418374e67eaff5dd3458e25e74b3e69e3a82361cb80830521633b01473c,nfcorpus,rq,pooled,0,native,1.2,0.75,,0.022474144109482355,0.022474144109482355,0.0,0.0
4a6ab2cbb39b25daa89d47b40c176ab1e7a3f25b116e16378cef61c665dd25e8,nfcorpus,rq,pooled,0,q16_d64,1.2,0.75,,0.022474144109482355,0.022474144109482355,0.0,0.0
a5430bcca275a278d4eaa4c588e3b8bf7dbd3ab4d6b4fc854a119b4668034d84,nfcorpus,rq,pooled,0,q32_d128,1.2,0.75,,0.022474144109482355,0.022474144109482355,0.0,0.0
3af9fc2e95b9328e6964e0ea68358711024d771d312fffab755ef7a85c1bba51,nfcorpus,rq,pooled,0,q32_d128,1.2,0.75,shuffled_idf,0.005724905423635018,0.005724905423635018,0.0,0.0
fa23c1731f6add59e69754ecd4b4c3e3d3d387d57eda76352d686ddb2bd4636c,nfcorpus,rq,pooled,0,q32_d128,1.2,0.75,uniform_frequency,0.0,0.0,0.0,0.0
1229d1d33c6321a2230a837d4d5040b054907e4e1627beaed27a6871ad94915c,nfcorpus,rq,pooled,0,q64_d256,1.2,0.75,,0.022474144109482355,0.022474144109482355,0.0,0.0
3d7c287ba7070577743cbfada4aa1eac9818c636a76849b9bc5abed54273961a,nfcorpus,rq,token,0,native,1.2,0.75,,0.10242118456164209,0.0038850057662541725,0.08980713237787383,0.008729046417514088
a2e71979d15d0c6e555f88d09064e9060b1d3a080b6ae593e7abcc9a2aaefac8,nfcorpus,rq,token,0,q16_d64,1.2,0.75,,0.06794588760760226,0.004491180106007492,0.05571942774291558,0.007735279758679187
a09a11df33c73e76d1e2bec119ef3c9889ed59dcdd62145e3029e1fcf52c3290,nfcorpus,rq,token,0,q32_d128,1.2,0.75,,0.09009377202882049,0.007670119767057253,0.0748519953548386,0.007571656906924642
f92c18b45a502d9c5f961950408675b935870d5f15ede2ca7545abd0a7ea4789,nfcorpus,rq,token,0,q32_d128,1.2,0.75,shuffled_idf,0.06437644141910889,-0.0210455896403991,0.07448258888031914,0.010939442179188852
2e1340ac17a7fe2f32e0d277d96743eebf026ad123cb32674dbbef374f182516,nfcorpus,rq,token,0,q32_d128,1.2,0.75,uniform_frequency,0.08595672731091364,-5.43296684954823e-05,0.07422564233023833,0.011785414649170784
d9c928f0f542d6fcc8a4f70821dd78372d609770f07bc02bbb2f11c76bd4a16f,nfcorpus,rq,token,0,q64_d256,1.2,0.75,,0.1015477957190942,-0.0001142165737551366,0.0910692014397817,0.010592810853067616
4676de72b342d6944ce729cfc856d982e145dcbe47e231caf8cc44a1f821f8e8,nfcorpus,sae,pooled,0,native,1.2,0.75,,0.00023697369460123907,-0.006473024940910466,0.0017926955879874566,0.004917303047524248
715ba6ff6a7e20ec006ab1d44350a6788b99ea2aa048e58636eb7f391c622689,nfcorpus,sae,pooled,0,q16_d64,1.2,0.75,,-0.002465389210928176,-0.00832764045175852,0.0021069366648355744,0.00375531457599477
e519efc9be178a6151cc12a1bc3520c5cec76a27f1bf92547cb0a94e910451ec,nfcorpus,sae,pooled,0,q32_d128,1.2,0.75,,0.00023697369460123907,-0.006473024940910466,0.0017926955879874566,0.004917303047524248
160b3a6aaeafa1f3fab3710984c031e3ec5e753f082149be2f2dd310b39e94e6,nfcorpus,sae,pooled,0,q32_d128,1.2,0.75,shuffled_idf,0.0059202525242680465,-0.00245581857541507,0.00343091026670912,0.004945160832973997
95e86d4470b95addb44e4708e5d5a12698d86bc4e14c691d35e870fa8cc791ec,nfcorpus,sae,pooled,0,q32_d128,1.2,0.75,uniform_frequency,0.007440708309398081,0.0,0.0021305055028214143,0.0053102028065766665
73e6876572cb10169933e45f4ec2322d8304fed346f83e62ee0495018ba8979c,nfcorpus,sae,pooled,0,q64_d256,1.2,0.75,,0.00023697369460123907,-0.006473024940910466,0.0017926955879874566,0.004917303047524248
f8d761b24f0d5d3f1fc017e577b592acb2d8f2d3d59193f7febea475211920ae,nfcorpus,sae,token,0,native,1.2,0.75,,0.12576609316046294,0.011984512100200045,0.09411450651831042,0.01966707454195246
1af4807baff343f2c1e9913d9bf683ad035c6bd88be2f67d8befe3afb154dde7,nfcorpus,sae,token,0,q16_d64,1.2,0.75,,0.08063592482857224,0.017999650260409995,0.04709305827460297,0.015543216293559264
71f4d1247f34bba7227a94744900bd4f32d1eb6cee72f299b698a4448c7cb8d8,nfcorpus,sae,token,0,q32_d128,1.2,0.75,,0.09889379803254295,0.01803638522186795,0.0643047240186856,0.01655268879198938
10ea4c7ad8db5c16c4834455c88473d7733d94e7fa839d87c79372002b1593ee,nfcorpus,sae,token,0,q32_d128,1.2,0.75,shuffled_idf,0.08350274388434414,-0.013359564890792725,0.07798377159730892,0.018878537177827944
0201ec140f198293c66c02c8b0979f153ef3a6426f0c06898f94b49247f70689,nfcorpus,sae,token,0,q32_d128,1.2,0.75,uniform_frequency,0.09737722781031072,0.0,0.07689485721489739,0.020482370595413316
c081d8bf6cb75e8b4dac40c0edb2643a8801d5f438c4fbd3ffb401c372631699,nfcorpus,sae,token,0,q64_d256,1.2,0.75,,0.1134107326539052,0.015213398847647793,0.07990171795760642,0.018295615848650974
c530f11a34b33c087140d17b08edbb5662cd0c35c37161a86e3976d40394b6d3,nfcorpus,sae_shared,pooled,0,q32_d128,1.2,0.75,shared_dictionary,0.04454658760467875,0.007900590401056996,0.025861512057846245,0.010784485145775504
c7ad93ad253939565f3242e84d8cc11e6c2a7643e69ef6a6a1df4e6b5567aa3c,nfcorpus,sae_shared,token,0,q32_d128,1.2,0.75,shared_dictionary,0.09889379803254295,0.01803638522186795,0.0643047240186856,0.01655268879198938
b969df1fb09d0f6e3d80dded5fcef6ab42b5ece42b573fe5784912a67994f101,scidocs,gaussian,pooled,0,q16_d64,1.2,0.75,,0.007720644573747452,0.0010894993046171337,0.0009448693277073343,0.005686275941422984
58ed75685abc281c8d3d55e3ab280243b48afb69b447f24068ea0acdea18c6cd,scidocs,gaussian,pooled,0,q32_d128,1.2,0.75,,0.018814209759983515,-0.00021972475642838317,0.0038939628711704864,0.015139971645241411
514bf62a2bff2e8466709cd794c9a52a8346087ba0d9537d7e49efe1ae31575a,scidocs,gaussian,pooled,0,q64_d256,1.2,0.75,,0.032076633188697606,0.001417445067466526,0.007705270253079854,0.022953917868151222
2c42f29f214b640ba2cabf28a917a126d3b68a01e9bc21cc57a1946e63300eff,scidocs,gaussian,token,0,q16_d64,1.2,0.75,,0.010674998830400588,0.002112852125385271,0.004832694715787161,0.0037294519892281564
2affdc110218d94cfad1b8c14be31d05d5830011fa052908b298a32929107a01,scidocs,gaussian,token,0,q32_d128,1.2,0.75,,0.021511336773517967,0.0006634854561073113,0.011427934238852104,0.009419917078558552
d9c1803cc780a95867d7f68557968504c092f41910ad4866726c2ce23c172e2d,scidocs,gaussian,token,0,q64_d256,1.2,0.75,,0.02981933017490152,0.0012324956987922282,0.013163360471551162,0.015423474004558126
b413f6fc19e1b340885c29872d08c37a06b0c16284b66c560c025ace6a9ef2af,scidocs,identity,pooled,0,q16_d64,1.2,0.75,,0.010017276314449559,0.003543694920223905,0.0022765843784549535,0.004196997015770699
5872d7eb2e3269360d58e0e58ffcf4e25a5ecdf160858e8fe8f28036f3702ede,scidocs,identity,pooled,0,q32_d128,1.2,0.75,,0.0357949347124675,0.008559098871296533,0.010256613195071885,0.016979222646099083
c817492f05f7012949bd48ba368f401b5f5c5aaf341fabf9127248798bfee738,scidocs,identity,pooled,0,q64_d256,1.2,0.75,,0.06335655221598327,0.012965127412081187,0.015572233561885534,0.03481919124201654
8d152190d6eb207f978e524fa3cf6a3ac0d1dc4467d0f3d2474a49aae22a8c81,scidocs,identity,token,0,q16_d64,1.2,0.75,,0.010222971595298287,0.0023721977276091356,0.004961638539109847,0.0028891353285793032
4210ab9af3b783ce4af8ad60f650995aeae777d57bf08bf2dec4a1f0a8ded432,scidocs,identity,token,0,q32_d128,1.2,0.75,,0.036991869136489414,0.0074598270561125725,0.01898430023981241,0.010547741840564426
7a69b1a0458fd49474de30c2a6208db82a29e9935300f8a4251377992667abae,scidocs,identity,token,0,q64_d256,1.2,0.75,,0.06574989870615187,0.00881703100846358,0.03462491970105158,0.02230794799663672
cbdb9ece67ad40417f872341b5006f39867b7a807b93161b9c89153b944c96ec,scidocs,kmeans,pooled,0,q16_d64,1.2,0.75,,-0.00043298240809030823,-0.00032850706143911374,-0.00010447534665119444,0.0
2666d627bb79ffe12f2005c95fccf7022952784671cbab1ba59f7300123f4ead,scidocs,kmeans,pooled,0,q32_d128,1.2,0.75,,-0.00043298240809030823,-0.00032850706143911374,-0.00010447534665119444,0.0
acdf912fe2a6a81b1805bb13f8a1d97fe250f4f97d12a10a34394dc05bc44804,scidocs,kmeans,pooled,0,q64_d256,1.2,0.75,,-0.00043298240809030823,-0.00032850706143911374,-0.00010447534665119444,0.0
ac83fc4cd0efa0ad86d1c40433d9b028ece31548ef6146670efc81983703d00e,scidocs,kmeans,token,0,q16_d64,1.2,0.75,,0.04671587380379624,0.008274169408489422,0.03423373659518799,0.00420796780011883
e9f979262c755c4b52f96264a9a961e438c97a8baa9785fac55d76cd94ad1115,scidocs,kmeans,token,0,q32_d128,1.2,0.75,,0.06958779716797489,0.011533503759676876,0.052083434054483055,0.005970859353814953
5db57e3a52e97b3c9c5db0affc1d68c9398c7779ef783ace0af6cb9917e81d13,scidocs,kmeans,token,0,q64_d256,1.2,0.75,,0.08260670898792818,0.011335547637846421,0.062195570265822994,0.009075591084258771
f9fba47f4457464c5376c9d09fb98bd39545cf85d810695e679299ed03dd5b32,scidocs,pca,pooled,0,q16_d64,1.2,0.75,,0.003489199723857238,-0.0033423676334745694,0.006567079532275663,0.00026448782505614443
1b3eca8158c4a5dbd2def3e2592ae4d5bfd211cf60e23db5688c6f2c9a4b19bf,scidocs,pca,pooled,0,q32_d128,1.2,0.75,,0.0058155580663564,-0.011930646362431543,0.014251562369743318,0.0034946420590446217
77dad5c7b6a1ad05e1573dbc2806d2d3086efaf58a4914371ea277ec43030f9b,scidocs,pca,pooled,0,q64_d256,1.2,0.75,,0.008525463665956756,-0.022344042426029623,0.022162254376678743,0.008707251715307639
1274f244b9c1ccfda7a4a1c67589be574321aae76af4fe5157ef41d383ec3a69,scidocs,pca,token,0,q16_d64,1.2,0.75,,0.043387531015740846,0.011905764629538622,0.023434468764765952,0.008047297621436269
1b237f05b4530ed40aa7d384bd8d80fa99a9ece4971242ec08ac46e1c0e03f4e,scidocs,pca,token,0,q32_d128,1.2,0.75,,0.08409739793049995,0.020706999482303624,0.046443714831447894,0.016946683616748417
a5580c83e96a8ba8172dd56edad4e36a1962458bbe39a48598add875c7968244,scidocs,pca,token,0,q64_d256,1.2,0.75,,0.11991451574539586,0.02177684823100594,0.06996494300724279,0.028172724507147126
6e01d3254bf598755330b834bc4d272cff78e376e1e95cfba95a5d637b0b1464,scidocs,pq,pooled,0,q16_d64,1.2,0.75,,0.0003527044229817058,0.0003527044229817058,0.0,0.0
33eaddb9c02b0056ba77a9ba81625683c0270d5a48d47ec69fc6a3e66bc332c6,scidocs,pq,pooled,0,q32_d128,1.2,0.75,,0.0003527044229817058,0.0003527044229817058,0.0,0.0
e90e06917ccb1f2781f2a94669b76dbdca89d3143ab5034c509d7b8874f975a2,scidocs,pq,pooled,0,q64_d256,1.2,0.75,,0.0003527044229817058,0.0003527044229817058,0.0,0.0
1a5634afba8405683857df1e4f6710b8654e4120f7790cdaec6e70f538675449,scidocs,pq,token,0,q16_d64,1.2,0.75,,0.024261581892367802,0.00216669250234181,0.01947757486156884,0.00261731452845715
85d8abde1dfeec239bdc2b12e867e2fdd8b4feb67c23068ee20b3cf12a719455,scidocs,pq,token,0,q32_d128,1.2,0.75,,0.04246585777135661,0.0033320962505562577,0.03425546881679494,0.004878292704005415
27b08d1cf4bb05bb8f7140430fe9d9a84cb6770458d5896579742c5b444007a9,scidocs,pq,token,0,q64_d256,1.2,0.75,,0.06005129677716062,0.002803291602339418,0.047091940152990244,0.010156065021830947
511cd521ada44dca9621bf5dc1d7894b5959c8875ee19486a23c72fd978eb664,scidocs,rq,pooled,0,q16_d64,1.2,0.75,,0.0034452802089428667,0.0034452802089428663,0.0,0.0
33d80bc75992e758d713139f4d82fee15437301ce682c71f712b0e2e3456b76e,scidocs,rq,pooled,0,q32_d128,1.2,0.75,,0.0034452802089428667,0.0034452802089428663,0.0,0.0
9ea3af4f879f2bc988f77dd1e9270ae3ba2592e8b626ac0b1fb05d9baa78a2df,scidocs,rq,pooled,0,q64_d256,1.2,0.75,,0.0034452802089428667,0.0034452802089428663,0.0,0.0
f6ae6b4680568cdda672bd736b1c4adf8d2f73137dfb6b144ebe09adacad40cf,scidocs,rq,token,0,q16_d64,1.2,0.75,,0.05507429045051918,0.0015049242454449445,0.04129213416239087,0.012277232042683368
e2d1d1e744dbda766aae6c5a0d6d395b59228774479f686a18578194b75c9594,scidocs,rq,token,0,q32_d128,1.2,0.75,,0.06276591716438362,7.149297885300954e-05,0.0470262691923883,0.015668154993142308
8efbc4063c7a1f992fbe8c269526790e533f163e66bca2fa90ce4dbb684629e8,scidocs,rq,token,0,q64_d256,1.2,0.75,,0.07440084876496382,-0.00048015154118486716,0.05404596967081202,0.02083503063533666
24d09e44205d3eaa2352e87f4203cf51da63ec1f85e6bfa53e1071dd2a687200,scidocs,sae,pooled,0,q16_d64,1.2,0.75,,0.0038941364411903424,-0.002315073907804156,0.0016987319870041611,0.004510478361990337
0c4f859c1ab97b3dc56be0f59f4ea1f4c8a96036ac216d153eb24a7741040086,scidocs,sae,pooled,0,q32_d128,1.2,0.75,,0.0036369518288018893,-0.0033772797021640027,0.0019417357064640361,0.0050724958245018555
c67218ed10c67a32fb553a8bce2365e25ecf44c4feaf49e0ba98d05a9c719d1b,scidocs,sae,pooled,0,q64_d256,1.2,0.75,,0.0036369518288018893,-0.0033772797021640027,0.0019417357064640361,0.0050724958245018555
1acd5d116613a89898a2322ca541d76fb0eb4a5da74eaafdd19c3f8ccb8b785c,scidocs,sae,token,0,q16_d64,1.2,0.75,,0.06995877025113686,0.009934501831309344,0.040924753238219556,0.019099515181607976
47b0aace0aae7f9683d7693930d06c3ed45e4ea5859304db9596bde7da013a1c,scidocs,sae,token,0,q32_d128,1.2,0.75,,0.09556131162474206,0.01452671175534908,0.05887665113970429,0.022157948729688685
70c6269114376d2e08467586bb84b5f2f91be37f58b93008a76d84d58928f3d6,scidocs,sae,token,0,q64_d256,1.2,0.75,,0.10387099137963561,0.013539512402059648,0.06717090963621071,0.023160569341365244
cbc0050bb5e5537ccc26c6d30d3921b2fe44af65ebe866429a9eb7683940664a,scidocs,sae_shared,pooled,0,q32_d128,1.2,0.75,shared_dictionary,0.06329709551688081,0.0016960048242755238,0.036369767976914893,0.025231322715690375
b709853e7afc197c3639f1a13bad6a8c1543414f5b8fef913f9607f8d0113359,scidocs,sae_shared,token,0,q32_d128,1.2,0.75,shared_dictionary,0.09556131162474206,0.014531963039299907,0.058874025497728875,0.022155323087713272
477a1ea8bd67225aa3ebe8eafeddac7b4efe762d7979d7f1d97537522ddd66e2,scifact,gaussian,pooled,0,native,1.2,0.75,,0.42070558572387895,0.06104759029387792,0.09780635975552154,0.26185163567447944
406826f1d7bd8929be107c8d6c9cc4c176e28a44298ca5635924c41377b4813c,scifact,gaussian,pooled,0,q16_d64,1.2,0.75,,0.049430987358421496,0.0017179091307709705,0.01586365749412438,0.031849420733526146
b82e67062d445a8bd5ffdb5d906f5b8b7422fee8f40afd9e476abffe1ccfd6c7,scifact,gaussian,pooled,0,q32_d128,0.6,0.0,,0.056236494939454276,0.004403567102791378,0.0518329278366629,0.0
b1aac8212041848eae1c5238a9c79b6266239b276c6ed0afc24eca180d9ed79e,scifact,gaussian,pooled,0,q32_d128,0.6,0.5,,0.06457240078736093,-0.009626726822895155,0.03950743339156775,0.034691694218688326
251cb0fbb2293a56e6e1294fc76a2bfb6f807427055d88032ad872180ade53ca,scifact,gaussian,pooled,0,q32_d128,0.6,0.75,,0.06414577760812669,-0.02484678306969474,0.02711267168020387,0.061879888997617566
65e4bdbd30ad3fc6d2b52ae40f7aa33f3dc6ae7a6f9d37e77cb3ec7d1e2b7af5,scifact,gaussian,pooled,0,q32_d128,1.2,0.0,,0.055278450980642865,0.008571435315468468,0.04670701566517439,0.0
86751a4cb54a3641413a9ddd16a3b2de5d4cda23a175c6523cf0a626bb8e3643,scifact,gaussian,pooled,0,q32_d128,1.2,0.5,,0.06381920912797379,-0.01228831620558919,0.03789867616747694,0.03820884916608603
ec2159dd88a1d1a824e36c36a06cf877c08e5372ea723f63b4a325fe96c830f0,scifact,gaussian,pooled,0,q32_d128,1.2,0.75,,0.06936290924258746,-0.02782063644383442,0.028645208098759842,0.06853833758766203
d765b41cfaf69492bfa6ccabddf1543e10bb211e7be87a5ae034295b94707591,scifact,gaussian,pooled,0,q32_d128,1.2,0.75,shuffled_idf,0.11882130284943865,-0.020679292966088544,0.04198715764359741,0.09751343817192977
5ac735d1f9dd4dd7d81daf9ff7a70109b85efdee77611190955ba98c5783ac46,scifact,gaussian,pooled,0,q32_d128,1.2,0.75,uniform_frequency,0.15359385049787927,0.0,0.04866344115091434,0.10493040934696493
2980ad93551a7f62c556d4254695fd3735ee1bcb7aa84931539e2a8a69497206,scifact,gaussian,pooled,0,q32_d128,2.4,0.0,,0.051317761525878774,0.021163731521009612,0.030154030004869155,0.0
c9445e8355f7239b6d667b957ecc160ef8488d307a3b063d3f72017873dfa505,scifact,gaussian,pooled,0,q32_d128,2.4,0.5,,0.06518580306691263,-0.008238012537566074,0.02828032847278219,0.04514348713169651
0cd53c589b12739aba8031d96cfc1be3a4d2fd126f33816907e489853e7d9158,scifact,gaussian,pooled,0,q32_d128,2.4,0.75,,0.07565825335503323,-0.029759805115527956,0.024485971660676877,0.0809320868098843
04ae82f355b16718c3708c98c66b467562bd862fa80ed50c5f064fa5302b9a8d,scifact,gaussian,pooled,0,q64_d256,1.2,0.75,,0.13550942133587854,-0.042421642282480694,0.03743240034688046,0.14049866327147878
2b8de7f5439cfb7bbab5b487a41f1bad6f60780bf9b709abd6e2431a848da6d5,scifact,gaussian,pooled,1,q32_d128,1.2,0.75,,0.10034461204846568,-0.002573865847259913,0.02014845383676577,0.0827700240589598
f85a63ec567b8baedd7f23a6ea624b7b1705f3785ce5c7d26258eace0173c9c4,scifact,gaussian,pooled,2,q32_d128,1.2,0.75,,0.08305539645750534,-0.03391820398544814,0.026273310699290862,0.09070028974366262
1c09bc121b2aa4686370b533147d28258e090b92d63aef1732b21f531ac00338,scifact,gaussian,token,0,native,1.2,0.75,,0.2400835567950087,-0.0029692076323247357,0.11143059671823091,0.13162216770910254
6ddfeb77b80c14bc179c4c0f815a698cca88de6ad273f9674f72a9d95bef8413,scifact,gaussian,token,0,q16_d64,1.2,0.75,,0.04489248104473193,0.008178670490601388,0.010754968638803025,0.02595884191532752
788e53354948f7aaa15b2bba4344ec616fc49e304e6d3248604462877145d6c3,scifact,gaussian,token,0,q32_d128,0.6,0.0,,0.06325166085624236,0.012751187374116374,0.050500473482125975,0.0
321e05e39a1365925813eb5b1ded5319e22a5b37a711f302292aadb31260c1db,scifact,gaussian,token,0,q32_d128,0.6,0.5,,0.06876016456643154,0.00775470752179613,0.03801515307595001,0.022990303968685396
1206a14e37e474e6ee20dcf62e82145863210c2a978ebd96fc7e7906745831eb,scifact,gaussian,token,0,q32_d128,0.6,0.75,,0.07364327394471967,0.0008255752461115862,0.027405097110324718,0.045412601588283356
1b4dde9329be608e4414e34a27d84c1ce391499e1b1a2032be999c90b93a3c8e,scifact,gaussian,token,0,q32_d128,1.2,0.0,,0.06136145245903732,0.01427834329175498,0.04708310916728233,0.0
52216d6e74c99085de4e9c57dc2cf8fe972e73dca586ccd4ad7442d7b9899765,scifact,gaussian,token,0,q32_d128,1.2,0.5,,0.06964895032883085,0.007315112118386782,0.036970661501432515,0.02536317670901155
ba5e99b23b43ef4244001f48c15441790b15937d81d53ed6cb0feacdcf5c256b,scifact,gaussian,token,0,q32_d128,1.2,0.75,,0.07216751520084937,-0.0013666404020137822,0.026054643405030428,0.04747951219783271
4caea4223e47760ce0f8dbce7cb680d4415536e808eb70fed6b04a0978ba2ec1,scifact,gaussian,token,0,q32_d128,1.2,0.75,shuffled_idf,0.09196316806468693,-0.01756901136785881,0.05309782702806349,0.056434352404482246
3333ed614c6185c10bd773369fe79e4cf9f30260c4aa8bdb5938767da2d711cf,scifact,gaussian,token,0,q32_d128,1.2,0.75,uniform_frequency,0.12438504343957497,-1.2707696541489528e-05,0.061247839851432,0.06314991128468446
09e3f9f1298497f05eb64f622e7ae56a16f2e768fecfd9245ebe562255708ba5,scifact,gaussian,token,0,q32_d128,2.4,0.0,,0.060321524601363294,0.0167253716283971,0.04359615297296619,0.0
f4812713cbd24548d3832ab8ac38306926b8cf25e1776014da128f8977626a41,scifact,gaussian,token,0,q32_d128,2.4,0.5,,0.06905133239149783,0.008380494125120378,0.034395683432241135,0.026275154834136314
2d5654b9520f84f66d1ee47271a3f2fe76cfa13138af690b3c5a1e67580f796d,scifact,gaussian,token,0,q32_d128,2.4,0.75,,0.07225864011206742,-0.0036565296266852787,0.025501672375817137,0.050413497362935565
264bd197ebc9aa4777810df66cee784064600ec232dd81a1c97f7220c27f05cf,scifact,gaussian,token,0,q64_d256,1.2,0.75,,0.11421979106189228,-0.012831396867599702,0.04441558992777439,0.08263559800171759
1f0682439ced9d67e515a1f8f884a55fb275a3b75a72a4cada5c31fe589a65e1,scifact,gaussian,token,1,q32_d128,1.2,0.75,,0.08113550511514116,-0.00032787862189295226,0.029891947244011396,0.051571436493022704
692ab8b33956b5f758c00f67ec6418dd8290e4006ffa8374d5ce9bfb6ce5caac,scifact,gaussian,token,2,q32_d128,1.2,0.75,,0.04366931233249141,-0.038254202623410366,0.026289165905152914,0.05563434905074885
a3290645594d588e371ef5c0753214adb662f0aec8bb7595a964f3b1590fe065,scifact,identity,pooled,0,native,1.2,0.75,,0.40724957672387235,0.00524258830545378,0.09776711762582267,0.30423987079259585
0d0702583ae04e278ed5501342e3bec45872ccfad92efa8f1874263c78d34fb8,scifact,identity,pooled,0,q16_d64,1.2,0.75,,0.06919676912468586,0.021866014183900963,0.015690098822849725,0.03164065611793517
f3b3db411c2c77b0614ecb593f121de7dc69c0f527e3592dbb14ce5733b41eb2,scifact,identity,pooled,0,q32_d128,0.6,0.0,,0.16266124921807162,0.0687788940679213,0.09388235515015034,0.0
25926b179c0a73dd1ebbba70c73dabffc91f83bb3b8c3c62e4af0fd8ba1acdb6,scifact,identity,pooled,0,q32_d128,0.6,0.5,,0.1670358152798651,0.05269897860632719,0.07101443618201203,0.04332240049152591
09c1fd57079437fe5ddcd248e4f1803c0bee429a785897c57bd2d6e098a19d4c,scifact,identity,pooled,0,q32_d128,0.6,0.75,,0.17133925406297112,0.037929083161985636,0.052401429285808473,0.08100874161517703
f353d4b20290b39524be9265848f8a866710b430df4ce8f9632952ca52854473,scifact,identity,pooled,0,q32_d128,1.2,0.0,,0.16088619168742158,0.08129386535957082,0.07959232632785077,0.0
bba9c220fa4ef00936801b368097a01fcff283bf8cb2a27efbeb90003d7602b6,scifact,identity,pooled,0,q32_d128,1.2,0.5,,0.1739014572344088,0.059449188505980244,0.06392713779830755,0.050525130930121
bc38476c2df7e94ccf2d2a639b4c1f061606d920dc9a2cd59bdeb7ceb7158025,scifact,identity,pooled,0,q32_d128,1.2,0.75,,0.17874047324032916,0.04308867561609693,0.04637722823628203,0.08927456938795017
f832d45a7a18a551657412e7d5a899aaf2bfb4544945583a3cc4703e7c6170f1,scifact,identity,pooled,0,q32_d128,1.2,0.75,shuffled_idf,0.16494667602403446,-0.031292762941007496,0.0788622361301268,0.11737720283491516
58e13adda2d4e9428f309c24feeffb6f53fbd872b97febf58a43e5accff733ce,scifact,identity,pooled,0,q32_d128,1.2,0.75,uniform_frequency,0.2111195838725105,0.0,0.08363982474108644,0.1274797591314241
ba43afb1525cd786fa8b72b45c66fc7b5cae33b48a8536de642637fe444315db,scifact,identity,pooled,0,q32_d128,2.4,0.0,,0.15713296026838713,0.10199826585225537,0.05513469441613173,0.0
3cfc32028a438e32d3823a748deebee468fd16e919244a75162744598be55c27,scifact,identity,pooled,0,q32_d128,2.4,0.5,,0.18071615695345034,0.07129648801356661,0.04918202194817563,0.060237646991708096
63d23440607af5a1d8f58e36d80d6e101022aad5bd24046874688ad2964116e1,scifact,identity,pooled,0,q32_d128,2.4,0.75,,0.18605582659993763,0.049705452068198624,0.03449770073417591,0.10185267379756308
57d5a0f567a923023cd30a17630f443fd427b18e9fed1ace929bbb0429cf4c89,scifact,identity,pooled,0,q64_d256,1.2,0.75,,0.29611891285448994,0.037382124315320016,0.08327677306672637,0.1754600154724435
75d42a715ce4b8b773637a7776ca3b11e4c9d1508b69296aa1ed4e12f3b54581,scifact,identity,token,0,native,1.2,0.75,,0.2228730010694485,-0.044402575314785676,0.12117795315187675,0.14609762323235745
4188ff0805546e6fd64b8110c7385f0850b909da966e4414a022e5281ebdd5f1,scifact,identity,token,0,q16_d64,1.2,0.75,,0.05815338548413029,0.01597217087279651,0.013133695932606208,0.02904751867872757
e37c910ea671c9386ae5df86ef1a70db11d0cf112f9d7f4ff0322e2bbc175677,scifact,identity,token,0,q32_d128,0.6,0.0,,0.14255501959200048,0.04270692071267166,0.09984809887932881,0.0
ee2404774a3e5242279d040779a045ed04adf58fc090fe7b1927cb21898291a7,scifact,identity,token,0,q32_d128,0.6,0.5,,0.14093497154888446,0.037571835085656015,0.07033082345780094,0.03303231300542749
1a80a3bc7163b626cc2916d9e0e316ce9639605ff613fd020c40462c4e09f0ad,scifact,identity,token,0,q32_d128,0.6,0.75,,0.14029926753663127,0.028217165589701325,0.04766401437151502,0.06441808757541492
9aeeef0a6d54d4f874d413932716210bd006e2bafc9f392cd9411de36c3c3614,scifact,identity,token,0,q32_d128,1.2,0.0,,0.1432168627927597,0.04336063627269359,0.09985622652006611,0.0
2eab54b0f3b84faa68796a2049391d6964297a0f5360499fac511d744795e042,scifact,identity,token,0,q32_d128,1.2,0.5,,0.14498178451925586,0.038223490684879076,0.07203246596374376,0.034725827870633025
b0f30508a4c5caa9dc33f80a0376337f3bf2c71b90ebbaa14469e531839e9350,scifact,identity,token,0,q32_d128,1.2,0.75,,0.14292015424839535,0.027388172246566568,0.049393018219333076,0.0661389637824957
4e9774cd74da78ee15ae78ca47db8e198b4f8b2de4c3f9a65f7689586caeafaf,scifact,identity,token,0,q32_d128,1.2,0.75,shuffled_idf,0.12020523343824582,-0.03438855911243633,0.08149506581205798,0.07309872673862418
3efa9944aea042d82422ad28d3475c474ecb79c0185b5388821095a38d3aba30,scifact,identity,token,0,q32_d128,1.2,0.75,uniform_frequency,0.17139812183066763,0.0,0.08928669402204491,0.08211142780862273
2ee9a15b818e35834097fbdfdbf7f97ba8a10814eb7df821dc5195f8fb68af17,scifact,identity,token,0,q32_d128,2.4,0.0,,0.1463370509717473,0.05010688978273659,0.09623016118901069,0.0
4264bdc9188b194a0af32ea32a9bfc8f244f2227af9e79d241d391da2c2fe912,scifact,identity,token,0,q32_d128,2.4,0.5,,0.14552231776548108,0.03908458950199804,0.07005915051276919,0.03637857775071385
b40dd6e8e702a9eefc5653ad346e5f995c4795d9d873a016ac1fb0b7c8cc9703,scifact,identity,token,0,q32_d128,2.4,0.75,,0.14791415504916833,0.029481611687682853,0.049030266233633726,0.06940227712785176
f7501b00ae57ea2b7dcf340e6170a20cacb22307022b00f0741b1e9fff314e3a,scifact,identity,token,0,q64_d256,1.2,0.75,,0.2464550918009784,0.025349317425398456,0.09282878206270603,0.1282769923128739
81be291a9d6ae2bd350403689579cc246ec739a852fa9e9db8499ae420fad981,scifact,kmeans,pooled,0,native,1.2,0.75,,-0.0014583444998472923,-0.0016765607557997183,0.00021821625595242616,0.0
9d98c7cb551a1f611d727711cfc14d52083b37a401dddc1539abcb4e903e4ce4,scifact,kmeans,pooled,0,q16_d64,1.2,0.75,,-0.0014583444998472923,-0.0016765607557997183,0.00021821625595242616,0.0
187bf25f0d25b594a23240b96da52c258391f88d6b4bc1395cdb3120a55e1b25,scifact,kmeans,pooled,0,q32_d128,0.6,0.0,,-0.0015604965669356909,-0.0017276367893439175,0.0001671402224082269,0.0
21b5e04ba9771bfd16789679e747d8eefbc4d51e61af5ad515a89b10d48c631f,scifact,kmeans,pooled,0,q32_d128,0.6,0.5,,-0.0015604965669356909,-0.0017276367893439175,0.0001671402224082269,0.0
369f75e2ec51463c953c70676b6a03497108d601e2894ea8654d33cc52448d3c,scifact,kmeans,pooled,0,q32_d128,0.6,0.75,,-0.0015604965669356909,-0.0017276367893439175,0.0001671402224082269,0.0
f806d5599e988ba2a93c71ab6e54714197a580e263a9d87954d749bb7fa4b481,scifact,kmeans,pooled,0,q32_d128,1.2,0.0,,-0.0014583444998472923,-0.0016765607557997183,0.00021821625595242616,0.0
7068c569c94a7063148b7a1f92f7050e68066803aaa046f808fed5d975abc700,scifact,kmeans,pooled,0,q32_d128,1.2,0.5,,-0.0014583444998472923,-0.0016765607557997183,0.00021821625595242616,0.0
de8a77022d683ed8ea59a4e776198ea28fde6ed11d99437f57791710d383ddfb,scifact,kmeans,pooled,0,q32_d128,1.2,0.75,,-0.0014583444998472923,-0.0016765607557997183,0.00021821625595242616,0.0
cf36a9a5edd4990baf683a304852b1f68dd721464b05420b89baf03ba4c3eb58,scifact,kmeans,pooled,0,q32_d128,1.2,0.75,shuffled_idf,0.00043643251190485233,0.0,0.00043643251190485233,0.0
fd75ae049dae93174a029309c242c9bf5307076caeff06f606849e89703d85ff,scifact,kmeans,pooled,0,q32_d128,1.2,0.75,uniform_frequency,0.00043643251190485233,0.0,0.00043643251190485233,0.0
1fac3b680682a951cea23ca43dc2d72a9f2883e4e55f4b200e26e3d381d0a18f,scifact,kmeans,pooled,0,q32_d128,2.4,0.0,,-0.0014583444998472923,-0.0016765607557997183,0.00021821625595242616,0.0
2a2e5fcd8370cf5c59dee80beae6b223cc83aa866725ed447c1ae141d7c3098c,scifact,kmeans,pooled,0,q32_d128,2.4,0.5,,-0.0014583444998472923,-0.0016765607557997183,0.00021821625595242616,0.0
16ed02cc5527d4e88b04d673fb522235e9525d361878527d041c3f67f3106304,scifact,kmeans,pooled,0,q32_d128,2.4,0.75,,-0.0014583444998472923,-0.0016765607557997183,0.00021821625595242616,0.0
fe6da2fdda5da930be58f53b7f4cf9ab0ab245fa26dbfd0ca4d5cd630c3f6ed8,scifact,kmeans,pooled,0,q64_d256,1.2,0.75,,-0.0014583444998472923,-0.0016765607557997183,0.00021821625595242616,0.0
fd791e0505e357250def6ccd7cf636a1a5bc12ebdd80d725c2bf9e732d22e488,scifact,kmeans,pooled,1,q32_d128,1.2,0.75,,0.004249075221544784,0.004249075221544784,0.0,0.0
112f0fa5960d94bdcf2411c4d901d60cd4d6a4af32abad0c8f3facb8ccd6385a,scifact,kmeans,pooled,2,q32_d128,1.2,0.75,,0.002546699638022419,0.0021533827903669634,0.0003933168476554557,0.0
e701dc64a00fc3b6f2ffbcb36e3bd81752bd48351f22ff6df989e1ff3f0c0eae,scifact,kmeans,token,0,native,1.2,0.75,,0.3347236659841064,0.01203371592688007,0.3094219741900435,0.013267975867182799
ed5f99c0c80968308e712dacfde14886ef12e7525815370fa5b7029f7d4d7b06,scifact,kmeans,token,0,q16_d64,1.2,0.75,,0.15870241866580476,0.011639814137182302,0.13908810876020766,0.007974495768414771
851d5b9ffccd830b00825d2735bf93785c85b1a5ceca7ed05b82447927e960fa,scifact,kmeans,token,0,q32_d128,0.6,0.0,,0.28852279907784517,0.01972945890879695,0.2687933401690482,0.0
ff8f9db4fa6139cb5fe0e30b38e56bd823815ca805c7f7a7a21b7c92522d9adc,scifact,kmeans,token,0,q32_d128,0.6,0.5,,0.2901991444583279,0.01801811453903495,0.25867691293576384,0.013504116983529083
1b61765b148c79641b342282d01c27115729e387b13c3ec7e37ee021d1f43474,scifact,kmeans,token,0,q32_d128,0.6,0.75,,0.2867132286537631,0.017106009181800077,0.25860226527701113,0.011004954194951861
25ef6c7aedee37bd6df3d6e39223b9b2a6e21ea458c1b08e50d7f22dcbdbaa59,scifact,kmeans,token,0,q32_d128,1.2,0.0,,0.29674679348381683,0.02770012480541311,0.26904666867840366,0.0
40d6075825ae14c0b9c786faba59f1c283eaba39ccce9c4fbb6600107523ed11,scifact,kmeans,token,0,q32_d128,1.2,0.5,,0.2880534095537327,0.018411296935672183,0.2575341185398254,0.012107994078235124
ac3849aa83d074193f0fcd6a83edfcdbd64b16108189e5b180ea17cdd98c05f7,scifact,kmeans,token,0,q32_d128,1.2,0.75,,0.28655212591753826,0.02091175128276106,0.25674550711309596,0.00889486752168121
7bf9c7f72cac74939721bb1e6dbd96ecf5b78491e3ef77ad054821102abe88d0,scifact,kmeans,token,0,q32_d128,1.2,0.75,shuffled_idf,0.28465215488341683,0.0013176670681089137,0.26803705886247176,0.015297428952836149
d5949c78eab95c760486fb33220d24254a8deb499e63371b02b1a9c15d76a662,scifact,kmeans,token,0,q32_d128,1.2,0.75,uniform_frequency,0.2844862312059533,0.0,0.26880299016162,0.01568324104433326
754a8418cf349d78c45563de0f62c0ec23a9fa6e7b879770d7f3dccd1160ab94,scifact,kmeans,token,0,q32_d128,2.4,0.0,,0.29083071225313867,0.03189838887454723,0.2589323233785914,0.0
6971186adfa8a7a761182d9114aa3b74249569f1c5a552c58d95b83f4b56e076,scifact,kmeans,token,0,q32_d128,2.4,0.5,,0.2921253596006572,0.027841509377303512,0.24979781469256582,0.014486035530787856
4b938f9a2f21faaa6f3a636368c6646f6887f82aae56364ec91d7b96945c52be,scifact,kmeans,token,0,q32_d128,2.4,0.75,,0.2859218755625945,0.02634073872914059,0.24865871556252817,0.010922421270925714
f29bdf92701c32c82be204176db00144926097f0469313c04b5b09db9d007313,scifact,kmeans,token,0,q64_d256,1.2,0.75,,0.3477579543218732,0.014363654607568539,0.31829984748503104,0.015094452229273567
7b87c020a98217cebbeb80758e1e521b5f94641a50c2462a1a8deac0a4c4a7bd,scifact,kmeans,token,1,q32_d128,1.2,0.75,,0.278783019323059,0.01620535062059884,0.25640270628165274,0.006174962420807412
6d9333e3c74ccb5a4f515c53fccf63690a3fd7e91b4b78b03b3a6c8f8ee82350,scifact,kmeans,token,2,q32_d128,1.2,0.75,,0.28806117096874484,0.0140341940945437,0.266671537055984,0.007355439818217147
bd8b542e0ea3af649764f541fc2d0d199dc51312fb126ee6f9720e953d1a6c7e,scifact,pca,pooled,0,native,1.2,0.75,,-0.041414819713640666,-0.3577004173301529,0.1532456332781301,0.16303996433838208
4677e777668e8f3a252d5acbd4512a3a7187306963fb38edf3d7fdc6f10594b6,scifact,pca,pooled,0,q16_d64,1.2,0.75,,0.004036056640651792,-0.08302781113367994,0.058433269227203495,0.028630598547128225
5d3b115e2c2f6fd077ddb5bf1970926a0042b2b9d24a817fe8a9423790730b71,scifact,pca,pooled,0,q32_d128,0.6,0.0,,0.01384161791269764,-0.1373107417873608,0.15115235970005847,0.0
e7f3873c4327ba3d18617166471d7682f24cd7c39be48b681e39b222d49b4538,scifact,pca,pooled,0,q32_d128,0.6,0.5,,0.0253104413435406,-0.14917640620529446,0.129352409547101,0.04513443800173406
299377af781feeb321411c63bdd15431b93edca6063ab0aa9182fe59b21e72c6,scifact,pca,pooled,0,q32_d128,0.6,0.75,,0.031163558247020023,-0.15465259701078501,0.12026484655172492,0.06555130870608013
1f57b14bce4cc98d9a1efa461c02a370ea94abe3cd938673b7a8c1336dd05f2b,scifact,pca,pooled,0,q32_d128,1.2,0.0,,-0.0038784598339111354,-0.1444326252472662,0.14055416541335503,0.0
30fc4abc158ed5379c23f2b277e929c5773bc0d20e3e53e2ea3e4b31d11d2d54,scifact,pca,pooled,0,q32_d128,1.2,0.5,,0.01492139582387797,-0.1555562783525604,0.12204872571755093,0.04842894845888742
2b3d1131b364532c010ac3b8af7466feee8640594c324755c6eca0fcd6f1122c,scifact,pca,pooled,0,q32_d128,1.2,0.75,,0.02312540415257383,-0.16231133754414978,0.11477604262783249,0.07066069906889111
253100db95dfbccabadc4676e9b4bfd469605cdd4da07d416d94529b143991a8,scifact,pca,pooled,0,q32_d128,1.2,0.75,shuffled_idf,0.21395555508295916,0.012055387292770855,0.11908272834256729,0.08281743944762099
970fd64cc7b8646d6ea22a8d34114cd56dd7bd4d9238f06b140f7289ae9c13ab,scifact,pca,pooled,0,q32_d128,1.2,0.75,uniform_frequency,0.2323286392043002,0.0,0.1437892278385255,0.0885394113657747
ac3a93e9cfb8591a3f1bcb2528b35fcd446f48df18c6dc1d51f18107f85d67f0,scifact,pca,pooled,0,q32_d128,2.4,0.0,,-0.024989869012798815,-0.14473954467637373,0.11974967566357494,0.0
4942abdebed4033816ea971fcb54a1fda352d1df4ad2db649edd149138f5f2c7,scifact,pca,pooled,0,q32_d128,2.4,0.5,,-0.007989642501322447,-0.16214633909075538,0.10348599204915818,0.05067070454027477
84a769db9730be893483fd234d464d42920ba8b54cbf9f95342f30e0e5a48fe5,scifact,pca,pooled,0,q32_d128,2.4,0.75,,0.012918760877000474,-0.16626198141632526,0.10124579805124352,0.07793494424208225
f839a2b384e9a6cb6064a34bc482d77d1640c1ebd9fb0cbd79eaaf745338621e,scifact,pca,pooled,0,q64_d256,1.2,0.75,,-0.019599785920682428,-0.2737312133682911,0.1417917894999472,0.11233963794766146
6399aa455e90c2abe68ed76a6ca9964fd2f7e088da2dcdfcc6742946206366fe,scifact,pca,token,0,native,1.2,0.75,,0.33413407653105875,-0.03963620050293633,0.1589434716084441,0.2148268054255509
5c8ae5313d51b44dcec4c8ec5c4dd6bb1d8ee7c8ea60d69041f5d7f046d03b16,scifact,pca,token,0,q16_d64,1.2,0.75,,0.1583397869850131,0.05305830930110115,0.05782148405066774,0.04745999363324422
43f6409e6e8e132d3549037dfa79633aa62d0fe6f863a77a2b4c3f520ad71b96,scifact,pca,token,0,q32_d128,0.6,0.0,,0.26024259983957276,0.06922266326125082,0.19101993657832195,0.0
dde703ab5ec88e17d25c4769b899ff8e1f94f2ac303e5737c71cc125e883ea29,scifact,pca,token,0,q32_d128,0.6,0.5,,0.2579242997432842,0.07114531814334944,0.13516629850447828,0.05161268309545646
25335251bbd1534630475480be90ba790da5032faab7e9b0eb994693fdb5cb09,scifact,pca,token,0,q32_d128,0.6,0.75,,0.25854106455842396,0.06854923233628679,0.11307686013400589,0.07691497208813125
1e70a7a42ee11f2f59729410994191d2fdb0979e84a6417229ea882022f511c4,scifact,pca,token,0,q32_d128,1.2,0.0,,0.2687065392062603,0.07099835452980083,0.19770818467645945,0.0
1131d27d82032bf3a41948f8b0bf5d588f6cba68b1541948d16b12466d1f4e15,scifact,pca,token,0,q32_d128,1.2,0.5,,0.2650520679968805,0.07271400549816599,0.14128996300293692,0.0510480994957776
fe293cc179ad4f3f66f794e0710656bfbb5176175d4b1be067cb98176bf8fdd5,scifact,pca,token,0,q32_d128,1.2,0.75,,0.2622450175867077,0.06873682493005774,0.11817916440033106,0.07532902825631889
2c92dcaf58b1ef1f7d049bfd57f58317a1c863a25d3ada86d23dc060877c10a5,scifact,pca,token,0,q32_d128,1.2,0.75,shuffled_idf,0.2383597331673108,-0.050351125246955536,0.2195176314745638,0.06919322693970252
6166a55944c8225e5a8e3eefc2b8ca5444e97a2d73e9f73fceac1292e1ff8bb1,scifact,pca,token,0,q32_d128,1.2,0.75,uniform_frequency,0.2941465135214489,0.0,0.2165559556653869,0.07759055785606198
c43002f97925fe143566bf7d95a438e5346ecd696bf44c0cce9fd355056ce795,scifact,pca,token,0,q32_d128,2.4,0.0,,0.2727678059972455,0.07357336525759836,0.1991944407396471,0.0
1ec7fde5f667cc6fe40e450f756bfb9c4ad5424a6c0f7a21772305ddf6d60df9,scifact,pca,token,0,q32_d128,2.4,0.5,,0.27199013913592357,0.0737597235651898,0.14497926757054036,0.05325114800019339
ccc4745255112076ed290109c38e21c0d314aac4ef7f5af4d74b699ff4be2e87,scifact,pca,token,0,q32_d128,2.4,0.75,,0.2703302039496949,0.07010093781375791,0.12228282917156842,0.07794643696436859
a3c49d4cd37bf38ff195ff6624b125494ba075bab54fc462ac6d4233afe69f0c,scifact,pca,token,0,q64_d256,1.2,0.75,,0.37552296425638365,0.084894114404274,0.1713314246296991,0.11929742522241055
6cd2c9db543aab77a3010fa2986216e900e0ce1d546a99c5ecf861d4d346d6d2,scifact,pq,pooled,0,native,1.2,0.75,,-0.0008278087633262383,-0.0008278087633262383,0.0,0.0
6e1b894df5660fa6be253306d4cbbea50417e1f59ace18066443c169fa2d838e,scifact,pq,pooled,0,q16_d64,1.2,0.75,,-0.0008278087633262383,-0.0008278087633262383,0.0,0.0
2065c8538f3448fa2b797967513e41ae2fc1a53b1bf8bcb51ac03703ff7567b5,scifact,pq,pooled,0,q32_d128,0.6,0.0,,-0.0008278087633262383,-0.0008278087633262383,0.0,0.0
b8d801155a9f30c56a83026dcc05c93da9792127e33fc5fedd0ae4c20db2c348,scifact,pq,pooled,0,q32_d128,0.6,0.5,,-0.0008278087633262383,-0.0008278087633262383,0.0,0.0
ff5b2aeec2ed573ccbc6352353599b0a8138f380810e0723bc93e5293562b0bd,scifact,pq,pooled,0,q32_d128,0.6,0.75,,-0.0008278087633262383,-0.0008278087633262383,0.0,0.0
297375e5986512495c244817ae510971005c6b1e5ab287d4d90298800fd4edc6,scifact,pq,pooled,0,q32_d128,1.2,0.0,,-0.0008278087633262383,-0.0008278087633262383,0.0,0.0
71b120eaab31a8847f105b4d41b6ef1b2bc06ab9947f901b39f1a3bee060b7dc,scifact,pq,pooled,0,q32_d128,1.2,0.5,,-0.0008278087633262383,-0.0008278087633262383,0.0,0.0
913d4bd54c59fa41448f446cffd7de24fa894566af66d8d295ab35baf6c87998,scifact,pq,pooled,0,q32_d128,1.2,0.75,,-0.0008278087633262383,-0.0008278087633262383,0.0,0.0
69f0ff35b56f4c747925087005de2251e7194af4b02a8e1abb231fb2b0db2758,scifact,pq,pooled,0,q32_d128,1.2,0.75,shuffled_idf,-0.0007394795270356941,-0.000739479527035694,0.0,0.0
921b604e670008caa0d02e4cd39c78767fc3dce1daee13a026af2def90f8f56f,scifact,pq,pooled,0,q32_d128,1.2,0.75,uniform_frequency,0.0,0.0,0.0,0.0
6d56676e733496e863d76db64d7be7179bc63dd90b774aceb142b9bcddbc94ad,scifact,pq,pooled,0,q32_d128,2.4,0.0,,-0.0008278087633262383,-0.0008278087633262383,0.0,0.0
ce90523f36ac118aa55cebeeb23dcd84d945fee24d34f483e7e8fa67a1accc15,scifact,pq,pooled,0,q32_d128,2.4,0.5,,-0.0008278087633262383,-0.0008278087633262383,0.0,0.0
29ec7c65105f71f881dad09163edca6364affd136f4abb1d153972b52a5d0614,scifact,pq,pooled,0,q32_d128,2.4,0.75,,-0.0008278087633262383,-0.0008278087633262383,0.0,0.0
a11de4c2de9c92edbb689331a37bf238f5a8791d7875fe4cd3770dd455f71d4f,scifact,pq,pooled,0,q64_d256,1.2,0.75,,-0.0008278087633262383,-0.0008278087633262383,0.0,0.0
729ac55fa434dcf78f86eaf3c8edee0f5487a9d9b39f8dd99559ee08f8af59be,scifact,pq,pooled,1,q32_d128,1.2,0.75,,-0.0028524315492937727,-0.0028524315492937727,0.0,0.0
02fb39293e9bdf6dac03c3b2f9d47d2af51f005b83d85f2a9ceb6be93cec0d5e,scifact,pq,pooled,2,q32_d128,1.2,0.75,,-0.0020165815309340362,-0.0020165815309340362,0.0,0.0
66702ba13417563eadc9f12db106054ed6d9d21a39a117211465ed576f0e8808,scifact,pq,token,0,native,1.2,0.75,,0.26955306156814585,0.009467075123467793,0.23774195880283971,0.02234402764183826
c1986718b395bd13e96d2792dbead0390754d054d0a54d0c92d4fe5336dbdce8,scifact,pq,token,0,q16_d64,1.2,0.75,,0.09427020335097101,0.020818846921034962,0.0743329717878611,-0.0008816153579250484
78b012eca405e404d65380195114d3e8b975894d723a749a902d6adb23ce2ab7,scifact,pq,token,0,q32_d128,0.6,0.0,,0.15797434559150436,0.016152722111420666,0.1418216234800837,0.0
0a5361554ebfdbc01528384f1dd03137243d8f1db5f2477626e8caefc29e0b68,scifact,pq,token,0,q32_d128,0.6,0.5,,0.1603374837428297,0.019339635468586934,0.13677965745590098,0.004218190818341761
8e97cd6a5120dee582ebb21c5277e4add68efc3233dae9da7b11ff19a7529abd,scifact,pq,token,0,q32_d128,0.6,0.75,,0.15773924035469605,0.01944877539220013,0.13994616907994023,-0.0016557041174443212
70425e0bdc630386a36e862d5d96632feb36497571b17429113a825b5517e814,scifact,pq,token,0,q32_d128,1.2,0.0,,0.16684811778526304,0.018494720500857424,0.1483533972844056,0.0
ca3c304ffc0c476ae231c3a72ff21c053f1ae004e1c3cd17af77aaf4daabbb48,scifact,pq,token,0,q32_d128,1.2,0.5,,0.1689822304243766,0.022963610201536085,0.14255593033236083,0.003462689890479681
e1d113e96598814be8188d03ae45d8dc41bdd5a12d948e4d081744f227d42a28,scifact,pq,token,0,q32_d128,1.2,0.75,,0.1670570456087565,0.020484198028963663,0.14735324729074967,-0.000780399710956822
7d4ecfec647e5ad7f28cee3af8b22c497f53d88ba656741b8af22642d644bf0a,scifact,pq,token,0,q32_d128,1.2,0.75,shuffled_idf,0.13491614283646153,-0.010880846387246516,0.14668056624394324,-0.0008835770202352243
4f815dacc19d0a1fcb55ecabc01fde4511bd9b8659d02e79416de985a92a6c39,scifact,pq,token,0,q32_d128,1.2,0.75,uniform_frequency,0.15000958768566658,-4.869305648761794e-05,0.15280381145297345,-0.002745530710819256
3901ac6d2a19f6156f148ca5ff8426a4de6354db447dee106904645bafa38a39,scifact,pq,token,0,q32_d128,2.4,0.0,,0.1752439961176161,0.023427101431974927,0.15181689468564113,0.0
27ecfc29e5f95b56107bd033b0cfd6acb8ad9c24b208ae7f055bb2fd5959e4bd,scifact,pq,token,0,q32_d128,2.4,0.5,,0.180844381431725,0.02496572133198109,0.14921769897143028,0.006660961128313593
ec5833bdc5a7f29245d75eb9c5aefd99dace468fcd4cf0a0a68d798d66496bd7,scifact,pq,token,0,q32_d128,2.4,0.75,,0.1779468504467368,0.024746680899322443,0.15239865697517818,0.0008015125722361609
74261fc5dde40c5549cbc6c8b065412f5dbd85a8ecbf1fc685c11c6cd97597c8,scifact,pq,token,0,q64_d256,1.2,0.75,,0.23600825003878345,0.011174086467358086,0.21645234632685312,0.008381817244572213
5776b17b75b1585f25930e0bc52ec3dbb1fab4636b41b6fb068d78cbc4c86b7c,scifact,pq,token,1,q32_d128,1.2,0.75,,0.16188323360438844,0.0205244743015761,0.1298635323357521,0.011495226967060262
7d3ecdefab6f22ce5b80e16888f8cb2ac6bf1aad0c0ea53bc1ada8cc536710cc,scifact,pq,token,2,q32_d128,1.2,0.75,,0.18683580660152466,0.02898525445871769,0.15420895928928485,0.003641592853522108
b72081540ecd2acf3dc4e303db569e82cc871795f64bf964ae229a92d9f78b94,scifact,rq,pooled,0,native,1.2,0.75,,0.0198841675730383,0.0198841675730383,0.0,0.0
fc8a28ae48dba15bf37308f2158421a32540ee90e8f70f8d7745c79e729d82b2,scifact,rq,pooled,0,q16_d64,1.2,0.75,,0.0198841675730383,0.0198841675730383,0.0,0.0
63dd398a013a4e67281d6c90306816f881b67a428e3dffae26734dc671234a48,scifact,rq,pooled,0,q32_d128,0.6,0.0,,0.0198841675730383,0.0198841675730383,0.0,0.0
0cf92bbda2cf54200927653308b7aa38b4fa7ebcb9b645790debb248cf0ae0cb,scifact,rq,pooled,0,q32_d128,0.6,0.5,,0.0198841675730383,0.0198841675730383,0.0,0.0
29dcfab5648d36940cfad6d85a055a365c20572e2a61f1aaff113b027324b2e6,scifact,rq,pooled,0,q32_d128,0.6,0.75,,0.0198841675730383,0.0198841675730383,0.0,0.0
222e2244e7919caea3ad8cf3a0e98d784ca9e512a67cce5f476b036100a4ec84,scifact,rq,pooled,0,q32_d128,1.2,0.0,,0.0198841675730383,0.0198841675730383,0.0,0.0
ef37c3e6bfda7c085da86a63075eb59942a5f83e72d928d353eb91cc56cb749c,scifact,rq,pooled,0,q32_d128,1.2,0.5,,0.0198841675730383,0.0198841675730383,0.0,0.0
4ae27d43fade3427edc98fa3ca6ea4e7be717f660900fcaf1d1c9c9644a8fcc1,scifact,rq,pooled,0,q32_d128,1.2,0.75,,0.0198841675730383,0.0198841675730383,0.0,0.0
f5d7a0cc9346799a76ae7acc9e89f5bf30e78a688caaa725c732626d02726417,scifact,rq,pooled,0,q32_d128,1.2,0.75,shuffled_idf,0.0036411595353312842,0.0036411595353312842,0.0,0.0
b49641d52f84b912508285c4e2c5538796bb01afd14d77b7f1d76f0049c99211,scifact,rq,pooled,0,q32_d128,1.2,0.75,uniform_frequency,0.0,0.0,0.0,0.0
b90754896d012143ac2027b092e95e627b9f87c0cac1bfe078611eb218c1aa90,scifact,rq,pooled,0,q32_d128,2.4,0.0,,0.0198841675730383,0.0198841675730383,0.0,0.0
4714b7a5117883149df5c1079b41de54e50a5e609ecc5680104b37b0c9947f97,scifact,rq,pooled,0,q32_d128,2.4,0.5,,0.0198841675730383,0.0198841675730383,0.0,0.0
012d45aa5bf517e06d65ed9220135b1aac0bd842c3dd6ac9b053f39c77dd3777,scifact,rq,pooled,0,q32_d128,2.4,0.75,,0.0198841675730383,0.0198841675730383,0.0,0.0
597a2a2f7b87f35c61acec327061eddcee9ae92244fa2396c02f1da05e64de40,scifact,rq,pooled,0,q64_d256,1.2,0.75,,0.0198841675730383,0.0198841675730383,0.0,0.0
2ad767bc92808ee8875acd9ca918c3e0350d5bfb7a80c9c206b49856d5b6eb6a,scifact,rq,pooled,1,q32_d128,1.2,0.75,,0.011432100122854713,0.011432100122854713,0.0,0.0
a1211320c3db9443142187b0360deaf57ac223123b826ae04c9166ad87fe16f3,scifact,rq,pooled,2,q32_d128,1.2,0.75,,0.0032165180121349404,0.0032165180121349404,0.0,0.0
d21a2ef36e9dc96bbf62815e9938f8a37fe97204af13497a2c0847ab121dfe25,scifact,rq,token,0,native,1.2,0.75,,0.09272091512209046,-0.06847443003551704,0.14682681972273476,0.014368525434872726
2da32942810c3af5655ceeb52c551dfd124f96dea132ba9ac1c29ed97ae3d0cb,scifact,rq,token,0,q16_d64,1.2,0.75,,0.07239136360780946,-0.010875714656275967,0.08359741256511496,-0.0003303343010295453
a44a28fa155f7acca9089c2e6d934451c2e06525391082c3b1d133b93eb42a7c,scifact,rq,token,0,q32_d128,0.6,0.0,,0.07406624953069132,-0.037730738004865164,0.11179698753555647,0.0
a09aae9cb3412faee080b45eeb89da6d59c8c0f5ea078f8cc76819a5debefbc6,scifact,rq,token,0,q32_d128,0.6,0.5,,0.0742544757619373,-0.0389640903022033,0.10929866782792995,0.0039198982362106385
8c28d2cee3f433cfe525d915dde6e4777754630e847ba3d23aff90e1d16d42c9,scifact,rq,token,0,q32_d128,0.6,0.75,,0.07849546149169948,-0.03259683281923184,0.10848503637417899,0.0026072579367523163
1c5b7dd9b24915bc1f9c585f847dc1c43e7e006baa405c574766737570f17ef2,scifact,rq,token,0,q32_d128,1.2,0.0,,0.08610646620051512,-0.036832784440312114,0.12293925064082722,0.0
85eb5a0823d23be2242fdb21b37369c49f5ea9314cf152e0b95d8678a59aad8f,scifact,rq,token,0,q32_d128,1.2,0.5,,0.0889788601944008,-0.03923543985121767,0.12236766637130425,0.005846633674314195
6bce72b838d2b9712acf08532dcf589631472f54e4b62cced4fc5947ae3acdeb,scifact,rq,token,0,q32_d128,1.2,0.75,,0.08912079519522262,-0.03427026045557785,0.12020554859674894,0.0031855070540515174
12d80b723986d6a4273ac83ee7f16cd97a41da15138d41f0adbf62d0a72891d8,scifact,rq,token,0,q32_d128,1.2,0.75,shuffled_idf,0.09542140602902624,-0.0537166366089682,0.14288845583490145,0.00624958680309296
978f775cf7f4ea6153e7744607d11d55faf8065112fb39144de9119fbdbf751a,scifact,rq,token,0,q32_d128,1.2,0.75,uniform_frequency,0.15082389847624542,0.0,0.15020091540692815,0.0006229830693172537
5c9e366a6e4045cf30b1eab79df661d2df8436fb59a403bf304dc766b2acc2e0,scifact,rq,token,0,q32_d128,2.4,0.0,,0.10494920429659257,-0.02925673396558377,0.13420593826217633,0.0
62c8ffee56708f31f1a5ce6f0851056b477b4575ea4bf58ae83f2ab855e02ad8,scifact,rq,token,0,q32_d128,2.4,0.5,,0.10611203724368337,-0.033915441785409735,0.13390759967371613,0.006119879355376963
7d6ee292c042d4db96fe6eefffbcdf9be9b3065f3c95248e5cfb0573aa52a782,scifact,rq,token,0,q32_d128,2.4,0.75,,0.10310673733845041,-0.03107842892221223,0.13123594771235458,0.00294921854830805
1eadb600e6aa76f67a9a9cd43d38cd031e722b0a5be67dd022c203cf3438f254,scifact,rq,token,0,q64_d256,1.2,0.75,,0.0965316914071701,-0.0629341869732025,0.1458843492427188,0.01358152913765377
2d329352d66f9de6187ecafea4bdcf4809cc2207ea7c76559d2565ad5abb2e57,scifact,rq,token,1,q32_d128,1.2,0.75,,0.17838526905377422,0.0006323016160892647,0.15709445404880595,0.020658513388879002
2a00b8c1075c31b2bea35a8252b32317b4dc8e6b91b9161e4d1a6649732a2f05,scifact,rq,token,2,q32_d128,1.2,0.75,,0.14166191659740276,-0.02071923404411171,0.14958290226970655,0.012798248371807921
628bea36d012f97aac18b88839b6b9c135050c27567f8f1c5d4bee3364ea9d0c,scifact,sae,pooled,0,native,1.2,0.75,,0.01355920951983286,-0.0031747958134970417,0.006809458809767083,0.009924546523562816
083227102ef13a088642f58da659b76f41cd5c464f02b6fe0df670151f382d50,scifact,sae,pooled,0,q16_d64,1.2,0.75,,0.008946773157825369,-0.00012136838155637578,0.0036162388009200646,0.00545190273846168
652bb7a085cdfc514470e5d9444026f70879ae912ca57f718ca1b9d52c7d5b93,scifact,sae,pooled,0,q32_d128,0.6,0.0,,0.011231372895597683,-0.0004436320438701846,0.011675004939467866,0.0
406cf567f3bfdf29d2338b318ddc07d31395ab380855dc0959d10a166b8620cd,scifact,sae,pooled,0,q32_d128,0.6,0.5,,0.013410423702927304,-0.0014186182787445285,0.010187055337564832,0.004641986644106999
ed34060d7bec787b04feb804bd8b94df38f4d97aeb128e0cea02d62570058c5b,scifact,sae,pooled,0,q32_d128,0.6,0.75,,0.014055178381651517,-0.0026094454320640297,0.00810836883869895,0.008556254975016596
702e1927c144df7156d3bdc6ad88775d041331a9a070ad3dac8e8a651f708a00,scifact,sae,pooled,0,q32_d128,1.2,0.0,,0.008882350497219957,-0.0001254528647698233,0.00900780336198978,0.0
c0dfe6d8d1185b3dac6d3f708821d220a08c13f35e5f96af78b6e4d5a5dd132e,scifact,sae,pooled,0,q32_d128,1.2,0.5,,0.011018100340022763,-0.0022550987605273786,0.008075533108264943,0.005197665992285197
2fc220bb338594d9229a0230656aca1f1c8575c896ffb6d252af585b548d1c12,scifact,sae,pooled,0,q32_d128,1.2,0.75,,0.01355920951983286,-0.0031747958134970417,0.006809458809767083,0.009924546523562816
df4e3f40dd81987d82cc2af1478f76cca3b1d49ff84982db54349b78e388907a,scifact,sae,pooled,0,q32_d128,1.2,0.75,shuffled_idf,0.010157168679212486,-0.005794429182371515,0.00708914279438245,0.00886245506720155
a9c6edeb6e4db90c3690af781487b7c71b7a6f59320f7faa8a13ce683da4355d,scifact,sae,pooled,0,q32_d128,1.2,0.75,uniform_frequency,0.021873587806598982,0.0,0.008899698334308946,0.012973889472290034
d179df27517cb6d261d78790fe3aa4f64d1e93266fc573f0b698ac8c1c45d17e,scifact,sae,pooled,0,q32_d128,2.4,0.0,,0.006395881795670952,2.05574295227412e-05,0.00637532436614821,0.0
59a7223c29da88c819bd90acc0c4dadb356e73965bb95e09101de2269150e6e2,scifact,sae,pooled,0,q32_d128,2.4,0.5,,0.01080629034738985,-0.0012794874100671703,0.006165582938797597,0.005920194818659422
857e6f0e4594a9bf8d7e1520b34f1e0709f2987ce605f4e609f63733139e06ca,scifact,sae,pooled,0,q32_d128,2.4,0.75,,0.011927672926889496,-0.002988559432465403,0.004584332824858798,0.0103318995344961
dd3f2246c18b7af704704a1daa694c618c7a4e713c3092144f45955e802d30c7,scifact,sae,pooled,0,q64_d256,1.2,0.75,,0.01355920951983286,-0.0031747958134970417,0.006809458809767083,0.009924546523562816
9516f5b00ecb60a7b5147e2f50c8e5d302a1edad0bdd0e95284f30e8ebcb2219,scifact,sae,pooled,1,q32_d128,1.2,0.75,,-0.011940264740392767,-0.014114829655926685,-0.002081412058338119,0.0042559769738720376
1b1614717c40295efa37e88a4f3f7f63c4ec802b1f107ec0662734f5f65bb4b1,scifact,sae,pooled,2,q32_d128,1.2,0.75,,-5.418105156948516e-05,-0.012555514609067061,0.003753155423619164,0.008748178133878412
f0b78e1b92e03b746cd5d31d90f858122905244705532baa2e30d114df21b5fe,scifact,sae,token,0,native,1.2,0.75,,0.3557776964673629,0.0538546730360079,0.2316932643141105,0.07022975911724448
85979341c2cf3084276b170aa074079e62e865bc05d39e192750fc07b8c82367,scifact,sae,token,0,q16_d64,1.2,0.75,,0.14537356581212577,0.023558438336889097,0.07258389230281945,0.04923123517241721
af1b0c02bf8301dec19293c83065bb6fd04023638a8640641274782aef18aa4a,scifact,sae,token,0,q32_d128,0.6,0.0,,0.1947916137105754,0.0501037880377185,0.1446878256728569,0.0
89d2522dbf42b5d631bdd2985d894f15dd4654af710082b554687606aa7de54e,scifact,sae,token,0,q32_d128,0.6,0.5,,0.1956328019057561,0.04588639078120337,0.11327213105573652,0.036474280068816194
3d31b69bf47df1433790c61d08631c3752572e8700402c832a441b45b799e8b8,scifact,sae,token,0,q32_d128,0.6,0.75,,0.19521635575541374,0.040431412914682704,0.09799713063786582,0.056787812202865204
103651db19aa097240895904c7dd93d1b336a91d3055f69c19647778a2fdc9ac,scifact,sae,token,0,q32_d128,1.2,0.0,,0.2094075613352957,0.05065374471999603,0.15875381661529966,0.0
0e8c0dc0cea8c2adca3ffc2ba3c1177d71d79d2da18bcbaf97b7f21d2271e9b0,scifact,sae,token,0,q32_d128,1.2,0.5,,0.20447409504676123,0.04603640109176489,0.1246507679421797,0.033786926012816625
cbda5293ee4d41f6960261a4145db379b6b8d10886c054e635f15bb30f388b06,scifact,sae,token,0,q32_d128,1.2,0.75,,0.20382662663212653,0.03973041095253222,0.10968576252851883,0.054410453151075455
1718222de4f06b3b48a0680112e2034d1897e596d93605ba59eb33f008e06161,scifact,sae,token,0,q32_d128,1.2,0.75,shuffled_idf,0.21666864756726512,-0.014794016784430772,0.16459606844261299,0.06686659590908291
96696a5c048eea4612b1550c4f1386b72416b38ea62384f311e0d35de08c4921,scifact,sae,token,0,q32_d128,1.2,0.75,uniform_frequency,0.23312046887925797,0.0,0.1677866819607187,0.06533378691853928
b21c6889a77416437840e0cce530aeb70e0379808a5a3795805c94f1a5852f6b,scifact,sae,token,0,q32_d128,2.4,0.0,,0.22272163200731765,0.049129802744787975,0.17359182926252964,0.0
640818f6548582ba54bd6e02bf00a498689aa2973c7b7f5d7cad74f77250cc7a,scifact,sae,token,0,q32_d128,2.4,0.5,,0.2209045980575678,0.046221224116262054,0.1401926142589494,0.03449075968235632
2bff1b3865069babc43d36ad8ad6fb6506ea1128dfac016e422ac7bfa0294a78,scifact,sae,token,0,q32_d128,2.4,0.75,,0.22204731231097108,0.041083620262480885,0.12553850703658176,0.0554251850119084
76e7c8637aff478203b21ab6bc685dedfd4d11012e5981bdbb60a28ce6a5f408,scifact,sae,token,0,q64_d256,1.2,0.75,,0.2939247691574667,0.06289027689200921,0.17141224377612194,0.05962224848933548
d648099c20b7ff008bdb9c5e1d09fde518da70da3e31a31d6abf25743ac62224,scifact,sae,token,1,q32_d128,1.2,0.75,,0.2284697464385114,0.05061525046294385,0.12650339069723515,0.051351105278332386
265ee726dc3a409090cb56455d865654dec640039fe25d6e7bd143d709767749,scifact,sae,token,2,q32_d128,1.2,0.75,,0.22459767779002562,0.03587711525254289,0.1285357415777587,0.060184820959723995
96e34cd6beef39c425d819bba642dfc8f3d4f0c51c4828287f68c184f7374156,scifact,sae_shared,pooled,0,q32_d128,1.2,0.75,shared_dictionary,0.08447142200009355,-0.0040723674578847045,0.056965095230836885,0.031578694227141366
0b53632888ab5609e2d460f7d632f0b42784c7707b6d067ff8a31d28db538282,scifact,sae_shared,token,0,q32_d128,1.2,0.75,shared_dictionary,0.20382662663212653,0.03973041095253222,0.10968576252851883,0.054410453151075455
45a02c57e316d674047cb0e9cf776560af8274a5ed028a5942b22026cc760f61,trec_covid,gaussian,pooled,0,q16_d64,1.2,0.75,,0.029595563838916872,-0.005443646623398175,0.011404199535824845,0.023635010926490195
cbb2a0742e53af554b38816d2e299d6b7e403e338ab13231b2a8a5296d10b942,trec_covid,gaussian,pooled,0,q32_d128,1.2,0.75,,0.04478739634411935,0.0006860136217687663,0.004450494127218622,0.03965088859513196
ff7077af724f9443cbe0aff6b04a7b43c1980d85af9124036b40832e093c4f1a,trec_covid,gaussian,pooled,0,q64_d256,1.2,0.75,,0.12894559801670813,0.032862846032449225,0.019809960650930918,0.07627279133332798
7e3c2f61bd22cd9349ef6f3b5ed1b5158bc774ffc10d2f0bcd19eac42647883a,trec_covid,gaussian,token,0,q16_d64,1.2,0.75,,0.06486298531763687,0.017308298335495333,0.011422341808954828,0.03613234517318671
48a7b20a9295adab61252456edb28ec81927e5639731c978a9c6e4c3c27aa466,trec_covid,gaussian,token,0,q32_d128,1.2,0.75,,0.0774098225908583,-0.010820327332359436,0.02978674839015919,0.05844340153305852
25ed6892109c063f3d1e6d2a7b8031f235fa6fdeef5e2d0c7cb558efe668636a,trec_covid,gaussian,token,0,q64_d256,1.2,0.75,,0.19804444584580103,0.012201058337254978,0.06752759665827857,0.11831579085026749
2d90ece6b3190a35cc8351e483945e983b0da777d2f8d4fb1dbd4fd1d79c2102,trec_covid,identity,pooled,0,q16_d64,1.2,0.75,,0.052160673915960895,0.019316216847694655,0.011726868201806833,0.021117588866459404
fbee675a7fce9c11e71256f501139a5a09610f3264b11325322c04dacdc120df,trec_covid,identity,pooled,0,q32_d128,1.2,0.75,,0.09860233108522912,0.028140399145043578,0.011710367747357803,0.05875156419282773
24fb626462e071fbe5717c1c66d0bdb72e44c83112a941124932beefa74e0ade,trec_covid,identity,pooled,0,q64_d256,1.2,0.75,,0.2171607385939151,0.04846089045754503,0.055083197512825886,0.11361665062354417
5ce5ee6f45ee37965e7202a0b40758e4c448e03f00d15868f80199d678ba9b9b,trec_covid,identity,token,0,q16_d64,1.2,0.75,,0.06902656923893113,0.016903544196651892,0.012884357636212549,0.03923866740606669
6634e51a59d9aebd477cc58e3aa9068c0a11f7235ad0ebacd05da4ac2c3ee28b,trec_covid,identity,token,0,q32_d128,1.2,0.75,,0.16999106012147183,0.0416825410542241,0.06140374872412632,0.0669047703431214
5b20ba7d18bf4b96a00a50adcbd2a97696f039e7c75edba46dce246c029c0046,trec_covid,identity,token,0,q64_d256,1.2,0.75,,0.31007222478325325,0.06366185896605908,0.11151429581036443,0.1348960700068297
0410c9a8d7f6ff4e9652e73db10ca23ae21760ac3a9f8fbe0961f4c81049bc87,trec_covid,kmeans,pooled,0,q16_d64,1.2,0.75,,-0.008986763966438965,-0.007775483597329394,-0.0012112803691095714,0.0
559ba2a5a06b1e727727f63e3dd73d7c90fdf1ad007784c9ee4482bf9b10423d,trec_covid,kmeans,pooled,0,q32_d128,1.2,0.75,,-0.008986763966438965,-0.007775483597329394,-0.0012112803691095714,0.0
dfbaff1e282e7d910ae478d6200c13fc3ef04209ff934bbf32268f2cfc27fcf5,trec_covid,kmeans,pooled,0,q64_d256,1.2,0.75,,-0.008986763966438965,-0.007775483597329394,-0.0012112803691095714,0.0
c91918f55cb854af2c2b936294bb4fad62d768ae41aa94e44baa5b2049a828cb,trec_covid,kmeans,token,0,q16_d64,1.2,0.75,,0.07654774843167239,-0.0014381907462837715,0.09949492101148151,-0.02150898183352535
1e5d23208c3fc9433546108247408cf58a2fc87b488587806f93ea540c358df6,trec_covid,kmeans,token,0,q32_d128,1.2,0.75,,0.14973381725437873,-0.013474142295357745,0.16592794204922653,-0.00271998249949007
223c20e78c56e6158e052e9b0fa0965ef98d13a418cbf304ee77d6d81cdfc52c,trec_covid,kmeans,token,0,q64_d256,1.2,0.75,,0.15014711143063503,-0.024231387901324078,0.19217985491217407,-0.017801355580214964
e390569e6f8cf246af908e245ab62f4a34857697b2f2b8b3f0094cebc8b5c1b3,trec_covid,pca,pooled,0,q16_d64,1.2,0.75,,0.14182026545521376,0.00266741351717234,0.1313715976192237,0.007781254318817716
5e0950f1b91f315170f8bc6f9bc92b9d178b108383edc9e0a6ea0e62eef60a18,trec_covid,pca,pooled,0,q32_d128,1.2,0.75,,0.16708553169315807,-0.011589881123494114,0.16416551811964133,0.01450989469701082
5023f2f42ea677ad6e82e574dcff07db429844e60ead3894f0094bfc23788b9b,trec_covid,pca,pooled,0,q64_d256,1.2,0.75,,0.1798825297826792,-0.043906891590052705,0.2147796415173249,0.009009779855407022
ac5d82e87364103853d087316f481b5710a27197ec3f0db909b3552888f66350,trec_covid,pca,token,0,q16_d64,1.2,0.75,,0.25408047888403823,0.10699743285661242,0.12264271197929395,0.024440334048131826
107844b1e64f78a7f06dd40cbe2c990439f8b0f76c1eb1815566122e55f3ad18,trec_covid,pca,token,0,q32_d128,1.2,0.75,,0.3411208480357495,0.13847240119251963,0.14945961627093646,0.05318883057229339
740d1a7877121a585a8f0ad869485004081d8b16fe13357856d91ad1353961d3,trec_covid,pca,token,0,q64_d256,1.2,0.75,,0.427180618216821,0.1416004314667614,0.19200097052319098,0.09357921622686861
8e4a63264bbc2be8ca7f63b1c501817566ddfd7f0e6fa215b11716bec3c132e5,trec_covid,pq,pooled,0,q16_d64,1.2,0.75,,0.000719055767608924,0.000719055767608924,0.0,0.0
57a492d9e2a25cc2dc4888ab316c78fdb398fbca955faf12cecb2f853885be5f,trec_covid,pq,pooled,0,q32_d128,1.2,0.75,,0.000719055767608924,0.000719055767608924,0.0,0.0
4e8dcb2499cc3033079e834e6bd06f5e510635259be1bc91a8203548be3a96b9,trec_covid,pq,pooled,0,q64_d256,1.2,0.75,,0.000719055767608924,0.000719055767608924,0.0,0.0
2c19698f3098df36b7e96256bf508abc0c5ef1e2f2508e5f9588f33b68a8eee3,trec_covid,pq,token,0,q16_d64,1.2,0.75,,0.033331013830566913,0.012418527221224291,0.028912327820394247,-0.007999841211051621
f7ae7f79466f29f672c01da1a22a6e127e6f2ac3124d6e0ebc9aca824da33035,trec_covid,pq,token,0,q32_d128,1.2,0.75,,0.1390428393846751,-0.00426179967779681,0.16452033464331228,-0.02121569558084039
2f15869c4157a082357379caefc3d5fc4bf92a5034c86e81887d3be6b5dd5aad,trec_covid,pq,token,0,q64_d256,1.2,0.75,,0.20450675109642272,-0.008031567620195227,0.22935683966180442,-0.016818520945186467
fe1b5801943da9861cf16891f654f76318003c9267712f2b29adebc1483b47af,trec_covid,rq,pooled,0,q16_d64,1.2,0.75,,0.02519545977817879,0.02519545977817879,0.0,0.0
cb5bea44790ba13c7185413517d1b87373ad03c64bfff7beb3b3fe2db4bc5368,trec_covid,rq,pooled,0,q32_d128,1.2,0.75,,0.02519545977817879,0.02519545977817879,0.0,0.0
499279ffa77b51e385f21e1f80723a8d3421e7606988d2c8e4c255e68b7ab9f3,trec_covid,rq,pooled,0,q64_d256,1.2,0.75,,0.02519545977817879,0.02519545977817879,0.0,0.0
b4facadfabf3552d967aa45ad72d3f61e762dea9d04b31817d97383e8a9f40e2,trec_covid,rq,token,0,q16_d64,1.2,0.75,,0.0920032938032968,-0.017275318376730027,0.10925867027201251,1.9941908014317264e-05
10be41018a7d0fdd59817540c9909456b4311814e2f10181452e7747d833ee96,trec_covid,rq,token,0,q32_d128,1.2,0.75,,0.14272359776891352,-0.03068914559106576,0.16911328135658682,0.0042994620033924465
355a78886e404cfe604864e092fbd5a70815fc46ee5de4cc2588be783b68031e,trec_covid,rq,token,0,q64_d256,1.2,0.75,,0.17789755720812317,-0.035014618129804456,0.20967057202561593,0.0032416033123116687
d1c1feca27a535e77c9cf86009850e1462fb2d9b5c6023f03ab59721ff4e1806,trec_covid,sae,pooled,0,q16_d64,1.2,0.75,,0.06642967366044425,0.01651064952363425,0.01619767509059821,0.03372134904621179
68e67517e790d3093dd0fd6ac4c45ca36f23697cceb84708122383ef990fd3c7,trec_covid,sae,pooled,0,q32_d128,1.2,0.75,,0.06834169895844722,0.02363072336796282,0.012299462173446615,0.032411513417037775
32765b3bc202a81e34313be9e27f609918036e221588e33688952091440c65b9,trec_covid,sae,pooled,0,q64_d256,1.2,0.75,,0.06834169895844722,0.02363072336796282,0.012299462173446615,0.032411513417037775
68d6dbaf2a64423378b148f14a0cba5c90f6a4fc2a41ee299f6fa8f42bea9525,trec_covid,sae,token,0,q16_d64,1.2,0.75,,0.06651133182528829,-0.01416212104982687,0.04885150643307943,0.03182194644203572
049e4d1eaada0d6ec57bdf36db45f493e677a5801a64928ce018a730061c6865,trec_covid,sae,token,0,q32_d128,1.2,0.75,,0.13636086398347907,-0.006167915983181114,0.09691270969960271,0.045616070267057454
7100b7f26c8cc605895818b03cce7545f5cbf856d27a7280c89ff3d63c0964d3,trec_covid,sae,token,0,q64_d256,1.2,0.75,,0.20746417093748631,-0.000693456286547876,0.14905781063211582,0.059099816591918375
905b13a55a582ed177a35469228c381a7c0d9d2bd28a5bcefcb83eecbc801262,trec_covid,sae_shared,pooled,0,q32_d128,1.2,0.75,shared_dictionary,0.13911185823318795,0.0034174009655575655,0.06567933343713567,0.07001512383049471
f95223e42d584580d730b85e9be4f4305b208c01e371739a6fe66dbb201290d2,trec_covid,sae_shared,token,0,q32_d128,1.2,0.75,shared_dictionary,0.13636086398347907,-0.006167915983181114,0.09691270969960271,0.045616070267057454
